regulator,target,mean_predicted_delta_log_expression,mean_predicted_baseline_log_expression,n_da_fap_cells,effect_type
PPARG,ABI3BP,0.00019549479134330232,1.3270707183259902,3511,grn_regression_prediction
PPARG,ABL2,-5.049969031179453e-05,0.7871895942696501,3511,grn_regression_prediction
PPARG,ACTA2,-0.0002738012432074788,0.3469903672120604,3511,grn_regression_prediction
PPARG,ADAMTS4,-0.0010558364783759607,0.38501361144338125,3511,grn_regression_prediction
PPARG,ASPN,0.004506167753107648,0.787387464696282,3511,grn_regression_prediction
PPARG,B2M,3.337894346130139e-05,3.7486179444151326,3511,grn_regression_prediction
PPARG,BHLHE40,6.0081412157615406e-05,0.6803289454569699,3511,grn_regression_prediction
PPARG,CCDC80,0.0008643602768461031,2.389059139752932,3511,grn_regression_prediction
PPARG,CCL2,-0.0001720447214503975,1.3309328949259225,3511,grn_regression_prediction
PPARG,CD36,-0.0002536339292295084,0.06417911862972783,3511,grn_regression_prediction
PPARG,CEBPA,-0.005313239260626192,0.07747167955619647,3511,grn_regression_prediction
PPARG,CILP,0.0008776505605843254,1.7232247589825997,3511,grn_regression_prediction
PPARG,COL14A1,0.00035095586178712784,1.1718055545562678,3511,grn_regression_prediction
PPARG,COL15A1,-0.0012701679627664922,1.2728203241225007,3511,grn_regression_prediction
PPARG,COL1A1,0.0003398249183597523,2.0308785534719687,3511,grn_regression_prediction
PPARG,COL1A2,0.00023851988043703404,3.068407324393806,3511,grn_regression_prediction
PPARG,COL3A1,0.0007916752085061955,2.260080187370382,3511,grn_regression_prediction
PPARG,COL6A1,8.880632545541275e-06,2.755118283775866,3511,grn_regression_prediction
PPARG,COL6A2,6.356857885376807e-05,3.256437370436789,3511,grn_regression_prediction
PPARG,CRABP2,-5.984366902843107e-05,0.6013065937299805,3511,grn_regression_prediction
PPARG,CRIP1,0.0037161006230577876,0.8692841204617309,3511,grn_regression_prediction
PPARG,CST3,9.460979350300777e-05,3.817588379187304,3511,grn_regression_prediction
PPARG,CTHRC1,0.001245164770919033,0.516304488449469,3511,grn_regression_prediction
PPARG,CXCL12,-0.007579270890154923,1.8913219138802022,3511,grn_regression_prediction
PPARG,CXCL14,-0.0050559968063944105,1.7503365456157385,3511,grn_regression_prediction
PPARG,CXCL2,-0.0005012197912621524,0.7765720689464484,3511,grn_regression_prediction
PPARG,DCN,0.00010627368845022626,4.657571546917606,3511,grn_regression_prediction
PPARG,DPT,4.5879002797341086e-05,2.4844708697402766,3511,grn_regression_prediction
PPARG,EIF1,3.0333697354972923e-06,3.5538847893947216,3511,grn_regression_prediction
PPARG,ELN,0.0012407662932880205,0.9280504829175651,3511,grn_regression_prediction
PPARG,EMP1,-0.0003667805572532609,1.9416528421102945,3511,grn_regression_prediction
PPARG,FABP4,-0.0005588759933327485,0.0830012620439672,3511,grn_regression_prediction
PPARG,FN1,0.0026772506470915565,2.1419637139707555,3511,grn_regression_prediction
PPARG,FOS,7.015527575280879e-05,2.595506288706375,3511,grn_regression_prediction
PPARG,FOSB,3.726573888492769e-05,1.3722394392527941,3511,grn_regression_prediction
PPARG,FOXO1,-0.004343753997345392,0.6682540583499361,3511,grn_regression_prediction
PPARG,FOXO3,-0.002968895389619897,1.2735886280940487,3511,grn_regression_prediction
PPARG,GADD45B,-8.042002397228411e-05,2.2277772305289854,3511,grn_regression_prediction
PPARG,GEM,-0.0004077650150256006,0.5990427576831885,3511,grn_regression_prediction
PPARG,GPRC5A,0.00033065259081059616,0.6280824544511414,3511,grn_regression_prediction
PPARG,GSN,4.407885583039866e-05,4.292037680014626,3511,grn_regression_prediction
PPARG,HAS1,0.0005172367627945128,0.5306449130860874,3511,grn_regression_prediction
PPARG,HIF1A,-0.0018225090230603543,0.4212594283691042,3511,grn_regression_prediction
PPARG,HSPG2,-0.00013412769664558947,1.6767568740071912,3511,grn_regression_prediction
PPARG,ICAM1,-0.00010293338836432185,0.49651674085613756,3511,grn_regression_prediction
PPARG,IER3,-7.283874446047585e-05,1.0909652062174227,3511,grn_regression_prediction
PPARG,IGF2,-4.966471993238376e-05,0.5517302824940203,3511,grn_regression_prediction
PPARG,IL6,-0.0007321290763079223,0.5333962678225675,3511,grn_regression_prediction
PPARG,IRF1,4.8846452633004556e-05,1.1391736619219361,3511,grn_regression_prediction
PPARG,JUN,-0.00026597045506695187,2.655053749494969,3511,grn_regression_prediction
PPARG,JUNB,2.7621395382487518e-05,2.642770043921625,3511,grn_regression_prediction
PPARG,JUND,-2.8920875706039615e-05,1.9798615336094656,3511,grn_regression_prediction
PPARG,KDM6B,-0.0002144355369181162,0.5774021016331217,3511,grn_regression_prediction
PPARG,KLF4,0.0003090943294867064,1.3980649142249422,3511,grn_regression_prediction
PPARG,KLF5,-0.0015194348818585034,0.1522004537194626,3511,grn_regression_prediction
PPARG,LGALS1,0.000749706332925671,3.3088697758237844,3511,grn_regression_prediction
PPARG,LMNA,0.0005262285926747472,2.266725422058164,3511,grn_regression_prediction
PPARG,LOX,0.0001748228895085943,0.4615704056274941,3511,grn_regression_prediction
PPARG,LPL,-0.0029676753176039405,0.0591481386567459,3511,grn_regression_prediction
PPARG,LUM,0.0002979405134356186,2.730449775055442,3511,grn_regression_prediction
PPARG,MGP,-7.597903288671668e-05,3.737511773450317,3511,grn_regression_prediction
PPARG,MMP14,-0.001933669512946941,0.8739159726548201,3511,grn_regression_prediction
PPARG,MMP2,-2.697191325435314e-05,2.447638707492677,3511,grn_regression_prediction
PPARG,MT-ATP6,-1.7921906695185626e-06,4.0235800904845,3511,grn_regression_prediction
PPARG,MT-CO1,-1.229522888931836e-06,3.9568799511524415,3511,grn_regression_prediction
PPARG,MT-CO2,3.8011427558491443e-06,3.98329321165335,3511,grn_regression_prediction
PPARG,MT-CYB,1.4045160849922593e-05,4.034005523220408,3511,grn_regression_prediction
PPARG,MT-ND1,1.717198406624998e-05,3.7595417072399866,3511,grn_regression_prediction
PPARG,MT-ND3,-3.613861011229769e-07,3.8442123457713024,3511,grn_regression_prediction
PPARG,MT-ND4,3.6520513445284766e-05,4.0733362118219585,3511,grn_regression_prediction
PPARG,MT2A,-0.00012333358693249083,3.0933700635215944,3511,grn_regression_prediction
PPARG,MXRA5,-0.0007820501467218857,0.32517631897068133,3511,grn_regression_prediction
PPARG,NAMPT,-0.0017063216947220197,1.100372040688185,3511,grn_regression_prediction
PPARG,NEAT1,0.00017274309213752032,3.496903088689288,3511,grn_regression_prediction
PPARG,OGN,0.00033612588653161813,1.1812035041619755,3511,grn_regression_prediction
PPARG,PLAU,-0.000259382335307922,0.8995059350935289,3511,grn_regression_prediction
PPARG,PLAUR,0.00012066265522239074,0.6361275833421668,3511,grn_regression_prediction
PPARG,POSTN,-9.732958205716642e-05,0.07725119068763647,3511,grn_regression_prediction
PPARG,PPARG,-0.07496330887079239,0.07496330887079239,3511,direct_knockdown
PPARG,PRSS23,0.0012815582009374977,0.5507501152317121,3511,grn_regression_prediction
PPARG,RGCC,-0.0002963881540754837,0.48280380665096895,3511,grn_regression_prediction
PPARG,RPL13,2.3682881351854842e-06,3.898562718306503,3511,grn_regression_prediction
PPARG,RPL21,6.455804849805121e-06,3.6437456056589372,3511,grn_regression_prediction
PPARG,RPL41,1.3663874083668499e-05,3.7727694358486814,3511,grn_regression_prediction
PPARG,RUNX1,-3.0408449337771206e-07,0.4009579294484707,3511,grn_regression_prediction
PPARG,RUNX2,-0.0003084784802117041,0.07547310391439782,3511,grn_regression_prediction
PPARG,S100A10,0.0006098781416543415,3.2864546744817242,3511,grn_regression_prediction
PPARG,S100A4,0.0009406417408910746,3.4343516825191482,3511,grn_regression_prediction
PPARG,SFRP2,-4.345191171408733e-05,1.0391034652934348,3511,grn_regression_prediction
PPARG,SFRP4,0.002446335210778181,1.3553016326118774,3511,grn_regression_prediction
PPARG,SMAD3,-0.00021365824716646718,0.5723380460604535,3511,grn_regression_prediction
PPARG,SOCS3,8.656132652953544e-06,1.7478125631729386,3511,grn_regression_prediction
PPARG,SPARC,0.00011624663106066843,2.0506053392896093,3511,grn_regression_prediction
PPARG,SPP1,1.8530048530752017e-07,0.004237123452887762,3511,grn_regression_prediction
PPARG,STAT3,-0.0001404381306781856,1.2415762700082627,3511,grn_regression_prediction
PPARG,TEAD1,-0.002711509450917513,0.41302701279481324,3511,grn_regression_prediction
PPARG,THBS2,-0.0001591201813669819,0.633925367723459,3511,grn_regression_prediction
PPARG,THY1,0.0006777833185297262,0.5512183416768301,3511,grn_regression_prediction
PPARG,TIMP1,0.0002606205880721118,2.6767164784340234,3511,grn_regression_prediction
PPARG,TMSB10,5.479130119979837e-06,3.4531681847617604,3511,grn_regression_prediction
PPARG,TMSB4X,6.204477327275612e-05,3.8536348371499285,3511,grn_regression_prediction
PPARG,TNC,-0.00021766507069873368,0.18763057285969734,3511,grn_regression_prediction
PPARG,TNFAIP6,-0.0002363903900791446,1.0689765964360216,3511,grn_regression_prediction
PPARG,TNFRSF12A,0.00018664661989474974,0.4029267355074711,3511,grn_regression_prediction
PPARG,TNXB,0.0012693305695787994,2.2828972803583683,3511,grn_regression_prediction
PPARG,TPM2,-0.0034077939037758264,0.5161693238132451,3511,grn_regression_prediction
PPARG,VCAM1,-0.0019352875284434274,0.22171610932544358,3511,grn_regression_prediction
PPARG,WWTR1,-0.0012926952804514663,0.528580161618155,3511,grn_regression_prediction
PPARG,YAP1,-0.00025787317697291857,0.3773965759282832,3511,grn_regression_prediction
PPARG,ZFP36,5.156361596822976e-05,2.453864426708845,3511,grn_regression_prediction
SMAD3,ABI3BP,-0.02235643378903577,1.3270707183259902,3511,grn_regression_prediction
SMAD3,ABL2,-0.02731565738181831,0.7871895942696501,3511,grn_regression_prediction
SMAD3,ACTA2,-0.024203727978793877,0.3469903672120604,3511,grn_regression_prediction
SMAD3,ADAMTS4,0.004972799000299647,0.38501361144338125,3511,grn_regression_prediction
SMAD3,ASPN,0.0026677977281238984,0.787387464696282,3511,grn_regression_prediction
SMAD3,B2M,0.007623100143710725,3.748617944415132,3511,grn_regression_prediction
SMAD3,BHLHE40,-0.014034747591791071,0.6803289454569698,3511,grn_regression_prediction
SMAD3,CCDC80,-0.00854030413064584,2.389059139752932,3511,grn_regression_prediction
SMAD3,CCL2,0.02060915326722907,1.3309328949259225,3511,grn_regression_prediction
SMAD3,CD36,0.0007602221712043353,0.06417911862972783,3511,grn_regression_prediction
SMAD3,CEBPA,-0.00031837678671765417,0.07747167955619647,3511,grn_regression_prediction
SMAD3,CILP,-0.002451686889979851,1.7232247589825997,3511,grn_regression_prediction
SMAD3,COL14A1,-0.0012628137247055226,1.1718055545562678,3511,grn_regression_prediction
SMAD3,COL15A1,0.01185584659350207,1.2728203241225007,3511,grn_regression_prediction
SMAD3,COL1A1,0.0027369434152540195,2.0308785534719687,3511,grn_regression_prediction
SMAD3,COL1A2,0.0022828716974490765,3.068407324393806,3511,grn_regression_prediction
SMAD3,COL3A1,-0.006822303336694194,2.2600801873703826,3511,grn_regression_prediction
SMAD3,COL6A1,-0.01179247093111073,2.755118283775866,3511,grn_regression_prediction
SMAD3,COL6A2,0.002214268745355398,3.256437370436789,3511,grn_regression_prediction
SMAD3,CRABP2,-0.00010948118513772621,0.6013065937299805,3511,grn_regression_prediction
SMAD3,CRIP1,-0.02871653060614184,0.8692841204617308,3511,grn_regression_prediction
SMAD3,CST3,0.004078916897347403,3.8175883791873044,3511,grn_regression_prediction
SMAD3,CTHRC1,-0.0037262491240496903,0.516304488449469,3511,grn_regression_prediction
SMAD3,CXCL12,0.017748285520268487,1.8913219138802022,3511,grn_regression_prediction
SMAD3,CXCL14,0.07705881346564813,1.7503365456157387,3511,grn_regression_prediction
SMAD3,CXCL2,0.01703461291679422,0.7765720689464484,3511,grn_regression_prediction
SMAD3,DCN,0.01331283081649687,4.657571546917606,3511,grn_regression_prediction
SMAD3,DPT,0.008992313032151058,2.4844708697402766,3511,grn_regression_prediction
SMAD3,EIF1,0.014817420385919917,3.5538847893947216,3511,grn_regression_prediction
SMAD3,ELN,-0.039952091854139185,0.9280504829175651,3511,grn_regression_prediction
SMAD3,EMP1,-0.004718457887552514,1.9416528421102945,3511,grn_regression_prediction
SMAD3,FABP4,0.0031302068304252515,0.08300126204396718,3511,grn_regression_prediction
SMAD3,FN1,-0.03758060138816929,2.1419637139707555,3511,grn_regression_prediction
SMAD3,FOS,0.004263603911040779,2.595506288706375,3511,grn_regression_prediction
SMAD3,FOSB,0.011624144339562556,1.3722394392527941,3511,grn_regression_prediction
SMAD3,FOXO1,-0.04587420043786448,0.6682540583499361,3511,grn_regression_prediction
SMAD3,FOXO3,-0.016989655099365036,1.2735886280940487,3511,grn_regression_prediction
SMAD3,GADD45B,-0.008581714357670498,2.2277772305289854,3511,grn_regression_prediction
SMAD3,GEM,0.005448198490693668,0.5990427576831885,3511,grn_regression_prediction
SMAD3,GPRC5A,-0.013917433969734163,0.6280824544511414,3511,grn_regression_prediction
SMAD3,GSN,0.010250821426477414,4.292037680014626,3511,grn_regression_prediction
SMAD3,HAS1,-0.005898158547593818,0.5306449130860875,3511,grn_regression_prediction
SMAD3,HIF1A,-0.018963355436957353,0.4212594283691042,3511,grn_regression_prediction
SMAD3,HSPG2,-0.030349690793257694,1.6767568740071912,3511,grn_regression_prediction
SMAD3,ICAM1,0.01016518344245426,0.49651674085613756,3511,grn_regression_prediction
SMAD3,IER3,-0.01354546350710735,1.0909652062174227,3511,grn_regression_prediction
SMAD3,IGF2,0.015261945379770986,0.5517302824940203,3511,grn_regression_prediction
SMAD3,IL6,0.004715403539366496,0.5333962678225675,3511,grn_regression_prediction
SMAD3,IRF1,0.00024110967164305184,1.1391736619219361,3511,grn_regression_prediction
SMAD3,JUN,-0.007919840191749841,2.655053749494969,3511,grn_regression_prediction
SMAD3,JUNB,0.004182116392520442,2.642770043921625,3511,grn_regression_prediction
SMAD3,JUND,-0.013129566674273596,1.9798615336094656,3511,grn_regression_prediction
SMAD3,KDM6B,-0.00013932826406341534,0.5774021016331217,3511,grn_regression_prediction
SMAD3,KLF4,-0.033296735985766004,1.3980649142249422,3511,grn_regression_prediction
SMAD3,KLF5,0.0036694099773542156,0.1522004537194626,3511,grn_regression_prediction
SMAD3,LGALS1,0.006849018736105858,3.3088697758237844,3511,grn_regression_prediction
SMAD3,LMNA,-0.010677291785343202,2.266725422058164,3511,grn_regression_prediction
SMAD3,LOX,-0.0424223680161399,0.4615704056274941,3511,grn_regression_prediction
SMAD3,LPL,0.0032152765523922435,0.0591481386567459,3511,grn_regression_prediction
SMAD3,LUM,0.02572098529884274,2.730449775055442,3511,grn_regression_prediction
SMAD3,MGP,0.009351682026395516,3.737511773450317,3511,grn_regression_prediction
SMAD3,MMP14,-0.019086746881202193,0.8739159726548201,3511,grn_regression_prediction
SMAD3,MMP2,-0.024129172082860972,2.447638707492677,3511,grn_regression_prediction
SMAD3,MT-ATP6,0.001405984134824309,4.0235800904845,3511,grn_regression_prediction
SMAD3,MT-CO1,0.0045722764962441605,3.956879951152441,3511,grn_regression_prediction
SMAD3,MT-CO2,0.0019567544032688977,3.98329321165335,3511,grn_regression_prediction
SMAD3,MT-CYB,0.004577170959389587,4.034005523220408,3511,grn_regression_prediction
SMAD3,MT-ND1,0.010867711210251577,3.7595417072399866,3511,grn_regression_prediction
SMAD3,MT-ND3,0.0017229943927716956,3.8442123457713024,3511,grn_regression_prediction
SMAD3,MT-ND4,0.009000462196671197,4.0733362118219585,3511,grn_regression_prediction
SMAD3,MT2A,0.0030137916334642572,3.0933700635215944,3511,grn_regression_prediction
SMAD3,MXRA5,8.225373698894855e-05,0.32517631897068133,3511,grn_regression_prediction
SMAD3,NAMPT,-0.00608846172796166,1.100372040688185,3511,grn_regression_prediction
SMAD3,NEAT1,-0.010220920048155616,3.4969030886892885,3511,grn_regression_prediction
SMAD3,OGN,0.013517943123574077,1.1812035041619755,3511,grn_regression_prediction
SMAD3,PLAU,0.000991551833106927,0.8995059350935289,3511,grn_regression_prediction
SMAD3,PLAUR,-0.0013261048392313771,0.6361275833421668,3511,grn_regression_prediction
SMAD3,POSTN,0.0023647053454934554,0.07725119068763647,3511,grn_regression_prediction
SMAD3,PPARG,-0.0010451891844204233,0.07946789932159865,3511,grn_regression_prediction
SMAD3,PRSS23,-0.019672999722715856,0.5507501152317121,3511,grn_regression_prediction
SMAD3,RGCC,0.005466834736264628,0.48280380665096895,3511,grn_regression_prediction
SMAD3,RPL13,0.011467691312445159,3.898562718306503,3511,grn_regression_prediction
SMAD3,RPL21,0.010113992224674307,3.6437456056589372,3511,grn_regression_prediction
SMAD3,RPL41,0.008875658822099976,3.7727694358486814,3511,grn_regression_prediction
SMAD3,RUNX1,-0.013438650383833132,0.4009579294484707,3511,grn_regression_prediction
SMAD3,RUNX2,0.0007642625778176008,0.07547310391439782,3511,grn_regression_prediction
SMAD3,S100A10,-0.007119269252313237,3.2864546744817233,3511,grn_regression_prediction
SMAD3,S100A4,-0.0005750904055695919,3.4343516825191482,3511,grn_regression_prediction
SMAD3,SFRP2,0.015040918437818587,1.0391034652934348,3511,grn_regression_prediction
SMAD3,SFRP4,0.014510093109135565,1.3553016326118772,3511,grn_regression_prediction
SMAD3,SMAD3,-0.5074076056480408,0.5074076056480408,3511,direct_knockdown
SMAD3,SOCS3,-0.0009574432851638853,1.7478125631729386,3511,grn_regression_prediction
SMAD3,SPARC,-0.008780675068658431,2.0506053392896093,3511,grn_regression_prediction
SMAD3,SPP1,0.0002350532008899489,0.004237123452887762,3511,grn_regression_prediction
SMAD3,STAT3,-0.027912021029403867,1.2415762700082627,3511,grn_regression_prediction
SMAD3,TEAD1,-0.043841654731729525,0.41302701279481324,3511,grn_regression_prediction
SMAD3,THBS2,-0.06448066530853462,0.6339253677234589,3511,grn_regression_prediction
SMAD3,THY1,-0.0045473652335512255,0.5512183416768301,3511,grn_regression_prediction
SMAD3,TIMP1,-0.003215170816428003,2.6767164784340234,3511,grn_regression_prediction
SMAD3,TMSB10,0.004387081126034443,3.4531681847617604,3511,grn_regression_prediction
SMAD3,TMSB4X,0.01066691378664678,3.8536348371499285,3511,grn_regression_prediction
SMAD3,TNC,0.006057922655389246,0.18763057285969734,3511,grn_regression_prediction
SMAD3,TNFAIP6,0.006467997921200235,1.0689765964360218,3511,grn_regression_prediction
SMAD3,TNFRSF12A,9.414599219217295e-05,0.4029267355074711,3511,grn_regression_prediction
SMAD3,TNXB,-0.05370731164584856,2.2828972803583683,3511,grn_regression_prediction
SMAD3,TPM2,0.003932784801893745,0.5161693238132451,3511,grn_regression_prediction
SMAD3,VCAM1,0.005172380006243041,0.22171610932544358,3511,grn_regression_prediction
SMAD3,WWTR1,-0.015612836566735244,0.528580161618155,3511,grn_regression_prediction
SMAD3,YAP1,-0.01940273070720567,0.37739657592828313,3511,grn_regression_prediction
SMAD3,ZFP36,-0.0008009911588577247,2.453864426708845,3511,grn_regression_prediction
STAT3,ABI3BP,-0.021450336937090416,1.3270707183259902,3511,grn_regression_prediction
STAT3,ABL2,-0.0536363138924276,0.7871895942696501,3511,grn_regression_prediction
STAT3,ACTA2,-0.026399080928852323,0.3469903672120603,3511,grn_regression_prediction
STAT3,ADAMTS4,-0.04503104003318985,0.38501361144338125,3511,grn_regression_prediction
STAT3,ASPN,0.0038093323058147267,0.787387464696282,3511,grn_regression_prediction
STAT3,B2M,0.03232467613230319,3.7486179444151326,3511,grn_regression_prediction
STAT3,BHLHE40,-0.10447174026869709,0.6803289454569699,3511,grn_regression_prediction
STAT3,CCDC80,0.013576140453924598,2.389059139752932,3511,grn_regression_prediction
STAT3,CCL2,-0.04032657908508532,1.3309328949259225,3511,grn_regression_prediction
STAT3,CD36,0.0006659705337210252,0.06417911862972783,3511,grn_regression_prediction
STAT3,CEBPA,-0.00609576863284891,0.07747167955619647,3511,grn_regression_prediction
STAT3,CILP,-0.006618034671666911,1.7232247589825997,3511,grn_regression_prediction
STAT3,COL14A1,-0.012940468838124886,1.1718055545562678,3511,grn_regression_prediction
STAT3,COL15A1,0.005171140125529721,1.2728203241225007,3511,grn_regression_prediction
STAT3,COL1A1,0.03748739716749013,2.0308785534719687,3511,grn_regression_prediction
STAT3,COL1A2,0.05958144842835221,3.0684073243938066,3511,grn_regression_prediction
STAT3,COL3A1,0.0633867405693468,2.260080187370382,3511,grn_regression_prediction
STAT3,COL6A1,0.005110818747855351,2.7551182837758654,3511,grn_regression_prediction
STAT3,COL6A2,0.03078602471130112,3.256437370436789,3511,grn_regression_prediction
STAT3,CRABP2,0.011993509552817413,0.6013065937299805,3511,grn_regression_prediction
STAT3,CRIP1,0.015321586492929765,0.8692841204617309,3511,grn_regression_prediction
STAT3,CST3,0.05929446477868769,3.817588379187304,3511,grn_regression_prediction
STAT3,CTHRC1,0.0014196383744590438,0.516304488449469,3511,grn_regression_prediction
STAT3,CXCL12,-0.036216410636406446,1.8913219138802022,3511,grn_regression_prediction
STAT3,CXCL14,0.0031140521025820487,1.7503365456157385,3511,grn_regression_prediction
STAT3,CXCL2,-0.011784149819868982,0.7765720689464484,3511,grn_regression_prediction
STAT3,DCN,0.09971979913472298,4.657571546917606,3511,grn_regression_prediction
STAT3,DPT,0.029004109099624704,2.4844708697402766,3511,grn_regression_prediction
STAT3,EIF1,0.003473067803654853,3.5538847893947216,3511,grn_regression_prediction
STAT3,ELN,-0.03175660998401416,0.9280504829175651,3511,grn_regression_prediction
STAT3,EMP1,-0.04221660268914699,1.9416528421102945,3511,grn_regression_prediction
STAT3,FABP4,-0.0009639400200361348,0.08300126204396718,3511,grn_regression_prediction
STAT3,FN1,0.019320019601755795,2.1419637139707555,3511,grn_regression_prediction
STAT3,FOS,-0.07960541888414296,2.595506288706376,3511,grn_regression_prediction
STAT3,FOSB,-0.0028249890008418613,1.3722394392527941,3511,grn_regression_prediction
STAT3,FOXO1,-0.05561241159799936,0.6682540583499361,3511,grn_regression_prediction
STAT3,FOXO3,-0.11119302242760372,1.2735886280940487,3511,grn_regression_prediction
STAT3,GADD45B,-0.16647732249460287,2.2277772305289854,3511,grn_regression_prediction
STAT3,GEM,-0.057128999601880795,0.5990427576831885,3511,grn_regression_prediction
STAT3,GPRC5A,-0.030656291058015563,0.6280824544511414,3511,grn_regression_prediction
STAT3,GSN,0.08288245686902494,4.292037680014626,3511,grn_regression_prediction
STAT3,HAS1,-0.04926200577148894,0.5306449130860874,3511,grn_regression_prediction
STAT3,HIF1A,-0.04490796892153646,0.4212594283691042,3511,grn_regression_prediction
STAT3,HSPG2,-0.04933309031540942,1.6767568740071912,3511,grn_regression_prediction
STAT3,ICAM1,-0.04639911363131895,0.49651674085613756,3511,grn_regression_prediction
STAT3,IER3,-0.046927960413858084,1.0909652062174227,3511,grn_regression_prediction
STAT3,IGF2,0.04714107583995253,0.5517302824940203,3511,grn_regression_prediction
STAT3,IL6,-0.010539882675788093,0.5333962678225674,3511,grn_regression_prediction
STAT3,IRF1,-0.072423381963024,1.1391736619219361,3511,grn_regression_prediction
STAT3,JUN,-0.030913391464270745,2.6550537494949693,3511,grn_regression_prediction
STAT3,JUNB,-0.10905385769658005,2.642770043921625,3511,grn_regression_prediction
STAT3,JUND,-0.060043391358793725,1.9798615336094656,3511,grn_regression_prediction
STAT3,KDM6B,-0.04521256021057039,0.5774021016331217,3511,grn_regression_prediction
STAT3,KLF4,-0.027696853384896747,1.3980649142249422,3511,grn_regression_prediction
STAT3,KLF5,-0.015360222168266675,0.1522004537194626,3511,grn_regression_prediction
STAT3,LGALS1,0.03281659638715147,3.3088697758237844,3511,grn_regression_prediction
STAT3,LMNA,0.012411203834607793,2.266725422058164,3511,grn_regression_prediction
STAT3,LOX,-0.008316451220923565,0.4615704056274941,3511,grn_regression_prediction
STAT3,LPL,-0.005882633239699619,0.0591481386567459,3511,grn_regression_prediction
STAT3,LUM,0.0036538974569593416,2.730449775055442,3511,grn_regression_prediction
STAT3,MGP,0.0221225891801883,3.737511773450317,3511,grn_regression_prediction
STAT3,MMP14,-0.018757564461134846,0.8739159726548201,3511,grn_regression_prediction
STAT3,MMP2,-0.08332384304155852,2.447638707492677,3511,grn_regression_prediction
STAT3,MT-ATP6,0.061363410194637875,4.0235800904845,3511,grn_regression_prediction
STAT3,MT-CO1,0.062035537727111796,3.9568799511524424,3511,grn_regression_prediction
STAT3,MT-CO2,0.06588329779612115,3.98329321165335,3511,grn_regression_prediction
STAT3,MT-CYB,0.07393354894958742,4.034005523220408,3511,grn_regression_prediction
STAT3,MT-ND1,0.053172268159959415,3.7595417072399866,3511,grn_regression_prediction
STAT3,MT-ND3,0.04499941768618739,3.8442123457713024,3511,grn_regression_prediction
STAT3,MT-ND4,0.08058805649720516,4.0733362118219585,3511,grn_regression_prediction
STAT3,MT2A,-0.08556868971351415,3.0933700635215944,3511,grn_regression_prediction
STAT3,MXRA5,-0.020517292691953022,0.32517631897068133,3511,grn_regression_prediction
STAT3,NAMPT,-0.21515466824203094,1.100372040688185,3511,grn_regression_prediction
STAT3,NEAT1,-0.017090861299422448,3.496903088689288,3511,grn_regression_prediction
STAT3,OGN,-0.008866493601455567,1.1812035041619755,3511,grn_regression_prediction
STAT3,PLAU,-0.0285204864380924,0.8995059350935289,3511,grn_regression_prediction
STAT3,PLAUR,-0.020635789204103284,0.6361275833421668,3511,grn_regression_prediction
STAT3,POSTN,0.0055365617028975776,0.07725119068763647,3511,grn_regression_prediction
STAT3,PPARG,-0.0048549591836490056,0.07946789932159865,3511,grn_regression_prediction
STAT3,PRSS23,0.01774473025519199,0.5507501152317121,3511,grn_regression_prediction
STAT3,RGCC,0.014035683519512563,0.48280380665096895,3511,grn_regression_prediction
STAT3,RPL13,0.027716393135829086,3.898562718306503,3511,grn_regression_prediction
STAT3,RPL21,0.007652356817317971,3.6437456056589372,3511,grn_regression_prediction
STAT3,RPL41,0.005850682558824474,3.772769435848681,3511,grn_regression_prediction
STAT3,RUNX1,-0.08336213506689132,0.40095792944847075,3511,grn_regression_prediction
STAT3,RUNX2,-0.0038100942209068917,0.07547310391439782,3511,grn_regression_prediction
STAT3,S100A10,0.0823191353259865,3.2864546744817233,3511,grn_regression_prediction
STAT3,S100A4,0.06957335032855021,3.4343516825191482,3511,grn_regression_prediction
STAT3,SFRP2,0.006169251815481762,1.0391034652934348,3511,grn_regression_prediction
STAT3,SFRP4,0.015734286494323083,1.3553016326118772,3511,grn_regression_prediction
STAT3,SMAD3,-0.06587610603638935,0.5723380460604535,3511,grn_regression_prediction
STAT3,SOCS3,-0.1381121076086219,1.7478125631729386,3511,grn_regression_prediction
STAT3,SPARC,0.0415802845531781,2.0506053392896093,3511,grn_regression_prediction
STAT3,SPP1,-0.00043653506082961066,0.004237123452887762,3511,grn_regression_prediction
STAT3,STAT3,-1.219941258430481,1.219941258430481,3511,direct_knockdown
STAT3,TEAD1,-0.01781052098541265,0.41302701279481324,3511,grn_regression_prediction
STAT3,THBS2,-0.05114195462406375,0.633925367723459,3511,grn_regression_prediction
STAT3,THY1,0.011300581926814815,0.5512183416768301,3511,grn_regression_prediction
STAT3,TIMP1,-0.0112835100215718,2.6767164784340234,3511,grn_regression_prediction
STAT3,TMSB10,0.018652664469023097,3.4531681847617604,3511,grn_regression_prediction
STAT3,TMSB4X,0.06949275514958411,3.8536348371499285,3511,grn_regression_prediction
STAT3,TNC,-0.011607374195934517,0.18763057285969734,3511,grn_regression_prediction
STAT3,TNFAIP6,-0.02629594234918057,1.0689765964360216,3511,grn_regression_prediction
STAT3,TNFRSF12A,-0.025748834626975223,0.4029267355074711,3511,grn_regression_prediction
STAT3,TNXB,0.030949322278581857,2.2828972803583683,3511,grn_regression_prediction
STAT3,TPM2,-0.013160207737731579,0.5161693238132451,3511,grn_regression_prediction
STAT3,VCAM1,-0.031287544497668254,0.22171610932544358,3511,grn_regression_prediction
STAT3,WWTR1,-0.07302670282921357,0.528580161618155,3511,grn_regression_prediction
STAT3,YAP1,-0.03601765192180639,0.3773965759282832,3511,grn_regression_prediction
STAT3,ZFP36,-0.10214110252035515,2.453864426708845,3511,grn_regression_prediction
CEBPA,ABI3BP,0.0005927014723391325,1.3270707183259902,3511,grn_regression_prediction
CEBPA,ABL2,0.0014832574057336261,0.7871895942696501,3511,grn_regression_prediction
CEBPA,ACTA2,-2.905535686886367e-05,0.34699036721206034,3511,grn_regression_prediction
CEBPA,ADAMTS4,-5.9124224824786993e-05,0.38501361144338125,3511,grn_regression_prediction
CEBPA,ASPN,0.0032073717646769907,0.787387464696282,3511,grn_regression_prediction
CEBPA,B2M,9.098691106141668e-05,3.7486179444151326,3511,grn_regression_prediction
CEBPA,BHLHE40,0.00030084922136122124,0.6803289454569699,3511,grn_regression_prediction
CEBPA,CCDC80,0.0009073384628603034,2.389059139752932,3511,grn_regression_prediction
CEBPA,CCL2,-0.000644426263479607,1.3309328949259225,3511,grn_regression_prediction
CEBPA,CD36,-0.0002883347442695619,0.06417911862972783,3511,grn_regression_prediction
CEBPA,CEBPA,-0.09565985947847366,0.09565985947847366,3511,direct_knockdown
CEBPA,CILP,-0.0012745055742225864,1.7232247589825997,3511,grn_regression_prediction
CEBPA,COL14A1,0.00038556438033960185,1.1718055545562678,3511,grn_regression_prediction
CEBPA,COL15A1,-0.01593985306151672,1.2728203241225007,3511,grn_regression_prediction
CEBPA,COL1A1,0.0001506659868215167,2.0308785534719687,3511,grn_regression_prediction
CEBPA,COL1A2,0.00024774751424515296,3.0684073243938066,3511,grn_regression_prediction
CEBPA,COL3A1,0.0004151172560642994,2.260080187370382,3511,grn_regression_prediction
CEBPA,COL6A1,0.00015957854744771895,2.755118283775866,3511,grn_regression_prediction
CEBPA,COL6A2,0.00019582327587793839,3.256437370436789,3511,grn_regression_prediction
CEBPA,CRABP2,-8.79096607203075e-05,0.6013065937299805,3511,grn_regression_prediction
CEBPA,CRIP1,0.0029862221549404873,0.8692841204617308,3511,grn_regression_prediction
CEBPA,CST3,0.0005826541791535718,3.817588379187304,3511,grn_regression_prediction
CEBPA,CTHRC1,0.00309232446209673,0.516304488449469,3511,grn_regression_prediction
CEBPA,CXCL12,-0.023183141648924096,1.8913219138802022,3511,grn_regression_prediction
CEBPA,CXCL14,-0.03766240043606601,1.7503365456157387,3511,grn_regression_prediction
CEBPA,CXCL2,0.0001491101033502755,0.7765720689464484,3511,grn_regression_prediction
CEBPA,DCN,1.9464368579639786e-05,4.657571546917606,3511,grn_regression_prediction
CEBPA,DPT,-0.00038067117166038324,2.4844708697402766,3511,grn_regression_prediction
CEBPA,EIF1,0.00015982344703800272,3.5538847893947216,3511,grn_regression_prediction
CEBPA,ELN,-7.766147133746063e-05,0.9280504829175651,3511,grn_regression_prediction
CEBPA,EMP1,-0.00012804758707776935,1.9416528421102945,3511,grn_regression_prediction
CEBPA,FABP4,-2.9006659410802996e-05,0.0830012620439672,3511,grn_regression_prediction
CEBPA,FN1,0.002133042732229549,2.1419637139707555,3511,grn_regression_prediction
CEBPA,FOS,-8.367584830000058e-05,2.595506288706376,3511,grn_regression_prediction
CEBPA,FOSB,-4.886577100948189e-05,1.3722394392527941,3511,grn_regression_prediction
CEBPA,FOXO1,-0.000265085724755229,0.6682540583499361,3511,grn_regression_prediction
CEBPA,FOXO3,-0.0001555579855614654,1.2735886280940487,3511,grn_regression_prediction
CEBPA,GADD45B,5.592913798838407e-05,2.2277772305289854,3511,grn_regression_prediction
CEBPA,GEM,-0.0007856391338038676,0.5990427576831885,3511,grn_regression_prediction
CEBPA,GPRC5A,0.00037572073203786627,0.6280824544511414,3511,grn_regression_prediction
CEBPA,GSN,4.472331184804444e-05,4.292037680014626,3511,grn_regression_prediction
CEBPA,HAS1,0.00033542855783276693,0.5306449130860874,3511,grn_regression_prediction
CEBPA,HIF1A,-0.00115033918097217,0.4212594283691042,3511,grn_regression_prediction
CEBPA,HSPG2,-0.00019998642411709803,1.6767568740071912,3511,grn_regression_prediction
CEBPA,ICAM1,-7.341707850121732e-06,0.49651674085613756,3511,grn_regression_prediction
CEBPA,IER3,0.0005424668352851906,1.0909652062174227,3511,grn_regression_prediction
CEBPA,IGF2,-0.0005847842426969288,0.5517302824940203,3511,grn_regression_prediction
CEBPA,IL6,-0.0003062697740709855,0.5333962678225675,3511,grn_regression_prediction
CEBPA,IRF1,-0.0009715443611165625,1.1391736619219364,3511,grn_regression_prediction
CEBPA,JUN,-7.275228177141596e-05,2.655053749494969,3511,grn_regression_prediction
CEBPA,JUNB,-9.88420813888535e-05,2.642770043921625,3511,grn_regression_prediction
CEBPA,JUND,-0.00037577195816428495,1.9798615336094656,3511,grn_regression_prediction
CEBPA,KDM6B,0.00043955969932442607,0.5774021016331217,3511,grn_regression_prediction
CEBPA,KLF4,-0.0005553771075546736,1.3980649142249422,3511,grn_regression_prediction
CEBPA,KLF5,-0.00046867083216866045,0.1522004537194626,3511,grn_regression_prediction
CEBPA,LGALS1,0.00028089968758718346,3.3088697758237844,3511,grn_regression_prediction
CEBPA,LMNA,8.518184395127401e-05,2.266725422058164,3511,grn_regression_prediction
CEBPA,LOX,-0.00015434322621933716,0.4615704056274941,3511,grn_regression_prediction
CEBPA,LPL,-0.0020100533077195074,0.0591481386567459,3511,grn_regression_prediction
CEBPA,LUM,-0.00010284097625746976,2.730449775055442,3511,grn_regression_prediction
CEBPA,MGP,-0.00012455913105252712,3.737511773450317,3511,grn_regression_prediction
CEBPA,MMP14,0.0007963649054139546,0.8739159726548201,3511,grn_regression_prediction
CEBPA,MMP2,0.00041142158220219474,2.447638707492677,3511,grn_regression_prediction
CEBPA,MT-ATP6,1.7948894506728486e-05,4.0235800904845,3511,grn_regression_prediction
CEBPA,MT-CO1,0.00013654937228246004,3.956879951152441,3511,grn_regression_prediction
CEBPA,MT-CO2,-2.633353617806214e-05,3.98329321165335,3511,grn_regression_prediction
CEBPA,MT-CYB,-2.313446761993643e-06,4.034005523220408,3511,grn_regression_prediction
CEBPA,MT-ND1,2.888424391285892e-05,3.7595417072399866,3511,grn_regression_prediction
CEBPA,MT-ND3,-2.4869153265795836e-05,3.8442123457713024,3511,grn_regression_prediction
CEBPA,MT-ND4,-1.2511467384203979e-05,4.0733362118219585,3511,grn_regression_prediction
CEBPA,MT2A,0.00010879039256553823,3.0933700635215944,3511,grn_regression_prediction
CEBPA,MXRA5,-0.0019458541928850227,0.32517631897068133,3511,grn_regression_prediction
CEBPA,NAMPT,-0.0006170593321055506,1.100372040688185,3511,grn_regression_prediction
CEBPA,NEAT1,-2.723262548844911e-05,3.496903088689288,3511,grn_regression_prediction
CEBPA,OGN,-1.988727910509007e-05,1.1812035041619755,3511,grn_regression_prediction
CEBPA,PLAU,7.766257552810437e-05,0.8995059350935289,3511,grn_regression_prediction
CEBPA,PLAUR,-0.00041230632070470366,0.6361275833421668,3511,grn_regression_prediction
CEBPA,POSTN,-3.5280525856427705e-05,0.07725119068763647,3511,grn_regression_prediction
CEBPA,PPARG,-0.0064805624579410475,0.07946789932159865,3511,grn_regression_prediction
CEBPA,PRSS23,0.0022288550233415783,0.5507501152317121,3511,grn_regression_prediction
CEBPA,RGCC,7.612513726982546e-06,0.48280380665096895,3511,grn_regression_prediction
CEBPA,RPL13,-0.0003149495813754216,3.898562718306503,3511,grn_regression_prediction
CEBPA,RPL21,-1.486599778605265e-05,3.6437456056589372,3511,grn_regression_prediction
CEBPA,RPL41,-9.07202746732045e-06,3.772769435848681,3511,grn_regression_prediction
CEBPA,RUNX1,0.0004960216752849256,0.40095792944847075,3511,grn_regression_prediction
CEBPA,RUNX2,-0.0034307574855213492,0.07547310391439782,3511,grn_regression_prediction
CEBPA,S100A10,0.001301616655074828,3.2864546744817242,3511,grn_regression_prediction
CEBPA,S100A4,0.00413607720338159,3.4343516825191482,3511,grn_regression_prediction
CEBPA,SFRP2,-0.0009396168501177034,1.0391034652934348,3511,grn_regression_prediction
CEBPA,SFRP4,0.0027770189332754834,1.3553016326118772,3511,grn_regression_prediction
CEBPA,SMAD3,-2.320015307854727e-06,0.5723380460604535,3511,grn_regression_prediction
CEBPA,SOCS3,-0.0001330791913580598,1.7478125631729386,3511,grn_regression_prediction
CEBPA,SPARC,5.29607783723165e-05,2.0506053392896093,3511,grn_regression_prediction
CEBPA,SPP1,-2.3407155988151874e-20,0.004237123452887762,3511,grn_regression_prediction
CEBPA,STAT3,-0.0002266126900103355,1.2415762700082627,3511,grn_regression_prediction
CEBPA,TEAD1,-0.0005093318720686888,0.4130270127948132,3511,grn_regression_prediction
CEBPA,THBS2,0.000174655288504614,0.633925367723459,3511,grn_regression_prediction
CEBPA,THY1,0.000539859634173436,0.5512183416768301,3511,grn_regression_prediction
CEBPA,TIMP1,0.0002815323021999382,2.6767164784340234,3511,grn_regression_prediction
CEBPA,TMSB10,0.0019021363157893162,3.4531681847617604,3511,grn_regression_prediction
CEBPA,TMSB4X,0.0031365998293333046,3.8536348371499285,3511,grn_regression_prediction
CEBPA,TNC,7.432324733482119e-05,0.18763057285969734,3511,grn_regression_prediction
CEBPA,TNFAIP6,-0.0008355640377847673,1.0689765964360216,3511,grn_regression_prediction
CEBPA,TNFRSF12A,0.00017910670422062474,0.4029267355074711,3511,grn_regression_prediction
CEBPA,TNXB,0.0036217860416049045,2.2828972803583683,3511,grn_regression_prediction
CEBPA,TPM2,-0.006800846822501441,0.5161693238132451,3511,grn_regression_prediction
CEBPA,VCAM1,-0.004013940716258078,0.22171610932544358,3511,grn_regression_prediction
CEBPA,WWTR1,-0.0005851784001582171,0.528580161618155,3511,grn_regression_prediction
CEBPA,YAP1,-0.0008792853918113014,0.3773965759282832,3511,grn_regression_prediction
CEBPA,ZFP36,-3.0965162619754955e-05,2.453864426708845,3511,grn_regression_prediction
JUN,ABI3BP,-0.03869068960158585,1.3270707183259902,3511,grn_regression_prediction
JUN,ABL2,0.0827759153312138,0.7871895942696501,3511,grn_regression_prediction
JUN,ACTA2,-0.07056822563768486,0.34699036721206034,3511,grn_regression_prediction
JUN,ADAMTS4,0.1369386711980611,0.38501361144338125,3511,grn_regression_prediction
JUN,ASPN,-0.002970074896383169,0.787387464696282,3511,grn_regression_prediction
JUN,B2M,0.017074079635258702,3.7486179444151326,3511,grn_regression_prediction
JUN,BHLHE40,-0.09586524386526672,0.6803289454569698,3511,grn_regression_prediction
JUN,CCDC80,-0.0412788399484168,2.389059139752932,3511,grn_regression_prediction
JUN,CCL2,0.1809039473870118,1.3309328949259225,3511,grn_regression_prediction
JUN,CD36,-0.004918611492320304,0.06417911862972783,3511,grn_regression_prediction
JUN,CEBPA,-0.009381703049821619,0.07747167955619647,3511,grn_regression_prediction
JUN,CILP,-0.20621733128686456,1.7232247589825997,3511,grn_regression_prediction
JUN,COL14A1,0.030432492375322275,1.1718055545562678,3511,grn_regression_prediction
JUN,COL15A1,-0.08668625339086913,1.2728203241225007,3511,grn_regression_prediction
JUN,COL1A1,0.02062681741394831,2.0308785534719687,3511,grn_regression_prediction
JUN,COL1A2,0.0008838652942859524,3.0684073243938066,3511,grn_regression_prediction
JUN,COL3A1,0.00473483027974633,2.260080187370382,3511,grn_regression_prediction
JUN,COL6A1,-0.07057982821204857,2.7551182837758654,3511,grn_regression_prediction
JUN,COL6A2,-0.02661135799465465,3.256437370436789,3511,grn_regression_prediction
JUN,CRABP2,0.0488494444914815,0.6013065937299805,3511,grn_regression_prediction
JUN,CRIP1,-0.019951380805759547,0.8692841204617308,3511,grn_regression_prediction
JUN,CST3,0.002038700161887521,3.8175883791873044,3511,grn_regression_prediction
JUN,CTHRC1,0.08024848156239951,0.516304488449469,3511,grn_regression_prediction
JUN,CXCL12,-0.0349702919586687,1.8913219138802022,3511,grn_regression_prediction
JUN,CXCL14,-0.0016013975974745994,1.7503365456157387,3511,grn_regression_prediction
JUN,CXCL2,0.03893784947113877,0.7765720689464484,3511,grn_regression_prediction
JUN,DCN,-0.0008316078800291802,4.657571546917606,3511,grn_regression_prediction
JUN,DPT,-0.08833158694047658,2.4844708697402766,3511,grn_regression_prediction
JUN,EIF1,0.015189415229222285,3.5538847893947216,3511,grn_regression_prediction
JUN,ELN,0.005774324921037066,0.9280504829175651,3511,grn_regression_prediction
JUN,EMP1,-0.042199705419479726,1.9416528421102945,3511,grn_regression_prediction
JUN,FABP4,-0.022338890734263317,0.0830012620439672,3511,grn_regression_prediction
JUN,FN1,-0.02532711946677725,2.1419637139707555,3511,grn_regression_prediction
JUN,FOS,-0.9343204035787913,2.595506288706375,3511,grn_regression_prediction
JUN,FOSB,-0.17739675563126892,1.3722394392527941,3511,grn_regression_prediction
JUN,FOXO1,-0.0484507429614817,0.6682540583499361,3511,grn_regression_prediction
JUN,FOXO3,-0.016565140890874366,1.2735886280940487,3511,grn_regression_prediction
JUN,GADD45B,-0.1929745190390177,2.2277772305289854,3511,grn_regression_prediction
JUN,GEM,-0.04814323600554804,0.5990427576831885,3511,grn_regression_prediction
JUN,GPRC5A,-0.013010953048208936,0.6280824544511414,3511,grn_regression_prediction
JUN,GSN,-0.025602222825119744,4.2920376800146265,3511,grn_regression_prediction
JUN,HAS1,0.150763678206305,0.5306449130860874,3511,grn_regression_prediction
JUN,HIF1A,0.02506993124614914,0.4212594283691042,3511,grn_regression_prediction
JUN,HSPG2,-0.029459359555390155,1.6767568740071912,3511,grn_regression_prediction
JUN,ICAM1,0.07712093746370595,0.49651674085613756,3511,grn_regression_prediction
JUN,IER3,-0.10785140168519401,1.0909652062174227,3511,grn_regression_prediction
JUN,IGF2,0.03827442717783925,0.5517302824940203,3511,grn_regression_prediction
JUN,IL6,0.23822254669415255,0.5333962678225675,3511,grn_regression_prediction
JUN,IRF1,-0.33959709656796777,1.1391736619219361,3511,grn_regression_prediction
JUN,JUN,-2.37628173828125,2.37628173828125,3511,direct_knockdown
JUN,JUNB,-0.14581157940566772,2.642770043921625,3511,grn_regression_prediction
JUN,JUND,-0.1900149279940234,1.9798615336094656,3511,grn_regression_prediction
JUN,KDM6B,0.11077462860346875,0.5774021016331217,3511,grn_regression_prediction
JUN,KLF4,-0.24114639745256505,1.3980649142249422,3511,grn_regression_prediction
JUN,KLF5,-0.00061180868708954,0.1522004537194626,3511,grn_regression_prediction
JUN,LGALS1,-0.0662047447812888,3.3088697758237844,3511,grn_regression_prediction
JUN,LMNA,-0.130935946956252,2.266725422058164,3511,grn_regression_prediction
JUN,LOX,0.00784386172003407,0.4615704056274941,3511,grn_regression_prediction
JUN,LPL,-0.003088893643715472,0.0591481386567459,3511,grn_regression_prediction
JUN,LUM,-0.06605862492307758,2.730449775055442,3511,grn_regression_prediction
JUN,MGP,-0.02488682770790912,3.737511773450317,3511,grn_regression_prediction
JUN,MMP14,-0.004565709351703156,0.8739159726548201,3511,grn_regression_prediction
JUN,MMP2,0.005952342798693203,2.447638707492677,3511,grn_regression_prediction
JUN,MT-ATP6,-0.06597693533899938,4.0235800904845,3511,grn_regression_prediction
JUN,MT-CO1,-0.024553579592844526,3.956879951152441,3511,grn_regression_prediction
JUN,MT-CO2,-0.04545909022409284,3.98329321165335,3511,grn_regression_prediction
JUN,MT-CYB,-0.058405529559108174,4.034005523220408,3511,grn_regression_prediction
JUN,MT-ND1,-0.048468251420209496,3.7595417072399866,3511,grn_regression_prediction
JUN,MT-ND3,-0.07075789835209916,3.8442123457713024,3511,grn_regression_prediction
JUN,MT-ND4,-0.030557590718935417,4.0733362118219585,3511,grn_regression_prediction
JUN,MT2A,0.4102665100775352,3.093370063521595,3511,grn_regression_prediction
JUN,MXRA5,0.01865340256849583,0.32517631897068133,3511,grn_regression_prediction
JUN,NAMPT,0.05497991409774144,1.100372040688185,3511,grn_regression_prediction
JUN,NEAT1,-0.01704971704341228,3.496903088689288,3511,grn_regression_prediction
JUN,OGN,-0.031962997128203836,1.1812035041619755,3511,grn_regression_prediction
JUN,PLAU,0.026731721824491163,0.899505935093529,3511,grn_regression_prediction
JUN,PLAUR,0.06610434735680716,0.6361275833421668,3511,grn_regression_prediction
JUN,POSTN,0.044350569139715926,0.07725119068763647,3511,grn_regression_prediction
JUN,PPARG,-0.008580157281222793,0.07946789932159865,3511,grn_regression_prediction
JUN,PRSS23,0.03562936919635616,0.5507501152317121,3511,grn_regression_prediction
JUN,RGCC,0.21073160364862092,0.48280380665096895,3511,grn_regression_prediction
JUN,RPL13,0.039323110724247205,3.898562718306503,3511,grn_regression_prediction
JUN,RPL21,0.07216512640104288,3.6437456056589372,3511,grn_regression_prediction
JUN,RPL41,0.09213241054694384,3.772769435848681,3511,grn_regression_prediction
JUN,RUNX1,0.09010686076869537,0.4009579294484707,3511,grn_regression_prediction
JUN,RUNX2,0.00032538570691813517,0.07547310391439782,3511,grn_regression_prediction
JUN,S100A10,-0.07659861256481343,3.2864546744817233,3511,grn_regression_prediction
JUN,S100A4,-0.09133311036203887,3.4343516825191482,3511,grn_regression_prediction
JUN,SFRP2,0.08242469179974968,1.0391034652934348,3511,grn_regression_prediction
JUN,SFRP4,0.06732934020295411,1.3553016326118772,3511,grn_regression_prediction
JUN,SMAD3,-0.0058617717695000305,0.5723380460604535,3511,grn_regression_prediction
JUN,SOCS3,-0.17169497735769762,1.7478125631729386,3511,grn_regression_prediction
JUN,SPARC,-0.0036309322473231085,2.0506053392896093,3511,grn_regression_prediction
JUN,SPP1,0.0024463075455155186,0.004237123452887762,3511,grn_regression_prediction
JUN,STAT3,-0.07247780790108221,1.2415762700082627,3511,grn_regression_prediction
JUN,TEAD1,-0.00615562908595079,0.41302701279481324,3511,grn_regression_prediction
JUN,THBS2,-0.004705792083327527,0.633925367723459,3511,grn_regression_prediction
JUN,THY1,0.044579382084074554,0.5512183416768301,3511,grn_regression_prediction
JUN,TIMP1,-0.006122872156392229,2.6767164784340234,3511,grn_regression_prediction
JUN,TMSB10,0.05742186926682091,3.4531681847617604,3511,grn_regression_prediction
JUN,TMSB4X,0.05878742436766826,3.8536348371499285,3511,grn_regression_prediction
JUN,TNC,0.03486791463097186,0.18763057285969734,3511,grn_regression_prediction
JUN,TNFAIP6,0.1103017401265614,1.0689765964360216,3511,grn_regression_prediction
JUN,TNFRSF12A,0.049617366405771864,0.40292673550747116,3511,grn_regression_prediction
JUN,TNXB,-0.07306379138590931,2.2828972803583683,3511,grn_regression_prediction
JUN,TPM2,0.010898280797036615,0.5161693238132451,3511,grn_regression_prediction
JUN,VCAM1,-0.0014235233033804437,0.22171610932544358,3511,grn_regression_prediction
JUN,WWTR1,0.0022402570038993737,0.528580161618155,3511,grn_regression_prediction
JUN,YAP1,-0.02617131482682878,0.3773965759282832,3511,grn_regression_prediction
JUN,ZFP36,-0.17144191985208915,2.453864426708845,3511,grn_regression_prediction
FOS,ABI3BP,0.008238343920391682,1.3270707183259904,3511,grn_regression_prediction
FOS,ABL2,-0.04434854613316733,0.7871895942696501,3511,grn_regression_prediction
FOS,ACTA2,-0.055760629766888475,0.34699036721206034,3511,grn_regression_prediction
FOS,ADAMTS4,-0.04447620080163668,0.38501361144338125,3511,grn_regression_prediction
FOS,ASPN,-0.027754395503344846,0.787387464696282,3511,grn_regression_prediction
FOS,B2M,-0.007928062651109638,3.7486179444151326,3511,grn_regression_prediction
FOS,BHLHE40,-0.22530260596162416,0.6803289454569699,3511,grn_regression_prediction
FOS,CCDC80,-0.09017006348487436,2.389059139752932,3511,grn_regression_prediction
FOS,CCL2,-0.2749370696262645,1.3309328949259225,3511,grn_regression_prediction
FOS,CD36,0.009577906244932429,0.06417911862972783,3511,grn_regression_prediction
FOS,CEBPA,-0.017659621775757757,0.07747167955619647,3511,grn_regression_prediction
FOS,CILP,0.0006483226945113908,1.7232247589825997,3511,grn_regression_prediction
FOS,COL14A1,-0.12630585574723086,1.1718055545562678,3511,grn_regression_prediction
FOS,COL15A1,-0.02388366380472555,1.2728203241225011,3511,grn_regression_prediction
FOS,COL1A1,-0.10403125112103785,2.0308785534719687,3511,grn_regression_prediction
FOS,COL1A2,-0.048977560404786936,3.068407324393806,3511,grn_regression_prediction
FOS,COL3A1,-0.017270472779601486,2.260080187370382,3511,grn_regression_prediction
FOS,COL6A1,-0.002709193472583736,2.755118283775866,3511,grn_regression_prediction
FOS,COL6A2,-0.035160867676688586,3.256437370436789,3511,grn_regression_prediction
FOS,CRABP2,-0.05930594604174609,0.6013065937299805,3511,grn_regression_prediction
FOS,CRIP1,0.06275938565606101,0.8692841204617309,3511,grn_regression_prediction
FOS,CST3,-0.06056235885267524,3.817588379187304,3511,grn_regression_prediction
FOS,CTHRC1,-0.05622918329438038,0.516304488449469,3511,grn_regression_prediction
FOS,CXCL12,-0.04033635622120195,1.8913219138802022,3511,grn_regression_prediction
FOS,CXCL14,-0.0729602428782229,1.7503365456157385,3511,grn_regression_prediction
FOS,CXCL2,-0.29643776876856087,0.7765720689464484,3511,grn_regression_prediction
FOS,DCN,-0.05010886269452889,4.657571546917606,3511,grn_regression_prediction
FOS,DPT,-0.12601341880519037,2.4844708697402766,3511,grn_regression_prediction
FOS,EIF1,-0.08221279351015794,3.5538847893947216,3511,grn_regression_prediction
FOS,ELN,0.02111862004058961,0.9280504829175651,3511,grn_regression_prediction
FOS,EMP1,-0.07495813418532926,1.9416528421102945,3511,grn_regression_prediction
FOS,FABP4,-0.01075546175400732,0.08300126204396718,3511,grn_regression_prediction
FOS,FN1,0.029907015822812244,2.1419637139707555,3511,grn_regression_prediction
FOS,FOS,-2.5394694805145264,2.5394694805145264,3511,direct_knockdown
FOS,FOSB,-0.8030430744093927,1.3722394392527941,3511,grn_regression_prediction
FOS,FOXO1,-0.0030215090658272303,0.6682540583499361,3511,grn_regression_prediction
FOS,FOXO3,0.013483289659524354,1.2735886280940487,3511,grn_regression_prediction
FOS,GADD45B,-0.4763157682698572,2.2277772305289854,3511,grn_regression_prediction
FOS,GEM,-0.12028905775822704,0.5990427576831885,3511,grn_regression_prediction
FOS,GPRC5A,-0.1702171169407581,0.6280824544511414,3511,grn_regression_prediction
FOS,GSN,-0.09943496096254127,4.292037680014626,3511,grn_regression_prediction
FOS,HAS1,-0.09236578520813256,0.5306449130860874,3511,grn_regression_prediction
FOS,HIF1A,0.025488554383970283,0.4212594283691042,3511,grn_regression_prediction
FOS,HSPG2,0.04105989012605779,1.6767568740071912,3511,grn_regression_prediction
FOS,ICAM1,-0.08643317917134535,0.49651674085613756,3511,grn_regression_prediction
FOS,IER3,-0.5057842536514271,1.0909652062174227,3511,grn_regression_prediction
FOS,IGF2,-0.12358338660923517,0.5517302824940203,3511,grn_regression_prediction
FOS,IL6,-0.14069101142589677,0.5333962678225675,3511,grn_regression_prediction
FOS,IRF1,-0.5234319364866166,1.1391736619219361,3511,grn_regression_prediction
FOS,JUN,-0.8625064105108353,2.6550537494949693,3511,grn_regression_prediction
FOS,JUNB,-0.8044998424544249,2.6427700439216255,3511,grn_regression_prediction
FOS,JUND,-0.3549640690623148,1.9798615336094654,3511,grn_regression_prediction
FOS,KDM6B,-0.038657039092241385,0.5774021016331217,3511,grn_regression_prediction
FOS,KLF4,-0.3845948803211149,1.3980649142249422,3511,grn_regression_prediction
FOS,KLF5,-0.035720276288345176,0.15220045371946256,3511,grn_regression_prediction
FOS,LGALS1,-0.09315149285080057,3.3088697758237844,3511,grn_regression_prediction
FOS,LMNA,-0.10073444482399609,2.266725422058164,3511,grn_regression_prediction
FOS,LOX,-0.011691503997568539,0.4615704056274941,3511,grn_regression_prediction
FOS,LPL,-9.062738516684297e-05,0.0591481386567459,3511,grn_regression_prediction
FOS,LUM,-0.2398052927719367,2.730449775055442,3511,grn_regression_prediction
FOS,MGP,-0.1397272143671297,3.737511773450317,3511,grn_regression_prediction
FOS,MMP14,0.02179796544765234,0.8739159726548201,3511,grn_regression_prediction
FOS,MMP2,-0.04367385416228174,2.447638707492677,3511,grn_regression_prediction
FOS,MT-ATP6,-0.23107855515846992,4.0235800904845,3511,grn_regression_prediction
FOS,MT-CO1,-0.18966306509516231,3.9568799511524424,3511,grn_regression_prediction
FOS,MT-CO2,-0.15708063648788345,3.98329321165335,3511,grn_regression_prediction
FOS,MT-CYB,-0.1880522283442391,4.034005523220408,3511,grn_regression_prediction
FOS,MT-ND1,-0.16670509474548306,3.7595417072399866,3511,grn_regression_prediction
FOS,MT-ND3,-0.20749152273259355,3.8442123457713024,3511,grn_regression_prediction
FOS,MT-ND4,-0.1788604983236972,4.0733362118219585,3511,grn_regression_prediction
FOS,MT2A,-0.07703063646415241,3.093370063521595,3511,grn_regression_prediction
FOS,MXRA5,-0.03719794448007672,0.32517631897068133,3511,grn_regression_prediction
FOS,NAMPT,-0.12988017465920534,1.100372040688185,3511,grn_regression_prediction
FOS,NEAT1,-0.059821644582846174,3.496903088689288,3511,grn_regression_prediction
FOS,OGN,-0.08933449995746462,1.1812035041619755,3511,grn_regression_prediction
FOS,PLAU,-0.03401762079352835,0.899505935093529,3511,grn_regression_prediction
FOS,PLAUR,-0.03957074079883738,0.6361275833421668,3511,grn_regression_prediction
FOS,POSTN,-0.015788418609516658,0.07725119068763647,3511,grn_regression_prediction
FOS,PPARG,0.0004159221901241669,0.07946789932159865,3511,grn_regression_prediction
FOS,PRSS23,-0.01868830604012539,0.5507501152317121,3511,grn_regression_prediction
FOS,RGCC,-0.009288743617968026,0.48280380665096895,3511,grn_regression_prediction
FOS,RPL13,-0.09946091416316878,3.898562718306503,3511,grn_regression_prediction
FOS,RPL21,-0.0043470452515029555,3.6437456056589372,3511,grn_regression_prediction
FOS,RPL41,0.0023855073530917466,3.772769435848681,3511,grn_regression_prediction
FOS,RUNX1,-0.0033144210593485817,0.4009579294484707,3511,grn_regression_prediction
FOS,RUNX2,0.006365968422543584,0.07547310391439782,3511,grn_regression_prediction
FOS,S100A10,-0.015841023192460016,3.2864546744817242,3511,grn_regression_prediction
FOS,S100A4,-0.05587288951625273,3.4343516825191482,3511,grn_regression_prediction
FOS,SFRP2,-0.21769886694150647,1.0391034652934348,3511,grn_regression_prediction
FOS,SFRP4,-0.04376372741861946,1.3553016326118772,3511,grn_regression_prediction
FOS,SMAD3,0.03503928397594549,0.5723380460604535,3511,grn_regression_prediction
FOS,SOCS3,-0.7826158076782773,1.7478125631729386,3511,grn_regression_prediction
FOS,SPARC,-0.023387261622096027,2.0506053392896093,3511,grn_regression_prediction
FOS,SPP1,-0.0008363886689023743,0.004237123452887762,3511,grn_regression_prediction
FOS,STAT3,-0.187235808634653,1.2415762700082627,3511,grn_regression_prediction
FOS,TEAD1,0.0026935923374591607,0.4130270127948132,3511,grn_regression_prediction
FOS,THBS2,-0.0011935401824078396,0.633925367723459,3511,grn_regression_prediction
FOS,THY1,-0.034629803308516234,0.5512183416768301,3511,grn_regression_prediction
FOS,TIMP1,0.012742808291539454,2.6767164784340234,3511,grn_regression_prediction
FOS,TMSB10,-0.036025335302001645,3.4531681847617604,3511,grn_regression_prediction
FOS,TMSB4X,-0.028752892035466236,3.8536348371499285,3511,grn_regression_prediction
FOS,TNC,0.00035467241485520097,0.18763057285969734,3511,grn_regression_prediction
FOS,TNFAIP6,-0.06706231536186999,1.0689765964360216,3511,grn_regression_prediction
FOS,TNFRSF12A,0.039888747283254616,0.40292673550747116,3511,grn_regression_prediction
FOS,TNXB,0.014308085068198952,2.2828972803583683,3511,grn_regression_prediction
FOS,TPM2,-0.026818560559773212,0.5161693238132451,3511,grn_regression_prediction
FOS,VCAM1,-0.008516159849646878,0.22171610932544358,3511,grn_regression_prediction
FOS,WWTR1,-0.00790213905777925,0.528580161618155,3511,grn_regression_prediction
FOS,YAP1,0.008696074144166992,0.3773965759282832,3511,grn_regression_prediction
FOS,ZFP36,-0.6761323924639685,2.453864426708845,3511,grn_regression_prediction
KLF4,ABI3BP,-0.018220003155581307,1.3270707183259902,3511,grn_regression_prediction
KLF4,ABL2,-0.1937303623469525,0.7871895942696501,3511,grn_regression_prediction
KLF4,ACTA2,-0.004505450909964817,0.3469903672120604,3511,grn_regression_prediction
KLF4,ADAMTS4,-0.05660486637922999,0.38501361144338125,3511,grn_regression_prediction
KLF4,ASPN,-0.11151750170192797,0.787387464696282,3511,grn_regression_prediction
KLF4,B2M,-0.03936677642336286,3.7486179444151326,3511,grn_regression_prediction
KLF4,BHLHE40,-0.09924638102903754,0.6803289454569699,3511,grn_regression_prediction
KLF4,CCDC80,-0.1267127043107805,2.389059139752932,3511,grn_regression_prediction
KLF4,CCL2,-0.10715400673704262,1.3309328949259225,3511,grn_regression_prediction
KLF4,CD36,0.000720029647958509,0.06417911862972783,3511,grn_regression_prediction
KLF4,CEBPA,-0.0036793627104156185,0.07747167955619647,3511,grn_regression_prediction
KLF4,CILP,0.007871742118008715,1.7232247589825997,3511,grn_regression_prediction
KLF4,COL14A1,0.02682811036896641,1.1718055545562678,3511,grn_regression_prediction
KLF4,COL15A1,0.11956429217224912,1.2728203241225011,3511,grn_regression_prediction
KLF4,COL1A1,-0.09359763207492665,2.0308785534719687,3511,grn_regression_prediction
KLF4,COL1A2,-0.0588446749159249,3.0684073243938066,3511,grn_regression_prediction
KLF4,COL3A1,-0.05641771988681741,2.260080187370382,3511,grn_regression_prediction
KLF4,COL6A1,-0.031459788819448234,2.755118283775866,3511,grn_regression_prediction
KLF4,COL6A2,-0.057135212912471846,3.256437370436789,3511,grn_regression_prediction
KLF4,CRABP2,-0.06088156732635477,0.6013065937299805,3511,grn_regression_prediction
KLF4,CRIP1,-0.1947501154224634,0.8692841204617308,3511,grn_regression_prediction
KLF4,CST3,-0.056118817677307815,3.817588379187304,3511,grn_regression_prediction
KLF4,CTHRC1,-0.05801835989147059,0.516304488449469,3511,grn_regression_prediction
KLF4,CXCL12,0.15506901702850434,1.8913219138802022,3511,grn_regression_prediction
KLF4,CXCL14,0.13446209860282043,1.7503365456157385,3511,grn_regression_prediction
KLF4,CXCL2,-0.238627768444298,0.7765720689464484,3511,grn_regression_prediction
KLF4,DCN,-0.006043859106409219,4.657571546917606,3511,grn_regression_prediction
KLF4,DPT,0.012785636215160663,2.4844708697402766,3511,grn_regression_prediction
KLF4,EIF1,-0.0702025046134967,3.5538847893947216,3511,grn_regression_prediction
KLF4,ELN,-0.07670536513946993,0.9280504829175651,3511,grn_regression_prediction
KLF4,EMP1,-0.12366112004093602,1.9416528421102945,3511,grn_regression_prediction
KLF4,FABP4,-0.006326717758931279,0.08300126204396718,3511,grn_regression_prediction
KLF4,FN1,-0.09273079962040269,2.1419637139707555,3511,grn_regression_prediction
KLF4,FOS,-0.21466558105042524,2.595506288706375,3511,grn_regression_prediction
KLF4,FOSB,-0.2675408199823124,1.3722394392527941,3511,grn_regression_prediction
KLF4,FOXO1,-0.020508274785523955,0.6682540583499361,3511,grn_regression_prediction
KLF4,FOXO3,0.014630686484837434,1.2735886280940487,3511,grn_regression_prediction
KLF4,GADD45B,-0.25781887696962164,2.2277772305289854,3511,grn_regression_prediction
KLF4,GEM,-0.11598337835470575,0.5990427576831885,3511,grn_regression_prediction
KLF4,GPRC5A,-0.21138635424340296,0.6280824544511414,3511,grn_regression_prediction
KLF4,GSN,-0.00590129746983443,4.2920376800146265,3511,grn_regression_prediction
KLF4,HAS1,-0.23869359540827992,0.5306449130860874,3511,grn_regression_prediction
KLF4,HIF1A,-0.00048640406626110236,0.4212594283691042,3511,grn_regression_prediction
KLF4,HSPG2,0.0028707029184542746,1.6767568740071912,3511,grn_regression_prediction
KLF4,ICAM1,-0.07601035094683341,0.49651674085613756,3511,grn_regression_prediction
KLF4,IER3,-0.19071344872292456,1.0909652062174227,3511,grn_regression_prediction
KLF4,IGF2,-0.02578326444925035,0.5517302824940203,3511,grn_regression_prediction
KLF4,IL6,-0.10957578473489668,0.5333962678225675,3511,grn_regression_prediction
KLF4,IRF1,-0.17950290730055013,1.1391736619219361,3511,grn_regression_prediction
KLF4,JUN,-0.06638861616956199,2.6550537494949693,3511,grn_regression_prediction
KLF4,JUNB,-0.15081887140176883,2.6427700439216255,3511,grn_regression_prediction
KLF4,JUND,-0.061342699104213194,1.9798615336094656,3511,grn_regression_prediction
KLF4,KDM6B,-0.13008057793962813,0.5774021016331217,3511,grn_regression_prediction
KLF4,KLF4,-1.4049822092056274,1.4049822092056274,3511,direct_knockdown
KLF4,KLF5,-0.004938522887582034,0.1522004537194626,3511,grn_regression_prediction
KLF4,LGALS1,-0.05241264173707231,3.3088697758237844,3511,grn_regression_prediction
KLF4,LMNA,-0.21770258615276264,2.266725422058164,3511,grn_regression_prediction
KLF4,LOX,-0.05025208803590568,0.4615704056274941,3511,grn_regression_prediction
KLF4,LPL,0.005915270410157336,0.0591481386567459,3511,grn_regression_prediction
KLF4,LUM,-0.00404563105137709,2.730449775055442,3511,grn_regression_prediction
KLF4,MGP,0.015088739826167858,3.737511773450317,3511,grn_regression_prediction
KLF4,MMP14,-0.01422693590363262,0.8739159726548201,3511,grn_regression_prediction
KLF4,MMP2,-0.060677635743778775,2.447638707492677,3511,grn_regression_prediction
KLF4,MT-ATP6,0.04368135413471084,4.0235800904845,3511,grn_regression_prediction
KLF4,MT-CO1,-0.0015952877277729041,3.9568799511524424,3511,grn_regression_prediction
KLF4,MT-CO2,0.03056733440305222,3.98329321165335,3511,grn_regression_prediction
KLF4,MT-CYB,0.032381892645637254,4.034005523220408,3511,grn_regression_prediction
KLF4,MT-ND1,0.024572943414108823,3.7595417072399866,3511,grn_regression_prediction
KLF4,MT-ND3,0.042478162703406624,3.8442123457713024,3511,grn_regression_prediction
KLF4,MT-ND4,0.02176311320799259,4.0733362118219585,3511,grn_regression_prediction
KLF4,MT2A,-0.1923650427915219,3.093370063521595,3511,grn_regression_prediction
KLF4,MXRA5,0.01320180571643623,0.32517631897068133,3511,grn_regression_prediction
KLF4,NAMPT,-0.09716547679500738,1.100372040688185,3511,grn_regression_prediction
KLF4,NEAT1,-0.007295035974024904,3.496903088689288,3511,grn_regression_prediction
KLF4,OGN,0.021591491129448064,1.1812035041619755,3511,grn_regression_prediction
KLF4,PLAU,-0.009474545972818105,0.8995059350935289,3511,grn_regression_prediction
KLF4,PLAUR,-0.10909009588645056,0.6361275833421668,3511,grn_regression_prediction
KLF4,POSTN,0.012341167999536438,0.07725119068763647,3511,grn_regression_prediction
KLF4,PPARG,0.003325744671154362,0.07946789932159865,3511,grn_regression_prediction
KLF4,PRSS23,-0.10995480188419286,0.5507501152317121,3511,grn_regression_prediction
KLF4,RGCC,-0.1453599855863858,0.48280380665096895,3511,grn_regression_prediction
KLF4,RPL13,-0.004466105229798467,3.898562718306503,3511,grn_regression_prediction
KLF4,RPL21,-0.041639446080768625,3.6437456056589372,3511,grn_regression_prediction
KLF4,RPL41,-0.02651209519536412,3.7727694358486814,3511,grn_regression_prediction
KLF4,RUNX1,-0.04876889257861649,0.40095792944847075,3511,grn_regression_prediction
KLF4,RUNX2,0.010735059552261804,0.07547310391439782,3511,grn_regression_prediction
KLF4,S100A10,-0.12041325177922174,3.2864546744817242,3511,grn_regression_prediction
KLF4,S100A4,-0.05647027883645519,3.4343516825191482,3511,grn_regression_prediction
KLF4,SFRP2,0.013673830193727638,1.0391034652934348,3511,grn_regression_prediction
KLF4,SFRP4,-0.12943580532713625,1.3553016326118772,3511,grn_regression_prediction
KLF4,SMAD3,-0.03474181232378466,0.5723380460604535,3511,grn_regression_prediction
KLF4,SOCS3,-0.2866594272517581,1.7478125631729386,3511,grn_regression_prediction
KLF4,SPARC,-0.15972984170443835,2.0506053392896093,3511,grn_regression_prediction
KLF4,SPP1,-0.0017122078782162676,0.004237123452887762,3511,grn_regression_prediction
KLF4,STAT3,-0.015205788323865753,1.2415762700082627,3511,grn_regression_prediction
KLF4,TEAD1,0.004153605644915203,0.41302701279481324,3511,grn_regression_prediction
KLF4,THBS2,-0.022383033675809252,0.633925367723459,3511,grn_regression_prediction
KLF4,THY1,-0.05466432752551887,0.5512183416768301,3511,grn_regression_prediction
KLF4,TIMP1,-0.02638272179735746,2.6767164784340234,3511,grn_regression_prediction
KLF4,TMSB10,-0.11619347213296063,3.4531681847617604,3511,grn_regression_prediction
KLF4,TMSB4X,-0.12040078243398544,3.8536348371499285,3511,grn_regression_prediction
KLF4,TNC,0.02595735972494101,0.18763057285969734,3511,grn_regression_prediction
KLF4,TNFAIP6,-0.1367255781066433,1.0689765964360216,3511,grn_regression_prediction
KLF4,TNFRSF12A,-0.07117105101744133,0.40292673550747116,3511,grn_regression_prediction
KLF4,TNXB,-0.11215992899916938,2.2828972803583683,3511,grn_regression_prediction
KLF4,TPM2,0.023218324605273604,0.5161693238132451,3511,grn_regression_prediction
KLF4,VCAM1,0.05460482427146008,0.22171610932544358,3511,grn_regression_prediction
KLF4,WWTR1,0.0032451461383579535,0.528580161618155,3511,grn_regression_prediction
KLF4,YAP1,0.003749984700606967,0.3773965759282832,3511,grn_regression_prediction
KLF4,ZFP36,-0.20056719945945048,2.453864426708845,3511,grn_regression_prediction
KLF5,ABI3BP,0.0022927563417971713,1.3270707183259902,3511,grn_regression_prediction
KLF5,ABL2,-0.003570695206781894,0.7871895942696501,3511,grn_regression_prediction
KLF5,ACTA2,-0.0010472478375230985,0.3469903672120604,3511,grn_regression_prediction
KLF5,ADAMTS4,-0.001910419920873143,0.38501361144338125,3511,grn_regression_prediction
KLF5,ASPN,-0.0030563580011981925,0.787387464696282,3511,grn_regression_prediction
KLF5,B2M,0.0005321789713202473,3.7486179444151326,3511,grn_regression_prediction
KLF5,BHLHE40,-0.000873647874760882,0.6803289454569699,3511,grn_regression_prediction
KLF5,CCDC80,0.0040394607747211665,2.389059139752932,3511,grn_regression_prediction
KLF5,CCL2,-0.011801995123558647,1.3309328949259225,3511,grn_regression_prediction
KLF5,CD36,-0.00116518632375254,0.06417911862972783,3511,grn_regression_prediction
KLF5,CEBPA,-0.0009057114802438288,0.07747167955619647,3511,grn_regression_prediction
KLF5,CILP,0.004560981049769748,1.7232247589825997,3511,grn_regression_prediction
KLF5,COL14A1,-0.0010575671867556653,1.1718055545562678,3511,grn_regression_prediction
KLF5,COL15A1,0.0011294791928443358,1.2728203241225011,3511,grn_regression_prediction
KLF5,COL1A1,-0.003454665795119592,2.0308785534719687,3511,grn_regression_prediction
KLF5,COL1A2,0.0013561188506725907,3.068407324393806,3511,grn_regression_prediction
KLF5,COL3A1,0.002422068597585691,2.260080187370382,3511,grn_regression_prediction
KLF5,COL6A1,0.005126574134525468,2.755118283775866,3511,grn_regression_prediction
KLF5,COL6A2,0.0020355298112496303,3.256437370436789,3511,grn_regression_prediction
KLF5,CRABP2,-0.011617766004711833,0.6013065937299805,3511,grn_regression_prediction
KLF5,CRIP1,0.00028538338656086004,0.8692841204617309,3511,grn_regression_prediction
KLF5,CST3,0.0002852425263783078,3.817588379187304,3511,grn_regression_prediction
KLF5,CTHRC1,-0.004462757558305325,0.516304488449469,3511,grn_regression_prediction
KLF5,CXCL12,-2.9208621156755723e-05,1.8913219138802022,3511,grn_regression_prediction
KLF5,CXCL14,-0.005463931168455924,1.7503365456157385,3511,grn_regression_prediction
KLF5,CXCL2,-0.005342627751323456,0.7765720689464484,3511,grn_regression_prediction
KLF5,DCN,0.0003306177952293545,4.657571546917606,3511,grn_regression_prediction
KLF5,DPT,0.008999643515304589,2.4844708697402766,3511,grn_regression_prediction
KLF5,EIF1,2.812985668888574e-05,3.5538847893947216,3511,grn_regression_prediction
KLF5,ELN,0.0015383818538494212,0.9280504829175651,3511,grn_regression_prediction
KLF5,EMP1,-0.0031797563304128006,1.9416528421102945,3511,grn_regression_prediction
KLF5,FABP4,-0.006926181587302859,0.0830012620439672,3511,grn_regression_prediction
KLF5,FN1,0.0027504543481158775,2.1419637139707555,3511,grn_regression_prediction
KLF5,FOS,-0.0010193354777795417,2.595506288706376,3511,grn_regression_prediction
KLF5,FOSB,-0.0056456030691070256,1.3722394392527941,3511,grn_regression_prediction
KLF5,FOXO1,0.0012852283084719702,0.6682540583499361,3511,grn_regression_prediction
KLF5,FOXO3,-0.0014006055174161612,1.2735886280940487,3511,grn_regression_prediction
KLF5,GADD45B,-0.0017976130324513604,2.2277772305289854,3511,grn_regression_prediction
KLF5,GEM,-0.008808265194656889,0.5990427576831885,3511,grn_regression_prediction
KLF5,GPRC5A,-0.0012810483092289306,0.6280824544511414,3511,grn_regression_prediction
KLF5,GSN,0.00034403432908038854,4.292037680014626,3511,grn_regression_prediction
KLF5,HAS1,0.0001310325248623034,0.5306449130860875,3511,grn_regression_prediction
KLF5,HIF1A,-0.0012823876488508297,0.4212594283691042,3511,grn_regression_prediction
KLF5,HSPG2,0.0076111506008013355,1.6767568740071912,3511,grn_regression_prediction
KLF5,ICAM1,-0.012645237593052095,0.49651674085613756,3511,grn_regression_prediction
KLF5,IER3,-0.009336481721330088,1.0909652062174227,3511,grn_regression_prediction
KLF5,IGF2,-0.0007754093514958211,0.5517302824940203,3511,grn_regression_prediction
KLF5,IL6,-0.008004248031225574,0.5333962678225675,3511,grn_regression_prediction
KLF5,IRF1,-0.005065830130832553,1.1391736619219361,3511,grn_regression_prediction
KLF5,JUN,0.001195738643026186,2.655053749494969,3511,grn_regression_prediction
KLF5,JUNB,-0.0010831647256880437,2.642770043921625,3511,grn_regression_prediction
KLF5,JUND,-0.000529964760519768,1.9798615336094656,3511,grn_regression_prediction
KLF5,KDM6B,-0.007238202018642177,0.5774021016331217,3511,grn_regression_prediction
KLF5,KLF4,-0.0016767730852888726,1.3980649142249422,3511,grn_regression_prediction
KLF5,KLF5,-0.1555257886648178,0.1555257886648178,3511,direct_knockdown
KLF5,LGALS1,-0.0003601293319606691,3.3088697758237844,3511,grn_regression_prediction
KLF5,LMNA,-0.0007928580898193567,2.2667254220581636,3511,grn_regression_prediction
KLF5,LOX,-0.0015864547526187871,0.4615704056274941,3511,grn_regression_prediction
KLF5,LPL,-0.001144146855522957,0.0591481386567459,3511,grn_regression_prediction
KLF5,LUM,-0.0010539835077364218,2.730449775055442,3511,grn_regression_prediction
KLF5,MGP,0.0035300949193937557,3.737511773450317,3511,grn_regression_prediction
KLF5,MMP14,-0.0002698107920206002,0.8739159726548201,3511,grn_regression_prediction
KLF5,MMP2,0.0006223911331334977,2.447638707492677,3511,grn_regression_prediction
KLF5,MT-ATP6,0.00029396147467859295,4.0235800904845,3511,grn_regression_prediction
KLF5,MT-CO1,0.00020170411216102415,3.9568799511524424,3511,grn_regression_prediction
KLF5,MT-CO2,0.00020365728816889689,3.98329321165335,3511,grn_regression_prediction
KLF5,MT-CYB,0.00035443114573272384,4.034005523220408,3511,grn_regression_prediction
KLF5,MT-ND1,0.0002087053293831491,3.7595417072399866,3511,grn_regression_prediction
KLF5,MT-ND3,0.00048651017069281774,3.8442123457713024,3511,grn_regression_prediction
KLF5,MT-ND4,0.0001273273387218165,4.0733362118219585,3511,grn_regression_prediction
KLF5,MT2A,-0.0008440622071742402,3.0933700635215944,3511,grn_regression_prediction
KLF5,MXRA5,-0.0009983798697487036,0.32517631897068133,3511,grn_regression_prediction
KLF5,NAMPT,-0.004067402238132994,1.100372040688185,3511,grn_regression_prediction
KLF5,NEAT1,-0.0008451249173939249,3.496903088689288,3511,grn_regression_prediction
KLF5,OGN,-0.003558402664543235,1.1812035041619755,3511,grn_regression_prediction
KLF5,PLAU,0.0029862290407858413,0.8995059350935292,3511,grn_regression_prediction
KLF5,PLAUR,-0.0026257541929281436,0.6361275833421668,3511,grn_regression_prediction
KLF5,POSTN,-0.004409974860369252,0.07725119068763647,3511,grn_regression_prediction
KLF5,PPARG,-0.0013587493768377162,0.07946789932159865,3511,grn_regression_prediction
KLF5,PRSS23,-0.0037912004284979843,0.5507501152317121,3511,grn_regression_prediction
KLF5,RGCC,-0.0055068714452623435,0.4828038066509689,3511,grn_regression_prediction
KLF5,RPL13,-0.0001761921244186449,3.898562718306503,3511,grn_regression_prediction
KLF5,RPL21,-0.00040833203957152284,3.6437456056589372,3511,grn_regression_prediction
KLF5,RPL41,-0.0007786690249378118,3.7727694358486814,3511,grn_regression_prediction
KLF5,RUNX1,-0.003234652581097166,0.4009579294484707,3511,grn_regression_prediction
KLF5,RUNX2,-0.0014266944699559663,0.07547310391439782,3511,grn_regression_prediction
KLF5,S100A10,0.0031845719737148065,3.2864546744817242,3511,grn_regression_prediction
KLF5,S100A4,0.0015232060176258366,3.4343516825191482,3511,grn_regression_prediction
KLF5,SFRP2,-0.015903388781041104,1.0391034652934348,3511,grn_regression_prediction
KLF5,SFRP4,-0.004150715188773825,1.3553016326118772,3511,grn_regression_prediction
KLF5,SMAD3,0.0015056263938969298,0.5723380460604535,3511,grn_regression_prediction
KLF5,SOCS3,-0.0027043695105576624,1.7478125631729386,3511,grn_regression_prediction
KLF5,SPARC,0.0012866471683167144,2.0506053392896093,3511,grn_regression_prediction
KLF5,SPP1,-0.00029146320226304843,0.004237123452887762,3511,grn_regression_prediction
KLF5,STAT3,-0.0020694552571261233,1.2415762700082627,3511,grn_regression_prediction
KLF5,TEAD1,-0.00024569025328679504,0.41302701279481324,3511,grn_regression_prediction
KLF5,THBS2,0.0001729061794922822,0.633925367723459,3511,grn_regression_prediction
KLF5,THY1,-0.0015458400331652185,0.5512183416768301,3511,grn_regression_prediction
KLF5,TIMP1,-0.0007985347547015062,2.6767164784340234,3511,grn_regression_prediction
KLF5,TMSB10,0.0008074587868628954,3.4531681847617604,3511,grn_regression_prediction
KLF5,TMSB4X,-6.152361044677193e-05,3.8536348371499285,3511,grn_regression_prediction
KLF5,TNC,0.00032648307377689814,0.18763057285969734,3511,grn_regression_prediction
KLF5,TNFAIP6,0.0002360724509894389,1.0689765964360216,3511,grn_regression_prediction
KLF5,TNFRSF12A,-0.000467198710651127,0.4029267355074711,3511,grn_regression_prediction
KLF5,TNXB,0.00923057467087613,2.2828972803583683,3511,grn_regression_prediction
KLF5,TPM2,-0.013338626146352712,0.5161693238132451,3511,grn_regression_prediction
KLF5,VCAM1,-0.002328667212183901,0.22171610932544358,3511,grn_regression_prediction
KLF5,WWTR1,-0.004645522778488052,0.528580161618155,3511,grn_regression_prediction
KLF5,YAP1,-0.005652960694657537,0.3773965759282832,3511,grn_regression_prediction
KLF5,ZFP36,-0.0031104705649999996,2.453864426708845,3511,grn_regression_prediction
RUNX1,ABI3BP,-0.04787814571598182,1.3270707183259902,3511,grn_regression_prediction
RUNX1,ABL2,-0.14207401696773958,0.7871895942696501,3511,grn_regression_prediction
RUNX1,ACTA2,-0.0014247974195271556,0.34699036721206034,3511,grn_regression_prediction
RUNX1,ADAMTS4,-0.14983384719168086,0.38501361144338125,3511,grn_regression_prediction
RUNX1,ASPN,-0.11141238325798031,0.787387464696282,3511,grn_regression_prediction
RUNX1,B2M,0.0003176482090485583,3.7486179444151326,3511,grn_regression_prediction
RUNX1,BHLHE40,-0.07740143909589461,0.6803289454569699,3511,grn_regression_prediction
RUNX1,CCDC80,-0.10166124750064354,2.389059139752932,3511,grn_regression_prediction
RUNX1,CCL2,-0.30919008915710067,1.3309328949259225,3511,grn_regression_prediction
RUNX1,CD36,0.0008358847031245765,0.06417911862972783,3511,grn_regression_prediction
RUNX1,CEBPA,0.004932854664708038,0.07747167955619645,3511,grn_regression_prediction
RUNX1,CILP,-0.009206688772048336,1.7232247589825997,3511,grn_regression_prediction
RUNX1,COL14A1,-0.09885481186005197,1.1718055545562678,3511,grn_regression_prediction
RUNX1,COL15A1,0.005706412818627858,1.2728203241225011,3511,grn_regression_prediction
RUNX1,COL1A1,-0.16721051699406464,2.0308785534719687,3511,grn_regression_prediction
RUNX1,COL1A2,-0.08676382469741449,3.0684073243938066,3511,grn_regression_prediction
RUNX1,COL3A1,-0.1252511089671942,2.260080187370382,3511,grn_regression_prediction
RUNX1,COL6A1,-0.011167555283299838,2.7551182837758654,3511,grn_regression_prediction
RUNX1,COL6A2,-0.031099998512273613,3.256437370436789,3511,grn_regression_prediction
RUNX1,CRABP2,-0.08537191755469546,0.6013065937299805,3511,grn_regression_prediction
RUNX1,CRIP1,-0.025371271400389882,0.8692841204617308,3511,grn_regression_prediction
RUNX1,CST3,-0.007109256789918787,3.817588379187304,3511,grn_regression_prediction
RUNX1,CTHRC1,-0.07531746793930748,0.516304488449469,3511,grn_regression_prediction
RUNX1,CXCL12,-0.0018901617277148626,1.8913219138802022,3511,grn_regression_prediction
RUNX1,CXCL14,-0.012079819052144088,1.7503365456157385,3511,grn_regression_prediction
RUNX1,CXCL2,-0.20346872510830677,0.7765720689464484,3511,grn_regression_prediction
RUNX1,DCN,0.003604400492230155,4.657571546917606,3511,grn_regression_prediction
RUNX1,DPT,-0.011365152298301066,2.4844708697402766,3511,grn_regression_prediction
RUNX1,EIF1,-0.019209298687635767,3.5538847893947216,3511,grn_regression_prediction
RUNX1,ELN,-0.06641967205098921,0.9280504829175651,3511,grn_regression_prediction
RUNX1,EMP1,-0.0918834847131175,1.9416528421102945,3511,grn_regression_prediction
RUNX1,FABP4,-0.0003028232218828147,0.0830012620439672,3511,grn_regression_prediction
RUNX1,FN1,-0.016571292106918066,2.1419637139707555,3511,grn_regression_prediction
RUNX1,FOS,-0.009668462761086422,2.595506288706376,3511,grn_regression_prediction
RUNX1,FOSB,-0.10736837524191391,1.3722394392527941,3511,grn_regression_prediction
RUNX1,FOXO1,0.009900807341807552,0.6682540583499361,3511,grn_regression_prediction
RUNX1,FOXO3,0.017593929694263953,1.2735886280940487,3511,grn_regression_prediction
RUNX1,GADD45B,-0.11161460695485076,2.2277772305289854,3511,grn_regression_prediction
RUNX1,GEM,-0.10965183132944475,0.5990427576831885,3511,grn_regression_prediction
RUNX1,GPRC5A,-0.12594646939490764,0.6280824544511414,3511,grn_regression_prediction
RUNX1,GSN,0.01159378622399964,4.292037680014626,3511,grn_regression_prediction
RUNX1,HAS1,-0.13408704618685222,0.5306449130860875,3511,grn_regression_prediction
RUNX1,HIF1A,-0.07858046270799966,0.4212594283691042,3511,grn_regression_prediction
RUNX1,HSPG2,0.01729038715883224,1.6767568740071912,3511,grn_regression_prediction
RUNX1,ICAM1,-0.1784379265113861,0.49651674085613756,3511,grn_regression_prediction
RUNX1,IER3,-0.17838244313392496,1.0909652062174227,3511,grn_regression_prediction
RUNX1,IGF2,-0.05254727360241186,0.5517302824940203,3511,grn_regression_prediction
RUNX1,IL6,-0.18052058210910218,0.5333962678225675,3511,grn_regression_prediction
RUNX1,IRF1,-0.10507092540570502,1.1391736619219361,3511,grn_regression_prediction
RUNX1,JUN,0.04590411083014656,2.655053749494969,3511,grn_regression_prediction
RUNX1,JUNB,-0.07319998686503654,2.642770043921625,3511,grn_regression_prediction
RUNX1,JUND,-0.025434254598134177,1.9798615336094656,3511,grn_regression_prediction
RUNX1,KDM6B,-0.14895476910754488,0.5774021016331217,3511,grn_regression_prediction
RUNX1,KLF4,-0.06410183251441408,1.3980649142249422,3511,grn_regression_prediction
RUNX1,KLF5,-0.009248271110402703,0.1522004537194626,3511,grn_regression_prediction
RUNX1,LGALS1,-0.016246388748606455,3.3088697758237844,3511,grn_regression_prediction
RUNX1,LMNA,-0.06138693871143571,2.266725422058164,3511,grn_regression_prediction
RUNX1,LOX,-0.03207862485880955,0.4615704056274941,3511,grn_regression_prediction
RUNX1,LPL,-0.006029233972589819,0.0591481386567459,3511,grn_regression_prediction
RUNX1,LUM,-0.07179327671985024,2.730449775055442,3511,grn_regression_prediction
RUNX1,MGP,-0.022996617580786992,3.737511773450317,3511,grn_regression_prediction
RUNX1,MMP14,-0.004304442333412085,0.8739159726548201,3511,grn_regression_prediction
RUNX1,MMP2,-0.02917302359686547,2.447638707492677,3511,grn_regression_prediction
RUNX1,MT-ATP6,0.00299735385686858,4.0235800904845,3511,grn_regression_prediction
RUNX1,MT-CO1,-0.020478572204162285,3.9568799511524424,3511,grn_regression_prediction
RUNX1,MT-CO2,0.0007871594263182177,3.98329321165335,3511,grn_regression_prediction
RUNX1,MT-CYB,-0.0004765939726382471,4.034005523220408,3511,grn_regression_prediction
RUNX1,MT-ND1,0.003554732904853109,3.7595417072399866,3511,grn_regression_prediction
RUNX1,MT-ND3,0.003809611934760913,3.8442123457713024,3511,grn_regression_prediction
RUNX1,MT-ND4,-0.0019083898887971421,4.0733362118219585,3511,grn_regression_prediction
RUNX1,MT2A,-0.2172722002414949,3.0933700635215944,3511,grn_regression_prediction
RUNX1,MXRA5,-0.0753661151054867,0.32517631897068133,3511,grn_regression_prediction
RUNX1,NAMPT,-0.21011392835172554,1.100372040688185,3511,grn_regression_prediction
RUNX1,NEAT1,-0.00354240125732615,3.496903088689288,3511,grn_regression_prediction
RUNX1,OGN,-0.10198381683063924,1.1812035041619755,3511,grn_regression_prediction
RUNX1,PLAU,-0.11451525894039613,0.8995059350935289,3511,grn_regression_prediction
RUNX1,PLAUR,-0.14441192411431786,0.6361275833421668,3511,grn_regression_prediction
RUNX1,POSTN,-0.0364945227015773,0.07725119068763647,3511,grn_regression_prediction
RUNX1,PPARG,-0.0006512085736682313,0.07946789932159865,3511,grn_regression_prediction
RUNX1,PRSS23,-0.06023491542776866,0.5507501152317121,3511,grn_regression_prediction
RUNX1,RGCC,-0.10206162660452821,0.48280380665096895,3511,grn_regression_prediction
RUNX1,RPL13,-0.00945924600511835,3.898562718306503,3511,grn_regression_prediction
RUNX1,RPL21,-0.03661664757685405,3.6437456056589372,3511,grn_regression_prediction
RUNX1,RPL41,-0.05340794031702922,3.7727694358486814,3511,grn_regression_prediction
RUNX1,RUNX1,-0.6232751607894897,0.6232751607894897,3511,direct_knockdown
RUNX1,RUNX2,-0.009251174290462277,0.07547310391439782,3511,grn_regression_prediction
RUNX1,S100A10,0.004018745641503554,3.2864546744817242,3511,grn_regression_prediction
RUNX1,S100A4,0.012277421845003389,3.4343516825191482,3511,grn_regression_prediction
RUNX1,SFRP2,-0.16130404976233412,1.0391034652934348,3511,grn_regression_prediction
RUNX1,SFRP4,-0.14907872321142376,1.3553016326118772,3511,grn_regression_prediction
RUNX1,SMAD3,-0.011409857932417482,0.5723380460604535,3511,grn_regression_prediction
RUNX1,SOCS3,-0.1276412736767966,1.7478125631729386,3511,grn_regression_prediction
RUNX1,SPARC,-0.0757923000776121,2.0506053392896093,3511,grn_regression_prediction
RUNX1,SPP1,-0.0009570477770066635,0.004237123452887762,3511,grn_regression_prediction
RUNX1,STAT3,-0.05817926445730215,1.2415762700082627,3511,grn_regression_prediction
RUNX1,TEAD1,-0.002668469812201388,0.41302701279481324,3511,grn_regression_prediction
RUNX1,THBS2,-0.03801280640826468,0.633925367723459,3511,grn_regression_prediction
RUNX1,THY1,-0.09230680827650187,0.5512183416768301,3511,grn_regression_prediction
RUNX1,TIMP1,-0.02590470993061999,2.6767164784340234,3511,grn_regression_prediction
RUNX1,TMSB10,-0.04455275085906748,3.4531681847617604,3511,grn_regression_prediction
RUNX1,TMSB4X,-0.02050115693135801,3.8536348371499285,3511,grn_regression_prediction
RUNX1,TNC,-0.08674740353319878,0.18763057285969734,3511,grn_regression_prediction
RUNX1,TNFAIP6,-0.17274908735668584,1.0689765964360216,3511,grn_regression_prediction
RUNX1,TNFRSF12A,-0.10766745192780099,0.40292673550747116,3511,grn_regression_prediction
RUNX1,TNXB,0.0156955104303027,2.2828972803583683,3511,grn_regression_prediction
RUNX1,TPM2,-0.07503654421486922,0.5161693238132451,3511,grn_regression_prediction
RUNX1,VCAM1,-0.01931341785421494,0.22171610932544358,3511,grn_regression_prediction
RUNX1,WWTR1,-0.05344797331489589,0.528580161618155,3511,grn_regression_prediction
RUNX1,YAP1,-0.006013906584386821,0.3773965759282832,3511,grn_regression_prediction
RUNX1,ZFP36,-0.05148015144781617,2.453864426708845,3511,grn_regression_prediction
RUNX2,ABI3BP,-0.00019353246827864218,1.3270707183259902,3511,grn_regression_prediction
RUNX2,ABL2,4.8575686855183774e-05,0.7871895942696501,3511,grn_regression_prediction
RUNX2,ACTA2,-0.0001722070747730096,0.3469903672120604,3511,grn_regression_prediction
RUNX2,ADAMTS4,-0.00038352605441976305,0.38501361144338125,3511,grn_regression_prediction
RUNX2,ASPN,-0.0005778513898050293,0.787387464696282,3511,grn_regression_prediction
RUNX2,B2M,0.0003665673332780093,3.7486179444151326,3511,grn_regression_prediction
RUNX2,BHLHE40,-0.0005679113839617011,0.6803289454569699,3511,grn_regression_prediction
RUNX2,CCDC80,0.0003884339428686328,2.389059139752932,3511,grn_regression_prediction
RUNX2,CCL2,-0.0011825916133317888,1.3309328949259225,3511,grn_regression_prediction
RUNX2,CD36,-0.0002887719051953873,0.06417911862972783,3511,grn_regression_prediction
RUNX2,CEBPA,-0.004871897100700186,0.07747167955619647,3511,grn_regression_prediction
RUNX2,CILP,-0.0013306582804253233,1.7232247589825997,3511,grn_regression_prediction
RUNX2,COL14A1,-0.002679929678514855,1.1718055545562678,3511,grn_regression_prediction
RUNX2,COL15A1,-0.01613112319396941,1.2728203241225011,3511,grn_regression_prediction
RUNX2,COL1A1,-0.0022421009338208964,2.0308785534719687,3511,grn_regression_prediction
RUNX2,COL1A2,-0.0007042844317980313,3.0684073243938066,3511,grn_regression_prediction
RUNX2,COL3A1,-0.0010812577899652698,2.260080187370382,3511,grn_regression_prediction
RUNX2,COL6A1,-0.002084152274423813,2.755118283775866,3511,grn_regression_prediction
RUNX2,COL6A2,-0.00046451108173522923,3.256437370436789,3511,grn_regression_prediction
RUNX2,CRABP2,-0.00016938082112996378,0.6013065937299805,3511,grn_regression_prediction
RUNX2,CRIP1,0.00035418767660767543,0.8692841204617308,3511,grn_regression_prediction
RUNX2,CST3,7.412881245781182e-05,3.817588379187304,3511,grn_regression_prediction
RUNX2,CTHRC1,-0.0027349577212061223,0.516304488449469,3511,grn_regression_prediction
RUNX2,CXCL12,-0.021180258907263137,1.8913219138802022,3511,grn_regression_prediction
RUNX2,CXCL14,-0.026257937770247555,1.7503365456157387,3511,grn_regression_prediction
RUNX2,CXCL2,-7.737483671780593e-05,0.7765720689464484,3511,grn_regression_prediction
RUNX2,DCN,-1.4324586840178435e-05,4.657571546917606,3511,grn_regression_prediction
RUNX2,DPT,-0.000991354944219873,2.4844708697402766,3511,grn_regression_prediction
RUNX2,EIF1,0.0002225757416072551,3.5538847893947216,3511,grn_regression_prediction
RUNX2,ELN,-0.000654129607944849,0.9280504829175651,3511,grn_regression_prediction
RUNX2,EMP1,-0.0018576207856935997,1.9416528421102945,3511,grn_regression_prediction
RUNX2,FABP4,-4.640915569926569e-05,0.0830012620439672,3511,grn_regression_prediction
RUNX2,FN1,-0.00031804006082128097,2.1419637139707555,3511,grn_regression_prediction
RUNX2,FOS,0.00025970602073130286,2.595506288706375,3511,grn_regression_prediction
RUNX2,FOSB,-7.438065085466875e-05,1.3722394392527941,3511,grn_regression_prediction
RUNX2,FOXO1,-0.000199084611215822,0.6682540583499361,3511,grn_regression_prediction
RUNX2,FOXO3,-0.00098396754218232,1.2735886280940487,3511,grn_regression_prediction
RUNX2,GADD45B,0.0005266337985494939,2.2277772305289854,3511,grn_regression_prediction
RUNX2,GEM,-0.0005746926041014859,0.5990427576831885,3511,grn_regression_prediction
RUNX2,GPRC5A,0.00015516422792068315,0.6280824544511414,3511,grn_regression_prediction
RUNX2,GSN,-7.858274999430601e-05,4.292037680014626,3511,grn_regression_prediction
RUNX2,HAS1,3.5258831427419195e-05,0.5306449130860874,3511,grn_regression_prediction
RUNX2,HIF1A,-5.012712345858307e-08,0.4212594283691042,3511,grn_regression_prediction
RUNX2,HSPG2,-0.0016598293403207883,1.6767568740071912,3511,grn_regression_prediction
RUNX2,ICAM1,-0.0002918499101699732,0.49651674085613756,3511,grn_regression_prediction
RUNX2,IER3,0.00017719768302305568,1.0909652062174227,3511,grn_regression_prediction
RUNX2,IGF2,-0.0011196278266976103,0.5517302824940203,3511,grn_regression_prediction
RUNX2,IL6,-0.00020916138797317951,0.5333962678225674,3511,grn_regression_prediction
RUNX2,IRF1,-0.00010307942639773019,1.1391736619219361,3511,grn_regression_prediction
RUNX2,JUN,-4.163990761928596e-05,2.6550537494949693,3511,grn_regression_prediction
RUNX2,JUNB,-0.00010450521238094164,2.642770043921625,3511,grn_regression_prediction
RUNX2,JUND,-5.4552644995929065e-05,1.9798615336094656,3511,grn_regression_prediction
RUNX2,KDM6B,0.0008696595419666357,0.5774021016331217,3511,grn_regression_prediction
RUNX2,KLF4,0.001630710544132801,1.3980649142249422,3511,grn_regression_prediction
RUNX2,KLF5,-0.0014220288277310273,0.1522004537194626,3511,grn_regression_prediction
RUNX2,LGALS1,8.803225400416605e-05,3.3088697758237844,3511,grn_regression_prediction
RUNX2,LMNA,-0.0001898306481333885,2.266725422058164,3511,grn_regression_prediction
RUNX2,LOX,-0.0014872555931608777,0.4615704056274941,3511,grn_regression_prediction
RUNX2,LPL,-0.0012217589521275381,0.0591481386567459,3511,grn_regression_prediction
RUNX2,LUM,-0.0006523018203707254,2.730449775055442,3511,grn_regression_prediction
RUNX2,MGP,-0.0004509619158816703,3.737511773450317,3511,grn_regression_prediction
RUNX2,MMP14,0.0002949028321019092,0.8739159726548201,3511,grn_regression_prediction
RUNX2,MMP2,0.00031677871897872886,2.447638707492677,3511,grn_regression_prediction
RUNX2,MT-ATP6,2.2683198035994927e-05,4.0235800904845,3511,grn_regression_prediction
RUNX2,MT-CO1,-1.2673930378011768e-05,3.9568799511524415,3511,grn_regression_prediction
RUNX2,MT-CO2,0.0002067501822165639,3.98329321165335,3511,grn_regression_prediction
RUNX2,MT-CYB,0.00022115739003324695,4.034005523220408,3511,grn_regression_prediction
RUNX2,MT-ND1,0.00021739273643275303,3.7595417072399866,3511,grn_regression_prediction
RUNX2,MT-ND3,2.3069549059118953e-05,3.8442123457713024,3511,grn_regression_prediction
RUNX2,MT-ND4,8.86783108690633e-05,4.0733362118219585,3511,grn_regression_prediction
RUNX2,MT2A,-0.0007651755792988502,3.093370063521595,3511,grn_regression_prediction
RUNX2,MXRA5,-0.003854331602975304,0.32517631897068133,3511,grn_regression_prediction
RUNX2,NAMPT,-0.00019530333401915936,1.100372040688185,3511,grn_regression_prediction
RUNX2,NEAT1,-6.383428567653144e-06,3.496903088689288,3511,grn_regression_prediction
RUNX2,OGN,-0.0017687932836622147,1.1812035041619755,3511,grn_regression_prediction
RUNX2,PLAU,-0.0009033258034638961,0.8995059350935289,3511,grn_regression_prediction
RUNX2,PLAUR,0.0015784238334903456,0.6361275833421668,3511,grn_regression_prediction
RUNX2,POSTN,-0.002014150792892588,0.07725119068763647,3511,grn_regression_prediction
RUNX2,PPARG,-0.00021030820189643258,0.07946789932159865,3511,grn_regression_prediction
RUNX2,PRSS23,-0.0015747560878302128,0.5507501152317121,3511,grn_regression_prediction
RUNX2,RGCC,-4.7461731683007346e-05,0.48280380665096895,3511,grn_regression_prediction
RUNX2,RPL13,9.911859812365639e-05,3.898562718306503,3511,grn_regression_prediction
RUNX2,RPL21,3.321206300670535e-05,3.6437456056589372,3511,grn_regression_prediction
RUNX2,RPL41,3.591441945659483e-06,3.7727694358486814,3511,grn_regression_prediction
RUNX2,RUNX1,-0.0045555738543252774,0.40095792944847075,3511,grn_regression_prediction
RUNX2,RUNX2,-0.11815597116947174,0.11815597116947174,3511,direct_knockdown
RUNX2,S100A10,0.0008359657106418235,3.2864546744817233,3511,grn_regression_prediction
RUNX2,S100A4,7.502853479192047e-05,3.4343516825191482,3511,grn_regression_prediction
RUNX2,SFRP2,-0.005015493560465938,1.0391034652934348,3511,grn_regression_prediction
RUNX2,SFRP4,-0.0007437827596312616,1.3553016326118772,3511,grn_regression_prediction
RUNX2,SMAD3,-7.680997736609007e-05,0.5723380460604535,3511,grn_regression_prediction
RUNX2,SOCS3,-0.0002742271248549705,1.7478125631729386,3511,grn_regression_prediction
RUNX2,SPARC,-0.00022199641474346342,2.0506053392896093,3511,grn_regression_prediction
RUNX2,SPP1,-0.00023252439841110886,0.004237123452887762,3511,grn_regression_prediction
RUNX2,STAT3,-0.00018801609995348597,1.2415762700082627,3511,grn_regression_prediction
RUNX2,TEAD1,-0.0011519940816339133,0.4130270127948132,3511,grn_regression_prediction
RUNX2,THBS2,0.00022812604211487015,0.6339253677234589,3511,grn_regression_prediction
RUNX2,THY1,-0.0005280360068688531,0.5512183416768301,3511,grn_regression_prediction
RUNX2,TIMP1,7.634909680948102e-05,2.6767164784340234,3511,grn_regression_prediction
RUNX2,TMSB10,3.294462926254487e-05,3.4531681847617604,3511,grn_regression_prediction
RUNX2,TMSB4X,0.0007920964584952183,3.8536348371499285,3511,grn_regression_prediction
RUNX2,TNC,-0.004334463004665303,0.18763057285969734,3511,grn_regression_prediction
RUNX2,TNFAIP6,0.0006837621490330189,1.0689765964360218,3511,grn_regression_prediction
RUNX2,TNFRSF12A,0.0002856832766556717,0.40292673550747116,3511,grn_regression_prediction
RUNX2,TNXB,0.00016449724694385688,2.2828972803583683,3511,grn_regression_prediction
RUNX2,TPM2,-0.0017669536803952587,0.5161693238132451,3511,grn_regression_prediction
RUNX2,VCAM1,-0.003591530525273697,0.22171610932544358,3511,grn_regression_prediction
RUNX2,WWTR1,-0.00145014552613048,0.528580161618155,3511,grn_regression_prediction
RUNX2,YAP1,-0.00023611898420836152,0.3773965759282832,3511,grn_regression_prediction
RUNX2,ZFP36,4.91757571239923e-06,2.453864426708845,3511,grn_regression_prediction
FOXO1,ABI3BP,-0.028168929186316766,1.3270707183259904,3511,grn_regression_prediction
FOXO1,ABL2,-0.00659172564395662,0.7871895942696501,3511,grn_regression_prediction
FOXO1,ACTA2,-0.0022795160836362816,0.3469903672120604,3511,grn_regression_prediction
FOXO1,ADAMTS4,0.0034177681561049014,0.38501361144338125,3511,grn_regression_prediction
FOXO1,ASPN,0.012250291784232712,0.787387464696282,3511,grn_regression_prediction
FOXO1,B2M,0.017442228288010366,3.7486179444151326,3511,grn_regression_prediction
FOXO1,BHLHE40,0.006018827022056648,0.6803289454569699,3511,grn_regression_prediction
FOXO1,CCDC80,0.008324706530170933,2.389059139752932,3511,grn_regression_prediction
FOXO1,CCL2,0.06363113979326737,1.3309328949259225,3511,grn_regression_prediction
FOXO1,CD36,0.0033555469014770415,0.06417911862972783,3511,grn_regression_prediction
FOXO1,CEBPA,-0.0009729506904588844,0.07747167955619647,3511,grn_regression_prediction
FOXO1,CILP,-0.04163991000862133,1.7232247589825997,3511,grn_regression_prediction
FOXO1,COL14A1,-0.004483884990846746,1.1718055545562678,3511,grn_regression_prediction
FOXO1,COL15A1,-0.00432411335204578,1.2728203241225007,3511,grn_regression_prediction
FOXO1,COL1A1,0.019999918580809215,2.0308785534719687,3511,grn_regression_prediction
FOXO1,COL1A2,0.021284694136386718,3.0684073243938066,3511,grn_regression_prediction
FOXO1,COL3A1,0.01654681323236524,2.260080187370382,3511,grn_regression_prediction
FOXO1,COL6A1,-0.005375196182074032,2.755118283775866,3511,grn_regression_prediction
FOXO1,COL6A2,0.0010626270721811528,3.256437370436789,3511,grn_regression_prediction
FOXO1,CRABP2,0.013283782380712206,0.6013065937299806,3511,grn_regression_prediction
FOXO1,CRIP1,0.01802561131702617,0.8692841204617309,3511,grn_regression_prediction
FOXO1,CST3,0.005647098042331043,3.817588379187304,3511,grn_regression_prediction
FOXO1,CTHRC1,0.008102277196339767,0.516304488449469,3511,grn_regression_prediction
FOXO1,CXCL12,0.014139199687909798,1.8913219138802022,3511,grn_regression_prediction
FOXO1,CXCL14,0.02552873002156348,1.7503365456157385,3511,grn_regression_prediction
FOXO1,CXCL2,0.010869051906218135,0.7765720689464484,3511,grn_regression_prediction
FOXO1,DCN,0.014274231235091547,4.657571546917606,3511,grn_regression_prediction
FOXO1,DPT,0.017886272136301635,2.4844708697402766,3511,grn_regression_prediction
FOXO1,EIF1,0.004172265535191495,3.5538847893947216,3511,grn_regression_prediction
FOXO1,ELN,-0.011332300633363579,0.9280504829175651,3511,grn_regression_prediction
FOXO1,EMP1,0.010840360169781689,1.9416528421102945,3511,grn_regression_prediction
FOXO1,FABP4,0.0020433632747296885,0.08300126204396718,3511,grn_regression_prediction
FOXO1,FN1,-0.01734425843609207,2.1419637139707555,3511,grn_regression_prediction
FOXO1,FOS,0.0012385205741228594,2.595506288706375,3511,grn_regression_prediction
FOXO1,FOSB,0.005798203161330825,1.3722394392527941,3511,grn_regression_prediction
FOXO1,FOXO1,-0.6123815774917603,0.6123815774917603,3511,direct_knockdown
FOXO1,FOXO3,-0.13326851896699285,1.2735886280940487,3511,grn_regression_prediction
FOXO1,GADD45B,-0.006723790758558282,2.2277772305289854,3511,grn_regression_prediction
FOXO1,GEM,0.0053295286300080015,0.5990427576831885,3511,grn_regression_prediction
FOXO1,GPRC5A,0.0007364213853366525,0.6280824544511414,3511,grn_regression_prediction
FOXO1,GSN,0.012328785392409882,4.292037680014626,3511,grn_regression_prediction
FOXO1,HAS1,0.011635833603578408,0.5306449130860874,3511,grn_regression_prediction
FOXO1,HIF1A,-0.006771927262031369,0.4212594283691042,3511,grn_regression_prediction
FOXO1,HSPG2,-0.044762078463427286,1.6767568740071912,3511,grn_regression_prediction
FOXO1,ICAM1,0.006794161476441371,0.49651674085613756,3511,grn_regression_prediction
FOXO1,IER3,0.00807634819956497,1.0909652062174227,3511,grn_regression_prediction
FOXO1,IGF2,0.010846684144094764,0.5517302824940203,3511,grn_regression_prediction
FOXO1,IL6,0.020650600213172023,0.5333962678225675,3511,grn_regression_prediction
FOXO1,IRF1,0.0034150552948628895,1.1391736619219364,3511,grn_regression_prediction
FOXO1,JUN,-0.01167150643227482,2.655053749494969,3511,grn_regression_prediction
FOXO1,JUNB,0.014311608009118473,2.642770043921625,3511,grn_regression_prediction
FOXO1,JUND,-0.12462255693133292,1.9798615336094656,3511,grn_regression_prediction
FOXO1,KDM6B,0.0013934586878025768,0.5774021016331217,3511,grn_regression_prediction
FOXO1,KLF4,-0.008843775253516642,1.3980649142249422,3511,grn_regression_prediction
FOXO1,KLF5,0.013847069539751698,0.1522004537194626,3511,grn_regression_prediction
FOXO1,LGALS1,0.02521445262880537,3.3088697758237844,3511,grn_regression_prediction
FOXO1,LMNA,0.02466857700527811,2.266725422058164,3511,grn_regression_prediction
FOXO1,LOX,-0.018839650577155403,0.4615704056274941,3511,grn_regression_prediction
FOXO1,LPL,-0.0049186927221186935,0.0591481386567459,3511,grn_regression_prediction
FOXO1,LUM,0.02253825840350889,2.730449775055442,3511,grn_regression_prediction
FOXO1,MGP,0.011018623348404552,3.737511773450317,3511,grn_regression_prediction
FOXO1,MMP14,-0.037680628394665266,0.8739159726548201,3511,grn_regression_prediction
FOXO1,MMP2,-0.0386126478645728,2.447638707492677,3511,grn_regression_prediction
FOXO1,MT-ATP6,-0.01157358861095757,4.0235800904845,3511,grn_regression_prediction
FOXO1,MT-CO1,-0.004814148108096871,3.9568799511524424,3511,grn_regression_prediction
FOXO1,MT-CO2,-0.006332306667567786,3.98329321165335,3511,grn_regression_prediction
FOXO1,MT-CYB,-0.006834310484391309,4.034005523220408,3511,grn_regression_prediction
FOXO1,MT-ND1,-0.0028910532519201247,3.7595417072399866,3511,grn_regression_prediction
FOXO1,MT-ND3,-0.004891960376529333,3.8442123457713024,3511,grn_regression_prediction
FOXO1,MT-ND4,-0.001739107881555878,4.0733362118219585,3511,grn_regression_prediction
FOXO1,MT2A,0.00047441144036823287,3.0933700635215944,3511,grn_regression_prediction
FOXO1,MXRA5,0.009254602238761761,0.32517631897068133,3511,grn_regression_prediction
FOXO1,NAMPT,-0.027491128299934633,1.100372040688185,3511,grn_regression_prediction
FOXO1,NEAT1,-0.0019846508115173027,3.496903088689288,3511,grn_regression_prediction
FOXO1,OGN,-0.004987687329786385,1.1812035041619755,3511,grn_regression_prediction
FOXO1,PLAU,0.023615483212366513,0.8995059350935289,3511,grn_regression_prediction
FOXO1,PLAUR,0.012215440763648387,0.6361275833421668,3511,grn_regression_prediction
FOXO1,POSTN,0.005259702144182058,0.07725119068763647,3511,grn_regression_prediction
FOXO1,PPARG,-0.012915059788849858,0.07946789932159865,3511,grn_regression_prediction
FOXO1,PRSS23,0.00857171508399071,0.5507501152317121,3511,grn_regression_prediction
FOXO1,RGCC,-0.005050014367062638,0.48280380665096895,3511,grn_regression_prediction
FOXO1,RPL13,0.0113621837160078,3.898562718306503,3511,grn_regression_prediction
FOXO1,RPL21,0.03268057927864919,3.6437456056589372,3511,grn_regression_prediction
FOXO1,RPL41,0.028076521218930336,3.7727694358486814,3511,grn_regression_prediction
FOXO1,RUNX1,0.007381246982236322,0.40095792944847075,3511,grn_regression_prediction
FOXO1,RUNX2,-0.0008351177476309623,0.07547310391439782,3511,grn_regression_prediction
FOXO1,S100A10,0.015704044235499447,3.2864546744817242,3511,grn_regression_prediction
FOXO1,S100A4,0.038404577167042174,3.4343516825191482,3511,grn_regression_prediction
FOXO1,SFRP2,0.020081065506512185,1.0391034652934348,3511,grn_regression_prediction
FOXO1,SFRP4,0.02569356770468002,1.3553016326118772,3511,grn_regression_prediction
FOXO1,SMAD3,-0.05528721026946727,0.5723380460604535,3511,grn_regression_prediction
FOXO1,SOCS3,0.010716309049787962,1.7478125631729386,3511,grn_regression_prediction
FOXO1,SPARC,-0.001156038728382028,2.0506053392896093,3511,grn_regression_prediction
FOXO1,SPP1,0.00048236095425053664,0.004237123452887762,3511,grn_regression_prediction
FOXO1,STAT3,-0.03571004801084511,1.2415762700082627,3511,grn_regression_prediction
FOXO1,TEAD1,-0.06169935790193055,0.41302701279481324,3511,grn_regression_prediction
FOXO1,THBS2,-0.024909732417706682,0.633925367723459,3511,grn_regression_prediction
FOXO1,THY1,0.008156581463044073,0.5512183416768301,3511,grn_regression_prediction
FOXO1,TIMP1,0.004620618405515328,2.6767164784340234,3511,grn_regression_prediction
FOXO1,TMSB10,0.0169236643918259,3.4531681847617604,3511,grn_regression_prediction
FOXO1,TMSB4X,0.023946166319143685,3.8536348371499285,3511,grn_regression_prediction
FOXO1,TNC,0.008428226025261424,0.18763057285969734,3511,grn_regression_prediction
FOXO1,TNFAIP6,0.00680894855848711,1.0689765964360216,3511,grn_regression_prediction
FOXO1,TNFRSF12A,0.006565058521136629,0.40292673550747116,3511,grn_regression_prediction
FOXO1,TNXB,-0.019917941171704413,2.2828972803583683,3511,grn_regression_prediction
FOXO1,TPM2,-0.00818114444343624,0.5161693238132451,3511,grn_regression_prediction
FOXO1,VCAM1,-0.009963375452990161,0.22171610932544358,3511,grn_regression_prediction
FOXO1,WWTR1,-0.04104864172125864,0.528580161618155,3511,grn_regression_prediction
FOXO1,YAP1,-0.022572136135991686,0.3773965759282832,3511,grn_regression_prediction
FOXO1,ZFP36,0.006702061961584835,2.453864426708845,3511,grn_regression_prediction
FOXO3,ABI3BP,-0.003427578083632815,1.3270707183259904,3511,grn_regression_prediction
FOXO3,ABL2,-0.00013284100383366713,0.7871895942696501,3511,grn_regression_prediction
FOXO3,ACTA2,0.015402762036909264,0.3469903672120604,3511,grn_regression_prediction
FOXO3,ADAMTS4,0.0038560127265837825,0.38501361144338125,3511,grn_regression_prediction
FOXO3,ASPN,0.08338723768422543,0.787387464696282,3511,grn_regression_prediction
FOXO3,B2M,0.04031356762248615,3.7486179444151326,3511,grn_regression_prediction
FOXO3,BHLHE40,0.028535151694799844,0.6803289454569699,3511,grn_regression_prediction
FOXO3,CCDC80,0.0893905546371013,2.389059139752932,3511,grn_regression_prediction
FOXO3,CCL2,0.0912544962423497,1.3309328949259225,3511,grn_regression_prediction
FOXO3,CD36,2.327841813542902e-05,0.06417911862972783,3511,grn_regression_prediction
FOXO3,CEBPA,-0.00016800044635129085,0.07747167955619647,3511,grn_regression_prediction
FOXO3,CILP,-0.033195318615621534,1.7232247589825997,3511,grn_regression_prediction
FOXO3,COL14A1,0.021118394740377494,1.1718055545562678,3511,grn_regression_prediction
FOXO3,COL15A1,-0.035020877825831284,1.2728203241225007,3511,grn_regression_prediction
FOXO3,COL1A1,0.147423602412011,2.0308785534719687,3511,grn_regression_prediction
FOXO3,COL1A2,0.15311485926321672,3.0684073243938066,3511,grn_regression_prediction
FOXO3,COL3A1,0.16548111122219777,2.260080187370382,3511,grn_regression_prediction
FOXO3,COL6A1,0.022876257291519753,2.7551182837758654,3511,grn_regression_prediction
FOXO3,COL6A2,0.013258192547110264,3.256437370436789,3511,grn_regression_prediction
FOXO3,CRABP2,0.07770064850921023,0.6013065937299805,3511,grn_regression_prediction
FOXO3,CRIP1,0.10403317977377338,0.8692841204617308,3511,grn_regression_prediction
FOXO3,CST3,0.03970526652232758,3.817588379187304,3511,grn_regression_prediction
FOXO3,CTHRC1,0.03878227260184014,0.516304488449469,3511,grn_regression_prediction
FOXO3,CXCL12,-0.04727265300496146,1.8913219138802022,3511,grn_regression_prediction
FOXO3,CXCL14,-0.03292035377925099,1.7503365456157385,3511,grn_regression_prediction
FOXO3,CXCL2,0.04590934628687076,0.7765720689464484,3511,grn_regression_prediction
FOXO3,DCN,0.05368899757421462,4.657571546917606,3511,grn_regression_prediction
FOXO3,DPT,0.01093049457012442,2.4844708697402766,3511,grn_regression_prediction
FOXO3,EIF1,-0.008499533075686507,3.5538847893947216,3511,grn_regression_prediction
FOXO3,ELN,0.007056884089797224,0.9280504829175651,3511,grn_regression_prediction
FOXO3,EMP1,0.0028392850963828422,1.9416528421102945,3511,grn_regression_prediction
FOXO3,FABP4,0.00558409174302559,0.0830012620439672,3511,grn_regression_prediction
FOXO3,FN1,0.03101205007445699,2.1419637139707555,3511,grn_regression_prediction
FOXO3,FOS,0.0010815801148532842,2.595506288706375,3511,grn_regression_prediction
FOXO3,FOSB,0.021361848128479216,1.3722394392527941,3511,grn_regression_prediction
FOXO3,FOXO1,-0.194864635665128,0.6682540583499361,3511,grn_regression_prediction
FOXO3,FOXO3,-1.1367899179458618,1.1367899179458618,3511,direct_knockdown
FOXO3,GADD45B,-0.02348972684556231,2.2277772305289854,3511,grn_regression_prediction
FOXO3,GEM,0.013423292702364411,0.5990427576831885,3511,grn_regression_prediction
FOXO3,GPRC5A,0.04121919946971796,0.6280824544511414,3511,grn_regression_prediction
FOXO3,GSN,0.025746461273925325,4.2920376800146265,3511,grn_regression_prediction
FOXO3,HAS1,0.08177453658658555,0.5306449130860875,3511,grn_regression_prediction
FOXO3,HIF1A,-0.016706837683101185,0.4212594283691042,3511,grn_regression_prediction
FOXO3,HSPG2,-0.02478700271158642,1.6767568740071912,3511,grn_regression_prediction
FOXO3,ICAM1,0.01775956509356079,0.49651674085613756,3511,grn_regression_prediction
FOXO3,IER3,0.03920108959505603,1.0909652062174227,3511,grn_regression_prediction
FOXO3,IGF2,0.03091536088072985,0.5517302824940203,3511,grn_regression_prediction
FOXO3,IL6,0.04668109076119456,0.5333962678225675,3511,grn_regression_prediction
FOXO3,IRF1,0.020905771002033727,1.1391736619219361,3511,grn_regression_prediction
FOXO3,JUN,-0.024740378970857815,2.6550537494949693,3511,grn_regression_prediction
FOXO3,JUNB,0.020530960971685327,2.6427700439216255,3511,grn_regression_prediction
FOXO3,JUND,-0.08565996933573106,1.9798615336094656,3511,grn_regression_prediction
FOXO3,KDM6B,0.0014341754722338575,0.5774021016331217,3511,grn_regression_prediction
FOXO3,KLF4,0.0018189943004551946,1.3980649142249422,3511,grn_regression_prediction
FOXO3,KLF5,-0.007137817159527491,0.1522004537194626,3511,grn_regression_prediction
FOXO3,LGALS1,0.08510434923672287,3.3088697758237844,3511,grn_regression_prediction
FOXO3,LMNA,0.1093489510292777,2.266725422058164,3511,grn_regression_prediction
FOXO3,LOX,-0.01395440759092824,0.4615704056274941,3511,grn_regression_prediction
FOXO3,LPL,-0.011717154507269747,0.0591481386567459,3511,grn_regression_prediction
FOXO3,LUM,0.02633037347387901,2.730449775055442,3511,grn_regression_prediction
FOXO3,MGP,0.015154069479055041,3.737511773450317,3511,grn_regression_prediction
FOXO3,MMP14,-0.0647252045650893,0.8739159726548201,3511,grn_regression_prediction
FOXO3,MMP2,-0.05546779574293025,2.447638707492677,3511,grn_regression_prediction
FOXO3,MT-ATP6,-0.01249526798696095,4.0235800904845,3511,grn_regression_prediction
FOXO3,MT-CO1,0.022788460186517593,3.956879951152441,3511,grn_regression_prediction
FOXO3,MT-CO2,0.0032170048738942142,3.98329321165335,3511,grn_regression_prediction
FOXO3,MT-CYB,0.005187248854225859,4.034005523220408,3511,grn_regression_prediction
FOXO3,MT-ND1,0.0020015676253396864,3.7595417072399866,3511,grn_regression_prediction
FOXO3,MT-ND3,-0.022526421568355826,3.8442123457713024,3511,grn_regression_prediction
FOXO3,MT-ND4,0.011399012805844029,4.0733362118219585,3511,grn_regression_prediction
FOXO3,MT2A,-0.05681208760065126,3.093370063521595,3511,grn_regression_prediction
FOXO3,MXRA5,0.020704436226427154,0.32517631897068133,3511,grn_regression_prediction
FOXO3,NAMPT,-0.05324583950691396,1.100372040688185,3511,grn_regression_prediction
FOXO3,NEAT1,0.03322348622894134,3.496903088689288,3511,grn_regression_prediction
FOXO3,OGN,0.0029613280788742535,1.1812035041619755,3511,grn_regression_prediction
FOXO3,PLAU,0.07613485355399087,0.8995059350935289,3511,grn_regression_prediction
FOXO3,PLAUR,0.012655179494031553,0.6361275833421668,3511,grn_regression_prediction
FOXO3,POSTN,0.005096063471532132,0.07725119068763647,3511,grn_regression_prediction
FOXO3,PPARG,-0.014851930999011626,0.07946789932159865,3511,grn_regression_prediction
FOXO3,PRSS23,0.06266839546178743,0.5507501152317121,3511,grn_regression_prediction
FOXO3,RGCC,0.00165228681297941,0.48280380665096895,3511,grn_regression_prediction
FOXO3,RPL13,0.007565538649847483,3.898562718306503,3511,grn_regression_prediction
FOXO3,RPL21,0.003113096730314001,3.6437456056589372,3511,grn_regression_prediction
FOXO3,RPL41,0.001140137812790709,3.772769435848681,3511,grn_regression_prediction
FOXO3,RUNX1,0.005559595158672715,0.40095792944847075,3511,grn_regression_prediction
FOXO3,RUNX2,-0.018378968600881677,0.07547310391439782,3511,grn_regression_prediction
FOXO3,S100A10,0.14690907375989892,3.2864546744817242,3511,grn_regression_prediction
FOXO3,S100A4,0.15977285752525983,3.4343516825191482,3511,grn_regression_prediction
FOXO3,SFRP2,0.036180015257315616,1.0391034652934348,3511,grn_regression_prediction
FOXO3,SFRP4,0.10140873760211615,1.3553016326118774,3511,grn_regression_prediction
FOXO3,SMAD3,-0.05372707885870565,0.5723380460604535,3511,grn_regression_prediction
FOXO3,SOCS3,0.019046377737230023,1.7478125631729386,3511,grn_regression_prediction
FOXO3,SPARC,0.07020259181318546,2.0506053392896093,3511,grn_regression_prediction
FOXO3,SPP1,5.4447403951716656e-05,0.004237123452887762,3511,grn_regression_prediction
FOXO3,STAT3,-0.11623768056126978,1.2415762700082627,3511,grn_regression_prediction
FOXO3,TEAD1,-0.046125292321447256,0.41302701279481324,3511,grn_regression_prediction
FOXO3,THBS2,-0.003799889698033404,0.633925367723459,3511,grn_regression_prediction
FOXO3,THY1,0.0698388649480019,0.5512183416768301,3511,grn_regression_prediction
FOXO3,TIMP1,0.019179563303357083,2.6767164784340234,3511,grn_regression_prediction
FOXO3,TMSB10,0.08801774307276566,3.4531681847617604,3511,grn_regression_prediction
FOXO3,TMSB4X,0.10575753104821052,3.8536348371499285,3511,grn_regression_prediction
FOXO3,TNC,0.0019643088766790493,0.18763057285969734,3511,grn_regression_prediction
FOXO3,TNFAIP6,0.04504602909780435,1.0689765964360216,3511,grn_regression_prediction
FOXO3,TNFRSF12A,0.029619816741107054,0.4029267355074711,3511,grn_regression_prediction
FOXO3,TNXB,0.07810574324615252,2.2828972803583683,3511,grn_regression_prediction
FOXO3,TPM2,-0.003514829435775059,0.5161693238132451,3511,grn_regression_prediction
FOXO3,VCAM1,-0.03427485280544429,0.22171610932544358,3511,grn_regression_prediction
FOXO3,WWTR1,-0.04724841507587468,0.528580161618155,3511,grn_regression_prediction
FOXO3,YAP1,-0.0372133967170554,0.3773965759282832,3511,grn_regression_prediction
FOXO3,ZFP36,-0.0254884490880273,2.453864426708845,3511,grn_regression_prediction
HIF1A,ABI3BP,-0.022813696205915394,1.3270707183259902,3511,grn_regression_prediction
HIF1A,ABL2,-0.023318602021172623,0.7871895942696501,3511,grn_regression_prediction
HIF1A,ACTA2,-0.003841536029764675,0.3469903672120604,3511,grn_regression_prediction
HIF1A,ADAMTS4,-0.040096434666454524,0.38501361144338125,3511,grn_regression_prediction
HIF1A,ASPN,-0.007665196800431486,0.787387464696282,3511,grn_regression_prediction
HIF1A,B2M,-0.0003486456415602762,3.7486179444151326,3511,grn_regression_prediction
HIF1A,BHLHE40,-0.005986676812333654,0.6803289454569699,3511,grn_regression_prediction
HIF1A,CCDC80,-0.011809740156037894,2.389059139752932,3511,grn_regression_prediction
HIF1A,CCL2,-0.041770783549157434,1.3309328949259225,3511,grn_regression_prediction
HIF1A,CD36,-0.00044382796379577435,0.06417911862972783,3511,grn_regression_prediction
HIF1A,CEBPA,-0.0016913960413530737,0.07747167955619647,3511,grn_regression_prediction
HIF1A,CILP,-0.0034957043037889633,1.7232247589825997,3511,grn_regression_prediction
HIF1A,COL14A1,-0.022651260746140916,1.1718055545562678,3511,grn_regression_prediction
HIF1A,COL15A1,-0.001789358333779041,1.2728203241225007,3511,grn_regression_prediction
HIF1A,COL1A1,-0.025914938102264952,2.0308785534719687,3511,grn_regression_prediction
HIF1A,COL1A2,-0.004737357092512097,3.068407324393806,3511,grn_regression_prediction
HIF1A,COL3A1,-0.018362524615886354,2.260080187370382,3511,grn_regression_prediction
HIF1A,COL6A1,-0.00026225495637939274,2.7551182837758654,3511,grn_regression_prediction
HIF1A,COL6A2,-0.007624921518311088,3.256437370436789,3511,grn_regression_prediction
HIF1A,CRABP2,-0.011535970346893664,0.6013065937299805,3511,grn_regression_prediction
HIF1A,CRIP1,0.0018099082252598187,0.8692841204617309,3511,grn_regression_prediction
HIF1A,CST3,-0.002690931628967022,3.8175883791873044,3511,grn_regression_prediction
HIF1A,CTHRC1,-0.006647667179432725,0.516304488449469,3511,grn_regression_prediction
HIF1A,CXCL12,-0.00603161020911759,1.891321913880202,3511,grn_regression_prediction
HIF1A,CXCL14,-0.002170304353426319,1.7503365456157385,3511,grn_regression_prediction
HIF1A,CXCL2,-0.01990328067240362,0.7765720689464484,3511,grn_regression_prediction
HIF1A,DCN,0.004479972434677367,4.657571546917606,3511,grn_regression_prediction
HIF1A,DPT,-0.0010519911842872477,2.4844708697402766,3511,grn_regression_prediction
HIF1A,EIF1,-0.0006322288430868022,3.5538847893947216,3511,grn_regression_prediction
HIF1A,ELN,-0.0027732519398133842,0.9280504829175651,3511,grn_regression_prediction
HIF1A,EMP1,-0.01017958098882405,1.9416528421102945,3511,grn_regression_prediction
HIF1A,FABP4,0.0002270569488915242,0.0830012620439672,3511,grn_regression_prediction
HIF1A,FN1,-0.005778944632492931,2.1419637139707555,3511,grn_regression_prediction
HIF1A,FOS,0.004429781939437552,2.595506288706375,3511,grn_regression_prediction
HIF1A,FOSB,-0.006876919513223497,1.3722394392527941,3511,grn_regression_prediction
HIF1A,FOXO1,-0.005671047149732428,0.6682540583499361,3511,grn_regression_prediction
HIF1A,FOXO3,-0.0047755899009005905,1.2735886280940487,3511,grn_regression_prediction
HIF1A,GADD45B,-0.00797115890628226,2.2277772305289854,3511,grn_regression_prediction
HIF1A,GEM,-0.022686025035237044,0.5990427576831885,3511,grn_regression_prediction
HIF1A,GPRC5A,-0.010204534998167815,0.6280824544511414,3511,grn_regression_prediction
HIF1A,GSN,0.009898293145792282,4.2920376800146265,3511,grn_regression_prediction
HIF1A,HAS1,-0.013024902550742807,0.5306449130860875,3511,grn_regression_prediction
HIF1A,HIF1A,-0.4525456726551056,0.4525456726551056,3511,direct_knockdown
HIF1A,HSPG2,0.0003678647318541804,1.6767568740071912,3511,grn_regression_prediction
HIF1A,ICAM1,-0.040384410128346114,0.49651674085613756,3511,grn_regression_prediction
HIF1A,IER3,-0.017706064538131845,1.0909652062174227,3511,grn_regression_prediction
HIF1A,IGF2,-0.005600629098565439,0.5517302824940203,3511,grn_regression_prediction
HIF1A,IL6,-0.022674787945709002,0.5333962678225675,3511,grn_regression_prediction
HIF1A,IRF1,-0.007557561661163313,1.1391736619219361,3511,grn_regression_prediction
HIF1A,JUN,0.0072752423235029435,2.6550537494949693,3511,grn_regression_prediction
HIF1A,JUNB,-0.004581462714292124,2.642770043921625,3511,grn_regression_prediction
HIF1A,JUND,-0.012458420883373376,1.9798615336094656,3511,grn_regression_prediction
HIF1A,KDM6B,-0.03172156310189985,0.5774021016331217,3511,grn_regression_prediction
HIF1A,KLF4,-0.0019424140854403078,1.3980649142249422,3511,grn_regression_prediction
HIF1A,KLF5,-0.007158973604652779,0.1522004537194626,3511,grn_regression_prediction
HIF1A,LGALS1,0.0005534230840769928,3.3088697758237844,3511,grn_regression_prediction
HIF1A,LMNA,-0.010625237078735845,2.266725422058164,3511,grn_regression_prediction
HIF1A,LOX,-0.0050323297481856075,0.4615704056274941,3511,grn_regression_prediction
HIF1A,LPL,-0.003122910787599943,0.0591481386567459,3511,grn_regression_prediction
HIF1A,LUM,-0.00944951157214872,2.730449775055442,3511,grn_regression_prediction
HIF1A,MGP,-0.00480100411284465,3.737511773450317,3511,grn_regression_prediction
HIF1A,MMP14,-0.0034808356128726414,0.8739159726548201,3511,grn_regression_prediction
HIF1A,MMP2,-0.011716392809646007,2.447638707492677,3511,grn_regression_prediction
HIF1A,MT-ATP6,-0.00029156939300150367,4.0235800904845,3511,grn_regression_prediction
HIF1A,MT-CO1,-0.0006403906812514467,3.9568799511524424,3511,grn_regression_prediction
HIF1A,MT-CO2,-0.0006535668230652209,3.98329321165335,3511,grn_regression_prediction
HIF1A,MT-CYB,0.0009400191647520645,4.034005523220408,3511,grn_regression_prediction
HIF1A,MT-ND1,0.001959327272282069,3.7595417072399866,3511,grn_regression_prediction
HIF1A,MT-ND3,-0.0059041845029635595,3.8442123457713024,3511,grn_regression_prediction
HIF1A,MT-ND4,0.00016692986295142355,4.0733362118219585,3511,grn_regression_prediction
HIF1A,MT2A,-0.02912060368483546,3.093370063521595,3511,grn_regression_prediction
HIF1A,MXRA5,-0.03042075727542904,0.32517631897068133,3511,grn_regression_prediction
HIF1A,NAMPT,-0.06086142480703474,1.100372040688185,3511,grn_regression_prediction
HIF1A,NEAT1,0.0018531384230264314,3.496903088689288,3511,grn_regression_prediction
HIF1A,OGN,-0.02788179421784803,1.1812035041619755,3511,grn_regression_prediction
HIF1A,PLAU,-0.01790991279542649,0.8995059350935289,3511,grn_regression_prediction
HIF1A,PLAUR,-0.01600954208112391,0.6361275833421668,3511,grn_regression_prediction
HIF1A,POSTN,-0.007758656489097375,0.07725119068763647,3511,grn_regression_prediction
HIF1A,PPARG,-0.005954258916440861,0.07946789932159865,3511,grn_regression_prediction
HIF1A,PRSS23,-0.00291085164647174,0.5507501152317121,3511,grn_regression_prediction
HIF1A,RGCC,-0.0021623149603847446,0.48280380665096895,3511,grn_regression_prediction
HIF1A,RPL13,-0.0001392492635992999,3.898562718306503,3511,grn_regression_prediction
HIF1A,RPL21,-0.0002816156817265558,3.6437456056589372,3511,grn_regression_prediction
HIF1A,RPL41,-3.2461610517905246e-05,3.7727694358486814,3511,grn_regression_prediction
HIF1A,RUNX1,-0.057677727190945494,0.40095792944847075,3511,grn_regression_prediction
HIF1A,RUNX2,0.0001276381336029459,0.07547310391439782,3511,grn_regression_prediction
HIF1A,S100A10,0.003143912647786591,3.2864546744817247,3511,grn_regression_prediction
HIF1A,S100A4,0.004663127735482637,3.4343516825191482,3511,grn_regression_prediction
HIF1A,SFRP2,-0.038516773982027235,1.0391034652934348,3511,grn_regression_prediction
HIF1A,SFRP4,-0.0028390133980999346,1.3553016326118772,3511,grn_regression_prediction
HIF1A,SMAD3,-0.01399843531270212,0.5723380460604535,3511,grn_regression_prediction
HIF1A,SOCS3,-0.011660855263251592,1.7478125631729386,3511,grn_regression_prediction
HIF1A,SPARC,-0.011346859537766261,2.0506053392896093,3511,grn_regression_prediction
HIF1A,SPP1,-0.0010858925726529437,0.004237123452887762,3511,grn_regression_prediction
HIF1A,STAT3,-0.016148080896191925,1.2415762700082627,3511,grn_regression_prediction
HIF1A,TEAD1,-0.01331383021586903,0.41302701279481313,3511,grn_regression_prediction
HIF1A,THBS2,-0.021935005374692944,0.6339253677234589,3511,grn_regression_prediction
HIF1A,THY1,-0.019763095397888016,0.5512183416768301,3511,grn_regression_prediction
HIF1A,TIMP1,-0.01161121637729143,2.6767164784340234,3511,grn_regression_prediction
HIF1A,TMSB10,-0.0037718117038362197,3.4531681847617604,3511,grn_regression_prediction
HIF1A,TMSB4X,-0.0011647693162035052,3.8536348371499285,3511,grn_regression_prediction
HIF1A,TNC,-0.02256482133695345,0.18763057285969734,3511,grn_regression_prediction
HIF1A,TNFAIP6,-0.0246757761371273,1.0689765964360218,3511,grn_regression_prediction
HIF1A,TNFRSF12A,-0.017227133186088008,0.4029267355074711,3511,grn_regression_prediction
HIF1A,TNXB,0.0050010854818396755,2.2828972803583683,3511,grn_regression_prediction
HIF1A,TPM2,-0.024350237275367455,0.5161693238132451,3511,grn_regression_prediction
HIF1A,VCAM1,-0.01155119181973618,0.22171610932544358,3511,grn_regression_prediction
HIF1A,WWTR1,-0.00864659816132821,0.528580161618155,3511,grn_regression_prediction
HIF1A,YAP1,-0.01748654240462648,0.3773965759282832,3511,grn_regression_prediction
HIF1A,ZFP36,-0.004410368862568325,2.453864426708845,3511,grn_regression_prediction
TEAD1,ABI3BP,-0.03075450824088948,1.3270707183259902,3511,grn_regression_prediction
TEAD1,ABL2,-0.005955674276525746,0.7871895942696501,3511,grn_regression_prediction
TEAD1,ACTA2,-0.0061315005333497105,0.34699036721206034,3511,grn_regression_prediction
TEAD1,ADAMTS4,0.00530184857914524,0.38501361144338125,3511,grn_regression_prediction
TEAD1,ASPN,3.266790585795266e-05,0.787387464696282,3511,grn_regression_prediction
TEAD1,B2M,0.014236638555666157,3.748617944415132,3511,grn_regression_prediction
TEAD1,BHLHE40,0.0004370144146760094,0.6803289454569699,3511,grn_regression_prediction
TEAD1,CCDC80,-0.016770791053681747,2.389059139752932,3511,grn_regression_prediction
TEAD1,CCL2,0.02386319718251786,1.3309328949259225,3511,grn_regression_prediction
TEAD1,CD36,7.562887554271345e-07,0.06417911862972783,3511,grn_regression_prediction
TEAD1,CEBPA,-0.0020171737299014615,0.07747167955619647,3511,grn_regression_prediction
TEAD1,CILP,-0.04356987743453317,1.7232247589825997,3511,grn_regression_prediction
TEAD1,COL14A1,-0.028844290853882574,1.1718055545562678,3511,grn_regression_prediction
TEAD1,COL15A1,-0.003532915646383508,1.2728203241225007,3511,grn_regression_prediction
TEAD1,COL1A1,-0.0010575701169223042,2.0308785534719687,3511,grn_regression_prediction
TEAD1,COL1A2,-0.004803831235944901,3.0684073243938066,3511,grn_regression_prediction
TEAD1,COL3A1,-0.012895613112883295,2.260080187370382,3511,grn_regression_prediction
TEAD1,COL6A1,-0.019313673119425927,2.755118283775866,3511,grn_regression_prediction
TEAD1,COL6A2,-0.005177787949669903,3.256437370436789,3511,grn_regression_prediction
TEAD1,CRABP2,0.002839550869198302,0.6013065937299805,3511,grn_regression_prediction
TEAD1,CRIP1,-0.0012719926632005012,0.8692841204617308,3511,grn_regression_prediction
TEAD1,CST3,0.00015404138053751483,3.817588379187304,3511,grn_regression_prediction
TEAD1,CTHRC1,0.003492508340297526,0.516304488449469,3511,grn_regression_prediction
TEAD1,CXCL12,-0.0003102140261140791,1.8913219138802022,3511,grn_regression_prediction
TEAD1,CXCL14,0.006158639063268879,1.7503365456157385,3511,grn_regression_prediction
TEAD1,CXCL2,0.0135308183952944,0.7765720689464484,3511,grn_regression_prediction
TEAD1,DCN,0.001872642479201108,4.657571546917606,3511,grn_regression_prediction
TEAD1,DPT,0.00017190212499943475,2.4844708697402766,3511,grn_regression_prediction
TEAD1,EIF1,0.015444297462835075,3.5538847893947216,3511,grn_regression_prediction
TEAD1,ELN,-0.015931050399056325,0.9280504829175651,3511,grn_regression_prediction
TEAD1,EMP1,0.0025663157267858065,1.9416528421102945,3511,grn_regression_prediction
TEAD1,FABP4,0.0008979847877071469,0.0830012620439672,3511,grn_regression_prediction
TEAD1,FN1,-0.03956941707003721,2.1419637139707555,3511,grn_regression_prediction
TEAD1,FOS,0.0006335509586254716,2.595506288706375,3511,grn_regression_prediction
TEAD1,FOSB,0.002299888175028843,1.3722394392527941,3511,grn_regression_prediction
TEAD1,FOXO1,-0.04954252402726784,0.6682540583499361,3511,grn_regression_prediction
TEAD1,FOXO3,-0.01730694090390428,1.2735886280940487,3511,grn_regression_prediction
TEAD1,GADD45B,0.00665533228528365,2.2277772305289854,3511,grn_regression_prediction
TEAD1,GEM,0.004148249772528536,0.5990427576831885,3511,grn_regression_prediction
TEAD1,GPRC5A,0.0005579953621817229,0.6280824544511414,3511,grn_regression_prediction
TEAD1,GSN,0.0023240373406215333,4.2920376800146265,3511,grn_regression_prediction
TEAD1,HAS1,0.007744622119962468,0.5306449130860874,3511,grn_regression_prediction
TEAD1,HIF1A,-0.013108400138027209,0.4212594283691042,3511,grn_regression_prediction
TEAD1,HSPG2,-0.05432095459096765,1.6767568740071912,3511,grn_regression_prediction
TEAD1,ICAM1,0.019560119938640336,0.49651674085613756,3511,grn_regression_prediction
TEAD1,IER3,0.006551793806333838,1.0909652062174227,3511,grn_regression_prediction
TEAD1,IGF2,0.0008043965707108114,0.5517302824940203,3511,grn_regression_prediction
TEAD1,IL6,0.008045145534012586,0.5333962678225674,3511,grn_regression_prediction
TEAD1,IRF1,0.00046697280165963187,1.1391736619219361,3511,grn_regression_prediction
TEAD1,JUN,-0.006285681099297251,2.655053749494969,3511,grn_regression_prediction
TEAD1,JUNB,0.012480010806418666,2.642770043921625,3511,grn_regression_prediction
TEAD1,JUND,-0.035794074520949425,1.9798615336094656,3511,grn_regression_prediction
TEAD1,KDM6B,0.007161347412458649,0.5774021016331217,3511,grn_regression_prediction
TEAD1,KLF4,0.0038790396857172524,1.3980649142249422,3511,grn_regression_prediction
TEAD1,KLF5,-0.0001342421103294977,0.15220045371946256,3511,grn_regression_prediction
TEAD1,LGALS1,0.004550144064256241,3.3088697758237844,3511,grn_regression_prediction
TEAD1,LMNA,0.004858263068286162,2.266725422058164,3511,grn_regression_prediction
TEAD1,LOX,-0.013254733971467533,0.4615704056274941,3511,grn_regression_prediction
TEAD1,LPL,0.0001054817306134106,0.0591481386567459,3511,grn_regression_prediction
TEAD1,LUM,0.0036415250072432733,2.730449775055442,3511,grn_regression_prediction
TEAD1,MGP,0.0004920641263622497,3.737511773450317,3511,grn_regression_prediction
TEAD1,MMP14,-0.0041555537095560695,0.8739159726548201,3511,grn_regression_prediction
TEAD1,MMP2,0.0025961395375186692,2.447638707492677,3511,grn_regression_prediction
TEAD1,MT-ATP6,-0.00838684940440453,4.0235800904845,3511,grn_regression_prediction
TEAD1,MT-CO1,-0.0046168086574645524,3.9568799511524415,3511,grn_regression_prediction
TEAD1,MT-CO2,-0.005126259105717429,3.98329321165335,3511,grn_regression_prediction
TEAD1,MT-CYB,-0.0030583183226095736,4.034005523220408,3511,grn_regression_prediction
TEAD1,MT-ND1,-0.00014413240833207526,3.7595417072399866,3511,grn_regression_prediction
TEAD1,MT-ND3,-0.002007676139003146,3.8442123457713024,3511,grn_regression_prediction
TEAD1,MT-ND4,-0.0003679425891304986,4.0733362118219585,3511,grn_regression_prediction
TEAD1,MT2A,0.017416739180389027,3.093370063521595,3511,grn_regression_prediction
TEAD1,MXRA5,-0.009396148924407667,0.32517631897068133,3511,grn_regression_prediction
TEAD1,NAMPT,0.0019692965937319787,1.100372040688185,3511,grn_regression_prediction
TEAD1,NEAT1,-0.007361369764284158,3.4969030886892885,3511,grn_regression_prediction
TEAD1,OGN,-0.027736089452216253,1.1812035041619755,3511,grn_regression_prediction
TEAD1,PLAU,0.003722577603355032,0.8995059350935289,3511,grn_regression_prediction
TEAD1,PLAUR,0.012667897661222876,0.6361275833421668,3511,grn_regression_prediction
TEAD1,POSTN,1.9614096872866674e-05,0.07725119068763647,3511,grn_regression_prediction
TEAD1,PPARG,-0.0062309855935871366,0.07946789932159865,3511,grn_regression_prediction
TEAD1,PRSS23,-0.0019253408818885314,0.5507501152317121,3511,grn_regression_prediction
TEAD1,RGCC,-0.0011972255857280911,0.48280380665096895,3511,grn_regression_prediction
TEAD1,RPL13,0.006848172870512598,3.898562718306503,3511,grn_regression_prediction
TEAD1,RPL21,0.027222099788733488,3.6437456056589372,3511,grn_regression_prediction
TEAD1,RPL41,0.027163083542848555,3.7727694358486814,3511,grn_regression_prediction
TEAD1,RUNX1,-0.00578244501285856,0.4009579294484707,3511,grn_regression_prediction
TEAD1,RUNX2,-0.0023023027210372178,0.07547310391439782,3511,grn_regression_prediction
TEAD1,S100A10,0.0023731039024739164,3.2864546744817242,3511,grn_regression_prediction
TEAD1,S100A4,0.00532337618278545,3.4343516825191482,3511,grn_regression_prediction
TEAD1,SFRP2,-0.019243230109934527,1.0391034652934348,3511,grn_regression_prediction
TEAD1,SFRP4,0.005393858248839015,1.3553016326118772,3511,grn_regression_prediction
TEAD1,SMAD3,-0.0418354013403349,0.5723380460604535,3511,grn_regression_prediction
TEAD1,SOCS3,0.004705215395239742,1.7478125631729386,3511,grn_regression_prediction
TEAD1,SPARC,-0.011953397223565504,2.0506053392896093,3511,grn_regression_prediction
TEAD1,SPP1,-5.680008486330461e-05,0.004237123452887762,3511,grn_regression_prediction
TEAD1,STAT3,-0.012620128536138937,1.2415762700082627,3511,grn_regression_prediction
TEAD1,TEAD1,-0.4049396514892578,0.4049396514892578,3511,direct_knockdown
TEAD1,THBS2,-0.01487151690820072,0.633925367723459,3511,grn_regression_prediction
TEAD1,THY1,-0.0032585732141348616,0.5512183416768301,3511,grn_regression_prediction
TEAD1,TIMP1,-0.0005706822246897292,2.6767164784340234,3511,grn_regression_prediction
TEAD1,TMSB10,0.006303802412334843,3.4531681847617604,3511,grn_regression_prediction
TEAD1,TMSB4X,0.010398239684266194,3.8536348371499285,3511,grn_regression_prediction
TEAD1,TNC,0.0018072922978750155,0.18763057285969734,3511,grn_regression_prediction
TEAD1,TNFAIP6,0.012147155348549968,1.0689765964360216,3511,grn_regression_prediction
TEAD1,TNFRSF12A,0.011920711059511046,0.4029267355074711,3511,grn_regression_prediction
TEAD1,TNXB,-0.016082446885269306,2.2828972803583683,3511,grn_regression_prediction
TEAD1,TPM2,-0.011227270298408509,0.5161693238132451,3511,grn_regression_prediction
TEAD1,VCAM1,-0.0011571899825511924,0.22171610932544358,3511,grn_regression_prediction
TEAD1,WWTR1,-0.015228631525731838,0.528580161618155,3511,grn_regression_prediction
TEAD1,YAP1,-0.03341374015817624,0.3773965759282832,3511,grn_regression_prediction
TEAD1,ZFP36,0.017902008142041015,2.453864426708845,3511,grn_regression_prediction
YAP1,ABI3BP,-0.01477467080535639,1.3270707183259902,3511,grn_regression_prediction
YAP1,ABL2,-0.0030178653120082307,0.7871895942696501,3511,grn_regression_prediction
YAP1,ACTA2,-0.007654991827863402,0.34699036721206034,3511,grn_regression_prediction
YAP1,ADAMTS4,0.0006002545308828679,0.38501361144338125,3511,grn_regression_prediction
YAP1,ASPN,-0.0006835601644244213,0.787387464696282,3511,grn_regression_prediction
YAP1,B2M,0.0024956664320583137,3.7486179444151326,3511,grn_regression_prediction
YAP1,BHLHE40,-0.007590992209352965,0.6803289454569699,3511,grn_regression_prediction
YAP1,CCDC80,0.0005151140174096597,2.389059139752932,3511,grn_regression_prediction
YAP1,CCL2,0.004804825864552378,1.3309328949259225,3511,grn_regression_prediction
YAP1,CD36,0.0014356113306737118,0.06417911862972783,3511,grn_regression_prediction
YAP1,CEBPA,-0.00197822398466628,0.07747167955619645,3511,grn_regression_prediction
YAP1,CILP,-0.0076450911380934825,1.7232247589825997,3511,grn_regression_prediction
YAP1,COL14A1,-0.010859193057342995,1.1718055545562678,3511,grn_regression_prediction
YAP1,COL15A1,-0.007675662729489101,1.2728203241225007,3511,grn_regression_prediction
YAP1,COL1A1,-0.004927737892883461,2.0308785534719687,3511,grn_regression_prediction
YAP1,COL1A2,-0.0010559372194143056,3.068407324393806,3511,grn_regression_prediction
YAP1,COL3A1,-0.0025287492627211615,2.2600801873703826,3511,grn_regression_prediction
YAP1,COL6A1,-0.0027625376233264233,2.755118283775866,3511,grn_regression_prediction
YAP1,COL6A2,0.00026491834824654716,3.256437370436789,3511,grn_regression_prediction
YAP1,CRABP2,-0.001491269831136908,0.6013065937299805,3511,grn_regression_prediction
YAP1,CRIP1,0.00012321961894755642,0.8692841204617308,3511,grn_regression_prediction
YAP1,CST3,-0.000702962292484407,3.8175883791873035,3511,grn_regression_prediction
YAP1,CTHRC1,-0.0012056319364298583,0.516304488449469,3511,grn_regression_prediction
YAP1,CXCL12,-0.004572856784440921,1.8913219138802022,3511,grn_regression_prediction
YAP1,CXCL14,-8.989173511788416e-05,1.7503365456157385,3511,grn_regression_prediction
YAP1,CXCL2,-0.002149081157176953,0.7765720689464484,3511,grn_regression_prediction
YAP1,DCN,0.004032100788738571,4.657571546917606,3511,grn_regression_prediction
YAP1,DPT,-1.2692169583474538e-05,2.4844708697402766,3511,grn_regression_prediction
YAP1,EIF1,0.0042942866908952815,3.5538847893947216,3511,grn_regression_prediction
YAP1,ELN,-0.0027759127338941427,0.9280504829175651,3511,grn_regression_prediction
YAP1,EMP1,-0.01332355485593166,1.9416528421102945,3511,grn_regression_prediction
YAP1,FABP4,-0.0004342872473062202,0.0830012620439672,3511,grn_regression_prediction
YAP1,FN1,-0.010535200584956586,2.1419637139707555,3511,grn_regression_prediction
YAP1,FOS,0.0017038222790430118,2.595506288706375,3511,grn_regression_prediction
YAP1,FOSB,7.836701641591361e-05,1.3722394392527941,3511,grn_regression_prediction
YAP1,FOXO1,-0.014617354806745218,0.6682540583499361,3511,grn_regression_prediction
YAP1,FOXO3,-0.012501303755598523,1.2735886280940487,3511,grn_regression_prediction
YAP1,GADD45B,0.002381688234363351,2.2277772305289854,3511,grn_regression_prediction
YAP1,GEM,-0.00326176851328048,0.5990427576831885,3511,grn_regression_prediction
YAP1,GPRC5A,0.006950778124003616,0.6280824544511414,3511,grn_regression_prediction
YAP1,GSN,0.003242823053951167,4.292037680014626,3511,grn_regression_prediction
YAP1,HAS1,0.005675779480155561,0.5306449130860874,3511,grn_regression_prediction
YAP1,HIF1A,-0.02097813301860843,0.4212594283691042,3511,grn_regression_prediction
YAP1,HSPG2,-0.01070098304050618,1.6767568740071912,3511,grn_regression_prediction
YAP1,ICAM1,0.0023544109190360434,0.49651674085613756,3511,grn_regression_prediction
YAP1,IER3,-0.002945187087307638,1.0909652062174227,3511,grn_regression_prediction
YAP1,IGF2,0.00036646667178343864,0.5517302824940203,3511,grn_regression_prediction
YAP1,IL6,0.0034454407594653245,0.5333962678225675,3511,grn_regression_prediction
YAP1,IRF1,-0.004273580531647661,1.1391736619219361,3511,grn_regression_prediction
YAP1,JUN,-0.0035165535423891496,2.655053749494969,3511,grn_regression_prediction
YAP1,JUNB,0.0008450173386249813,2.642770043921625,3511,grn_regression_prediction
YAP1,JUND,-0.025948514305373274,1.9798615336094656,3511,grn_regression_prediction
YAP1,KDM6B,0.0030787896335545107,0.5774021016331217,3511,grn_regression_prediction
YAP1,KLF4,0.006797989212291767,1.3980649142249422,3511,grn_regression_prediction
YAP1,KLF5,-0.011488543657204581,0.15220045371946256,3511,grn_regression_prediction
YAP1,LGALS1,0.003008886607038449,3.3088697758237844,3511,grn_regression_prediction
YAP1,LMNA,0.0014777654864190559,2.266725422058164,3511,grn_regression_prediction
YAP1,LOX,-0.026377550465455254,0.4615704056274941,3511,grn_regression_prediction
YAP1,LPL,-0.004328864029780354,0.0591481386567459,3511,grn_regression_prediction
YAP1,LUM,-0.0019937018933985974,2.730449775055442,3511,grn_regression_prediction
YAP1,MGP,-0.0010762821417338478,3.737511773450317,3511,grn_regression_prediction
YAP1,MMP14,-0.011684924595577566,0.8739159726548201,3511,grn_regression_prediction
YAP1,MMP2,-0.002293414121085484,2.447638707492677,3511,grn_regression_prediction
YAP1,MT-ATP6,0.000310423123518163,4.0235800904845,3511,grn_regression_prediction
YAP1,MT-CO1,0.001180455123422627,3.9568799511524424,3511,grn_regression_prediction
YAP1,MT-CO2,0.0006121359901881976,3.98329321165335,3511,grn_regression_prediction
YAP1,MT-CYB,0.00011254066596691289,4.034005523220408,3511,grn_regression_prediction
YAP1,MT-ND1,0.00030230046040967737,3.7595417072399866,3511,grn_regression_prediction
YAP1,MT-ND3,-0.0015690362260551674,3.8442123457713024,3511,grn_regression_prediction
YAP1,MT-ND4,0.0006168403827159008,4.0733362118219585,3511,grn_regression_prediction
YAP1,MT2A,0.00685387345570828,3.093370063521595,3511,grn_regression_prediction
YAP1,MXRA5,-0.005857906814687343,0.32517631897068133,3511,grn_regression_prediction
YAP1,NAMPT,-0.003494307852553529,1.100372040688185,3511,grn_regression_prediction
YAP1,NEAT1,3.367815422092181e-05,3.4969030886892885,3511,grn_regression_prediction
YAP1,OGN,-0.03205956856166207,1.1812035041619755,3511,grn_regression_prediction
YAP1,PLAU,-0.0008246549256348425,0.8995059350935289,3511,grn_regression_prediction
YAP1,PLAUR,0.0003593250745372569,0.6361275833421668,3511,grn_regression_prediction
YAP1,POSTN,-0.001985858445025811,0.07725119068763647,3511,grn_regression_prediction
YAP1,PPARG,-0.0010033698293778722,0.07946789932159865,3511,grn_regression_prediction
YAP1,PRSS23,-0.0025409616423834294,0.5507501152317121,3511,grn_regression_prediction
YAP1,RGCC,0.0006549797400208867,0.48280380665096895,3511,grn_regression_prediction
YAP1,RPL13,0.0014244009613682577,3.898562718306503,3511,grn_regression_prediction
YAP1,RPL21,0.003820741467255707,3.6437456056589372,3511,grn_regression_prediction
YAP1,RPL41,0.0031451428251850467,3.7727694358486814,3511,grn_regression_prediction
YAP1,RUNX1,-0.004476162925345785,0.40095792944847075,3511,grn_regression_prediction
YAP1,RUNX2,-0.00048100199425742395,0.07547310391439782,3511,grn_regression_prediction
YAP1,S100A10,0.0009104872644228254,3.2864546744817242,3511,grn_regression_prediction
YAP1,S100A4,0.0009491677972581111,3.4343516825191482,3511,grn_regression_prediction
YAP1,SFRP2,-0.014454305542981044,1.0391034652934348,3511,grn_regression_prediction
YAP1,SFRP4,0.0038900685162273595,1.3553016326118774,3511,grn_regression_prediction
YAP1,SMAD3,-0.015016197131762818,0.5723380460604535,3511,grn_regression_prediction
YAP1,SOCS3,0.0005117575938547882,1.7478125631729386,3511,grn_regression_prediction
YAP1,SPARC,-0.004996459946970917,2.0506053392896093,3511,grn_regression_prediction
YAP1,SPP1,0.00012556946113869485,0.004237123452887762,3511,grn_regression_prediction
YAP1,STAT3,-0.010559471014052125,1.2415762700082627,3511,grn_regression_prediction
YAP1,TEAD1,-0.034611831854878754,0.4130270127948132,3511,grn_regression_prediction
YAP1,THBS2,-0.014888650649406018,0.633925367723459,3511,grn_regression_prediction
YAP1,THY1,-0.001847612246710859,0.5512183416768301,3511,grn_regression_prediction
YAP1,TIMP1,-0.0007234301716521096,2.6767164784340234,3511,grn_regression_prediction
YAP1,TMSB10,0.002733528565532345,3.4531681847617604,3511,grn_regression_prediction
YAP1,TMSB4X,0.002723973916152724,3.8536348371499285,3511,grn_regression_prediction
YAP1,TNC,-0.0015261830726494123,0.18763057285969734,3511,grn_regression_prediction
YAP1,TNFAIP6,0.002762233782896162,1.0689765964360216,3511,grn_regression_prediction
YAP1,TNFRSF12A,0.0017799067682838792,0.40292673550747116,3511,grn_regression_prediction
YAP1,TNXB,-0.004083389706782444,2.2828972803583683,3511,grn_regression_prediction
YAP1,TPM2,-0.00808406387528021,0.5161693238132451,3511,grn_regression_prediction
YAP1,VCAM1,-0.01974873402587694,0.22171610932544358,3511,grn_regression_prediction
YAP1,WWTR1,-0.03661285390953819,0.528580161618155,3511,grn_regression_prediction
YAP1,YAP1,-0.4130779504776001,0.4130779504776001,3511,direct_knockdown
YAP1,ZFP36,-0.0027353561051133317,2.453864426708845,3511,grn_regression_prediction
WWTR1,ABI3BP,-0.034089396714221246,1.3270707183259902,3511,grn_regression_prediction
WWTR1,ABL2,-0.0067805696005402046,0.7871895942696501,3511,grn_regression_prediction
WWTR1,ACTA2,-0.005871468689052882,0.3469903672120604,3511,grn_regression_prediction
WWTR1,ADAMTS4,0.003985080073980108,0.38501361144338125,3511,grn_regression_prediction
WWTR1,ASPN,-0.007028896932306598,0.787387464696282,3511,grn_regression_prediction
WWTR1,B2M,0.011359790293539933,3.7486179444151326,3511,grn_regression_prediction
WWTR1,BHLHE40,-0.006949375348126299,0.6803289454569699,3511,grn_regression_prediction
WWTR1,CCDC80,-0.009685582186675961,2.389059139752932,3511,grn_regression_prediction
WWTR1,CCL2,-0.0044984469582485314,1.3309328949259225,3511,grn_regression_prediction
WWTR1,CD36,0.0003027186910222221,0.06417911862972783,3511,grn_regression_prediction
WWTR1,CEBPA,-0.00667966653211257,0.07747167955619647,3511,grn_regression_prediction
WWTR1,CILP,-0.0009406747573472258,1.7232247589825997,3511,grn_regression_prediction
WWTR1,COL14A1,-0.0136768523394083,1.1718055545562678,3511,grn_regression_prediction
WWTR1,COL15A1,-0.006660842209506556,1.2728203241225007,3511,grn_regression_prediction
WWTR1,COL1A1,-0.023411159012822598,2.0308785534719687,3511,grn_regression_prediction
WWTR1,COL1A2,0.0003509017337731811,3.068407324393806,3511,grn_regression_prediction
WWTR1,COL3A1,-0.024430679581667388,2.260080187370382,3511,grn_regression_prediction
WWTR1,COL6A1,-0.001769029652645132,2.7551182837758654,3511,grn_regression_prediction
WWTR1,COL6A2,0.00428561751820737,3.256437370436789,3511,grn_regression_prediction
WWTR1,CRABP2,-0.025933755652117186,0.6013065937299805,3511,grn_regression_prediction
WWTR1,CRIP1,0.002810906555724799,0.8692841204617309,3511,grn_regression_prediction
WWTR1,CST3,0.0019721462976339255,3.817588379187304,3511,grn_regression_prediction
WWTR1,CTHRC1,-0.007820756042525164,0.516304488449469,3511,grn_regression_prediction
WWTR1,CXCL12,-0.013313363804155823,1.8913219138802022,3511,grn_regression_prediction
WWTR1,CXCL14,-0.0067476648877819135,1.7503365456157387,3511,grn_regression_prediction
WWTR1,CXCL2,-0.0021217990570917343,0.7765720689464484,3511,grn_regression_prediction
WWTR1,DCN,0.01477878916977146,4.657571546917606,3511,grn_regression_prediction
WWTR1,DPT,-0.0031762366830260565,2.4844708697402766,3511,grn_regression_prediction
WWTR1,EIF1,0.002696359788068652,3.5538847893947216,3511,grn_regression_prediction
WWTR1,ELN,-0.018686295327963266,0.9280504829175651,3511,grn_regression_prediction
WWTR1,EMP1,-0.0399699730837884,1.9416528421102945,3511,grn_regression_prediction
WWTR1,FABP4,-0.0006314624864409446,0.08300126204396718,3511,grn_regression_prediction
WWTR1,FN1,-0.00310228302591053,2.1419637139707555,3511,grn_regression_prediction
WWTR1,FOS,-0.0021610308568821026,2.595506288706375,3511,grn_regression_prediction
WWTR1,FOSB,-0.001923913403685316,1.3722394392527941,3511,grn_regression_prediction
WWTR1,FOXO1,-0.0213878445367188,0.6682540583499361,3511,grn_regression_prediction
WWTR1,FOXO3,-0.020428787011006946,1.2735886280940487,3511,grn_regression_prediction
WWTR1,GADD45B,-0.005194655963550728,2.2277772305289854,3511,grn_regression_prediction
WWTR1,GEM,-0.009136826405388782,0.5990427576831885,3511,grn_regression_prediction
WWTR1,GPRC5A,-0.010736577067098439,0.6280824544511414,3511,grn_regression_prediction
WWTR1,GSN,0.016618817612620882,4.2920376800146265,3511,grn_regression_prediction
WWTR1,HAS1,0.00203300280276412,0.5306449130860875,3511,grn_regression_prediction
WWTR1,HIF1A,-0.015768732521694397,0.4212594283691042,3511,grn_regression_prediction
WWTR1,HSPG2,-0.012266231183556936,1.6767568740071912,3511,grn_regression_prediction
WWTR1,ICAM1,5.7857270934002737e-05,0.49651674085613756,3511,grn_regression_prediction
WWTR1,IER3,-0.00783972390321306,1.0909652062174227,3511,grn_regression_prediction
WWTR1,IGF2,0.001624801917283817,0.5517302824940203,3511,grn_regression_prediction
WWTR1,IL6,0.007567643832528038,0.5333962678225675,3511,grn_regression_prediction
WWTR1,IRF1,0.0005997562442560407,1.1391736619219361,3511,grn_regression_prediction
WWTR1,JUN,0.0012468517804634339,2.6550537494949693,3511,grn_regression_prediction
WWTR1,JUNB,-0.0012743411640553882,2.6427700439216255,3511,grn_regression_prediction
WWTR1,JUND,-0.017969340659641012,1.9798615336094656,3511,grn_regression_prediction
WWTR1,KDM6B,-0.007801046717845684,0.5774021016331217,3511,grn_regression_prediction
WWTR1,KLF4,-0.00010351557067895768,1.3980649142249422,3511,grn_regression_prediction
WWTR1,KLF5,-0.01851789684155895,0.1522004537194626,3511,grn_regression_prediction
WWTR1,LGALS1,0.003142382792223136,3.3088697758237844,3511,grn_regression_prediction
WWTR1,LMNA,-0.003866604991514077,2.266725422058164,3511,grn_regression_prediction
WWTR1,LOX,-0.014477475908404175,0.4615704056274941,3511,grn_regression_prediction
WWTR1,LPL,-0.003963465451912162,0.0591481386567459,3511,grn_regression_prediction
WWTR1,LUM,-0.0008869667061987481,2.730449775055442,3511,grn_regression_prediction
WWTR1,MGP,-0.0014153161582028356,3.737511773450317,3511,grn_regression_prediction
WWTR1,MMP14,-0.003899111963746316,0.8739159726548201,3511,grn_regression_prediction
WWTR1,MMP2,-0.002596496178370767,2.447638707492677,3511,grn_regression_prediction
WWTR1,MT-ATP6,0.005056103533606661,4.0235800904845,3511,grn_regression_prediction
WWTR1,MT-CO1,0.007717501129331915,3.9568799511524415,3511,grn_regression_prediction
WWTR1,MT-CO2,0.007075369213041674,3.98329321165335,3511,grn_regression_prediction
WWTR1,MT-CYB,0.009652555043987245,4.034005523220408,3511,grn_regression_prediction
WWTR1,MT-ND1,0.008891948451282673,3.7595417072399866,3511,grn_regression_prediction
WWTR1,MT-ND3,0.0029384616751520843,3.8442123457713024,3511,grn_regression_prediction
WWTR1,MT-ND4,0.008066891308710978,4.0733362118219585,3511,grn_regression_prediction
WWTR1,MT2A,-0.002656390328268982,3.0933700635215944,3511,grn_regression_prediction
WWTR1,MXRA5,-0.036167151789194184,0.32517631897068133,3511,grn_regression_prediction
WWTR1,NAMPT,-0.008326202443519249,1.100372040688185,3511,grn_regression_prediction
WWTR1,NEAT1,0.007411672587467569,3.496903088689288,3511,grn_regression_prediction
WWTR1,OGN,-0.06065286201130412,1.1812035041619755,3511,grn_regression_prediction
WWTR1,PLAU,-0.01128212187454969,0.8995059350935289,3511,grn_regression_prediction
WWTR1,PLAUR,-0.009100216959927071,0.6361275833421668,3511,grn_regression_prediction
WWTR1,POSTN,-0.0010399997451507484,0.07725119068763647,3511,grn_regression_prediction
WWTR1,PPARG,-0.004792704269301788,0.07946789932159865,3511,grn_regression_prediction
WWTR1,PRSS23,-0.006235241438857727,0.5507501152317121,3511,grn_regression_prediction
WWTR1,RGCC,0.0017266916844816851,0.48280380665096895,3511,grn_regression_prediction
WWTR1,RPL13,-0.002993147272396435,3.898562718306503,3511,grn_regression_prediction
WWTR1,RPL21,-0.0007157957049428225,3.6437456056589372,3511,grn_regression_prediction
WWTR1,RPL41,-0.0022452358855267907,3.772769435848681,3511,grn_regression_prediction
WWTR1,RUNX1,-0.04435455073541355,0.4009579294484707,3511,grn_regression_prediction
WWTR1,RUNX2,-0.007020511925599432,0.07547310391439782,3511,grn_regression_prediction
WWTR1,S100A10,0.0067307905331980295,3.2864546744817242,3511,grn_regression_prediction
WWTR1,S100A4,0.010833363812729157,3.4343516825191482,3511,grn_regression_prediction
WWTR1,SFRP2,-0.014034287487692053,1.0391034652934348,3511,grn_regression_prediction
WWTR1,SFRP4,-0.002947095319396235,1.3553016326118772,3511,grn_regression_prediction
WWTR1,SMAD3,-0.0178467683819066,0.5723380460604535,3511,grn_regression_prediction
WWTR1,SOCS3,-0.0019548642102146315,1.7478125631729386,3511,grn_regression_prediction
WWTR1,SPARC,-0.019690867370571026,2.0506053392896093,3511,grn_regression_prediction
WWTR1,SPP1,-8.518488982207012e-05,0.004237123452887762,3511,grn_regression_prediction
WWTR1,STAT3,-0.030445595556820148,1.2415762700082627,3511,grn_regression_prediction
WWTR1,TEAD1,-0.02591778452720948,0.41302701279481324,3511,grn_regression_prediction
WWTR1,THBS2,-0.010319966653155392,0.633925367723459,3511,grn_regression_prediction
WWTR1,THY1,-0.009569863370313179,0.5512183416768301,3511,grn_regression_prediction
WWTR1,TIMP1,-0.007816775036930353,2.6767164784340234,3511,grn_regression_prediction
WWTR1,TMSB10,0.0006990337243582032,3.4531681847617604,3511,grn_regression_prediction
WWTR1,TMSB4X,0.003685758872847675,3.8536348371499285,3511,grn_regression_prediction
WWTR1,TNC,-0.011090575525712807,0.18763057285969734,3511,grn_regression_prediction
WWTR1,TNFAIP6,0.0023838391794227063,1.0689765964360216,3511,grn_regression_prediction
WWTR1,TNFRSF12A,-0.009544829265290475,0.4029267355074711,3511,grn_regression_prediction
WWTR1,TNXB,0.017321143919166632,2.2828972803583683,3511,grn_regression_prediction
WWTR1,TPM2,-0.024975462157433372,0.5161693238132451,3511,grn_regression_prediction
WWTR1,VCAM1,-0.029105142073782127,0.22171610932544358,3511,grn_regression_prediction
WWTR1,WWTR1,-0.5953980088233948,0.5953980088233948,3511,direct_knockdown
WWTR1,YAP1,-0.040937780118929075,0.3773965759282832,3511,grn_regression_prediction
WWTR1,ZFP36,-0.0013238836999235912,2.453864426708845,3511,grn_regression_prediction
