sender,receiver,ligand,receptor,pathway,ligand_mean_log_expr,receptor_mean_log_expr,interaction_score
inflammatory FAP,b_cell,CXCL12,CXCR4,CXCL12,5.991529651187526,6.832470813084927,40.93695146747169
inflammatory FAP,t_cell,CXCL12,CXCR4,CXCL12,5.991529651187526,6.796764908230814,40.723018479815785
homeostatic FAP,b_cell,CXCL12,CXCR4,CXCL12,5.067519483467946,6.832470813084927,34.62367896553395
homeostatic FAP,t_cell,CXCL12,CXCR4,CXCL12,5.067519483467946,6.796764908230814,34.44273859701087
homeostatic FAP,homeostatic FAP,FN1,ITGB1,ECM_integrin,6.04655092859216,5.5723345420717365,33.69340459979003
DA-FAP,homeostatic FAP,COL1A1,ITGB1,ECM_integrin,5.840368430366636,5.5723345420717365,32.5444867429573
homeostatic FAP,ECM-remodeling FAP,FN1,ITGB1,ECM_integrin,6.04655092859216,5.318346942231802,32.157655642126976
DA-FAP,b_cell,CXCL12,CXCR4,CXCL12,4.561811492620522,6.832470813084927,31.168443878125103
DA-FAP,ECM-remodeling FAP,COL1A1,ITGB1,ECM_integrin,5.840368430366636,5.318346942231802,31.061105583147548
homeostatic FAP,smooth_muscle_pericyte,FN1,ITGB1,ECM_integrin,6.04655092859216,5.132820103737006,31.035858164547506
DA-FAP,t_cell,CXCL12,CXCR4,CXCL12,4.561811492620522,6.796764908230814,31.00556027100719
ECM-remodeling FAP,homeostatic FAP,FN1,ITGB1,ECM_integrin,5.456936781724284,5.5723345420717365,30.407877322704003
DA-FAP,smooth_muscle_pericyte,COL1A1,ITGB1,ECM_integrin,5.840368430366636,5.132820103737006,29.977560492616814
DA-FAP,homeostatic FAP,FN1,ITGB1,ECM_integrin,5.288965217362693,5.5723345420717365,29.471883572526085
ECM-remodeling FAP,ECM-remodeling FAP,FN1,ITGB1,ECM_integrin,5.456936781724284,5.318346942231802,29.021883047035598
homeostatic FAP,homeostatic FAP,COL1A1,ITGB1,ECM_integrin,5.084146432195795,5.5723345420717365,28.33056478107541
DA-FAP,ECM-remodeling FAP,FN1,ITGB1,ECM_integrin,5.288965217362693,5.318346942231802,28.12855199133124
ECM-remodeling FAP,smooth_muscle_pericyte,FN1,ITGB1,ECM_integrin,5.456936781724284,5.132820103737006,28.009474818056326
homeostatic FAP,adipogenic FAP,FN1,ITGB1,ECM_integrin,6.04655092859216,4.522645376743493,27.346405602441408
DA-FAP,smooth_muscle_pericyte,FN1,ITGB1,ECM_integrin,5.288965217362693,5.132820103737006,27.147306995644996
homeostatic FAP,ECM-remodeling FAP,COL1A1,ITGB1,ECM_integrin,5.084146432195795,5.318346942231802,27.039254631527232
homeostatic FAP,endothelial,FN1,ITGB1,ECM_integrin,6.04655092859216,4.425693832684405,26.760183153682487
homeostatic FAP,DA-FAP,FN1,ITGB1,ECM_integrin,6.04655092859216,4.420436156664212,26.72839234786035
homeostatic FAP,satellite_cell,FN1,ITGB1,ECM_integrin,6.04655092859216,4.393024497833089,26.562646356700775
DA-FAP,adipogenic FAP,COL1A1,ITGB1,ECM_integrin,5.840368430366636,4.522645376743493,26.41391528007632
ECM-remodeling FAP,homeostatic FAP,COL1A1,ITGB1,ECM_integrin,4.732179975233685,5.5723345420717365,26.369289935294837
adipogenic FAP,b_cell,CXCL12,CXCR4,CXCL12,3.8582370371223336,6.832470813084927,26.361291946101613
homeostatic FAP,schwann_cell,FN1,ITGB1,ECM_integrin,6.04655092859216,4.344399478342586,26.268632699947663
satellite_cell,homeostatic FAP,FN1,ITGB1,ECM_integrin,4.713455957596491,5.5723345420717365,26.26495344504874
adipogenic FAP,t_cell,CXCL12,CXCR4,CXCL12,3.8582370371223336,6.796764908230814,26.223530101549503
homeostatic FAP,smooth_muscle_pericyte,COL1A1,ITGB1,ECM_integrin,5.084146432195795,5.132820103737006,26.096009017517353
DA-FAP,endothelial,COL1A1,ITGB1,ECM_integrin,5.840368430366636,4.425693832684405,25.84768254287832
DA-FAP,DA-FAP,COL1A1,ITGB1,ECM_integrin,5.840368430366636,4.420436156664212,25.81697577783289
DA-FAP,satellite_cell,COL1A1,ITGB1,ECM_integrin,5.840368430366636,4.393024497833089,25.65688159097162
DA-FAP,schwann_cell,COL1A1,ITGB1,ECM_integrin,5.840368430366636,4.344399478342586,25.372893562213324
ECM-remodeling FAP,ECM-remodeling FAP,COL1A1,ITGB1,ECM_integrin,4.732179975233685,5.318346942231802,25.167374901374636
satellite_cell,ECM-remodeling FAP,FN1,ITGB1,ECM_integrin,4.713455957596491,5.318346942231802,25.067794079427568
homeostatic FAP,adipocyte,FN1,ITGB1,ECM_integrin,6.04655092859216,4.1261296884635525,24.948853299270976
ECM-remodeling FAP,adipogenic FAP,FN1,ITGB1,ECM_integrin,5.456936781724284,4.522645376743493,24.67978990704685
adipogenic FAP,homeostatic FAP,FN1,ITGB1,ECM_integrin,4.402274689330545,5.5723345420717365,24.530947315044717
homeostatic FAP,inflammatory FAP,FN1,ITGB1,ECM_integrin,6.04655092859216,4.035099887545048,24.398436971997633
inflammatory FAP,unassigned,CXCL12,CXCR4,CXCL12,5.991529651187526,4.071164537925211,24.392503043842062
ECM-remodeling FAP,smooth_muscle_pericyte,COL1A1,ITGB1,ECM_integrin,4.732179975233685,5.132820103737006,24.28942851138115
satellite_cell,smooth_muscle_pericyte,FN1,ITGB1,ECM_integrin,4.713455957596491,5.132820103737006,24.19332149723023
ECM-remodeling FAP,endothelial,FN1,ITGB1,ECM_integrin,5.456936781724284,4.425693832684405,24.15073146022585
ECM-remodeling FAP,DA-FAP,FN1,ITGB1,ECM_integrin,5.456936781724284,4.420436156664212,24.122040654564866
DA-FAP,adipocyte,COL1A1,ITGB1,ECM_integrin,5.840368430366636,4.1261296884635525,24.098117572101057
ECM-remodeling FAP,satellite_cell,FN1,ITGB1,ECM_integrin,5.456936781724284,4.393024497833089,23.972456965241236
DA-FAP,adipogenic FAP,FN1,ITGB1,ECM_integrin,5.288965217362693,4.522645376743493,23.92011408806253
ECM-remodeling FAP,schwann_cell,FN1,ITGB1,ECM_integrin,5.456936781724284,4.344399478342586,23.707113307871452
DA-FAP,inflammatory FAP,COL1A1,ITGB1,ECM_integrin,5.840368430366636,4.035099887545048,23.566469996594062
adipogenic FAP,ECM-remodeling FAP,FN1,ITGB1,ECM_integrin,4.402274689330545,5.318346942231802,23.41282413286556
DA-FAP,endothelial,FN1,ITGB1,ECM_integrin,5.288965217362693,4.425693832684405,23.407340743764404
DA-FAP,DA-FAP,FN1,ITGB1,ECM_integrin,5.288965217362693,4.420436156664212,23.37953307816944
DA-FAP,satellite_cell,FN1,ITGB1,ECM_integrin,5.288965217362693,4.393024497833089,23.23455376806142
homeostatic FAP,adipogenic FAP,COL1A1,ITGB1,ECM_integrin,5.084146432195795,4.522645376743493,22.993791356257237
DA-FAP,schwann_cell,FN1,ITGB1,ECM_integrin,5.288965217362693,4.344399478342586,22.977377731282566
adipogenic FAP,smooth_muscle_pericyte,FN1,ITGB1,ECM_integrin,4.402274689330545,5.132820103737006,22.596084027568406
ECM-remodeling FAP,adipocyte,FN1,ITGB1,ECM_integrin,5.456936781724284,4.1261296884635525,22.516028863141322
homeostatic FAP,endothelial,COL1A1,ITGB1,ECM_integrin,5.084146432195795,4.425693832684405,22.500875509433353
homeostatic FAP,DA-FAP,COL1A1,ITGB1,ECM_integrin,5.084146432195795,4.420436156664212,22.474144714653647
homeostatic FAP,t_cell,FN1,ITGB1,ECM_integrin,6.04655092859216,3.7090990054515887,22.427256035653564
adipocyte,b_cell,CXCL12,CXCR4,CXCL12,3.2737876416489753,6.832470813084927,22.36805850980476
homeostatic FAP,satellite_cell,COL1A1,ITGB1,ECM_integrin,5.084146432195795,4.393024497833089,22.334779827206823
adipocyte,t_cell,CXCL12,CXCR4,CXCL12,3.2737876416489753,6.796764908230814,22.25116495975947
homeostatic FAP,schwann_cell,COL1A1,ITGB1,ECM_integrin,5.084146432195795,4.344399478342586,22.087563107848734
ECM-remodeling FAP,inflammatory FAP,FN1,ITGB1,ECM_integrin,5.456936781724284,4.035099887545048,22.019284994276095
DA-FAP,adipocyte,FN1,ITGB1,ECM_integrin,5.288965217362693,4.1261296884635525,21.822956404611297
inflammatory FAP,macrophage_monocyte,CXCL12,CXCR4,CXCL12,5.991529651187526,3.634498012965207,21.776202611863184
DA-FAP,t_cell,COL1A1,ITGB1,ECM_integrin,5.840368430366636,3.7090990054515887,21.662504736543745
ECM-remodeling FAP,adipogenic FAP,COL1A1,ITGB1,ECM_integrin,4.732179975233685,4.522645376743493,21.401971886908765
DA-FAP,inflammatory FAP,FN1,ITGB1,ECM_integrin,5.288965217362693,4.035099887545048,21.341502953809872
satellite_cell,adipogenic FAP,FN1,ITGB1,ECM_integrin,4.713455957596491,4.522645376743493,21.317289795107843
homeostatic FAP,adipocyte,COL1A1,ITGB1,ECM_integrin,5.084146432195795,4.1261296884635525,20.97784753437912
ECM-remodeling FAP,endothelial,COL1A1,ITGB1,ECM_integrin,4.732179975233685,4.425693832684405,20.94317973154436
ECM-remodeling FAP,DA-FAP,COL1A1,ITGB1,ECM_integrin,4.732179975233685,4.420436156664212,20.918299462365336
satellite_cell,endothelial,FN1,ITGB1,ECM_integrin,4.713455957596491,4.425693832684405,20.860312962164354
satellite_cell,DA-FAP,FN1,ITGB1,ECM_integrin,4.713455957596491,4.420436156664212,20.835531137803862
ECM-remodeling FAP,satellite_cell,COL1A1,ITGB1,ECM_integrin,4.732179975233685,4.393024497833089,20.788582559356758
satellite_cell,satellite_cell,FN1,ITGB1,ECM_integrin,4.713455957596491,4.393024497833089,20.706327491178705
inflammatory FAP,homeostatic FAP,FN1,ITGB1,ECM_integrin,3.7081636446023034,5.5723345420717365,20.663128364472037
homeostatic FAP,unassigned,CXCL12,CXCR4,CXCL12,5.067519483467946,4.071164537925211,20.63070561633978
endothelial,b_cell,CXCL12,CXCR4,CXCL12,3.0110058996400517,6.832470813084927,20.572609927317178
ECM-remodeling FAP,schwann_cell,COL1A1,ITGB1,ECM_integrin,4.732179975233685,4.344399478342586,20.558480215828453
homeostatic FAP,inflammatory FAP,COL1A1,ITGB1,ECM_integrin,5.084146432195795,4.035099887545048,20.51503869681581
satellite_cell,schwann_cell,FN1,ITGB1,ECM_integrin,4.713455957596491,4.344399478342586,20.47713560337295
endothelial,t_cell,CXCL12,CXCR4,CXCL12,3.0110058996400517,6.796764908230814,20.465099237149456
ECM-remodeling FAP,t_cell,FN1,ITGB1,ECM_integrin,5.456936781724284,3.7090990054515887,20.240318789905736
adipogenic FAP,adipogenic FAP,FN1,ITGB1,ECM_integrin,4.402274689330545,4.522645376743493,19.909927270855686
inflammatory FAP,ECM-remodeling FAP,FN1,ITGB1,ECM_integrin,3.7081636446023034,5.318346942231802,19.721300780565794
DA-FAP,t_cell,FN1,ITGB1,ECM_integrin,5.288965217362693,3.7090990054515887,19.61729562758801
ECM-remodeling FAP,adipocyte,COL1A1,ITGB1,ECM_integrin,4.732179975233685,4.1261296884635525,19.525588286964428
t_cell,adipogenic FAP,TGFB1,TGFBR2,TGFB,3.597920173136243,5.423447770055725,19.513132139834266
adipogenic FAP,endothelial,FN1,ITGB1,ECM_integrin,4.402274689330545,4.425693832684405,19.483119942352847
adipogenic FAP,DA-FAP,FN1,ITGB1,ECM_integrin,4.402274689330545,4.420436156664212,19.45997420828445
satellite_cell,adipocyte,FN1,ITGB1,ECM_integrin,4.713455957596491,4.1261296884635525,19.448330561904285
adipogenic FAP,satellite_cell,FN1,ITGB1,ECM_integrin,4.402274689330545,4.393024497833089,19.339300556419634
adipogenic FAP,schwann_cell,FN1,ITGB1,ECM_integrin,4.402274689330545,4.344399478342586,19.12523986384839
ECM-remodeling FAP,inflammatory FAP,COL1A1,ITGB1,ECM_integrin,4.732179975233685,4.035099887545048,19.09481888590837
inflammatory FAP,smooth_muscle_pericyte,FN1,ITGB1,ECM_integrin,3.7081636446023034,5.132820103737006,19.03333690296139
satellite_cell,inflammatory FAP,FN1,ITGB1,ECM_integrin,4.713455957596491,4.035099887545048,19.019265604446137
homeostatic FAP,t_cell,COL1A1,ITGB1,ECM_integrin,5.084146432195795,3.7090990054515887,18.857602475227665
DA-FAP,adipocyte,COL1A1,ITGA1,ECM_integrin,5.840368430366636,3.204484386425788,18.715369446083972
DA-FAP,endothelial,COL1A1,ITGA1,ECM_integrin,5.840368430366636,3.1919471414053064,18.64214731606258
DA-FAP,unassigned,CXCL12,CXCR4,CXCL12,4.561811492620522,4.071164537925211,18.57188517745634
homeostatic FAP,macrophage_monocyte,FN1,ITGB1,ECM_integrin,6.04655092859216,3.049127603306565,18.4367053411693
homeostatic FAP,macrophage_monocyte,CXCL12,CXCR4,CXCL12,5.067519483467946,3.634498012965207,18.41788949332672
adipogenic FAP,adipocyte,FN1,ITGB1,ECM_integrin,4.402274689330545,4.1261296884635525,18.164356292418425
DA-FAP,macrophage_monocyte,COL1A1,ITGB1,ECM_integrin,5.840368430366636,3.049127603306565,17.808028594511146
adipogenic FAP,inflammatory FAP,FN1,ITGB1,ECM_integrin,4.402274689330545,4.035099887545048,17.763618103860093
ECM-remodeling FAP,b_cell,CXCL12,CXCR4,CXCL12,2.576647371235875,6.832470813084927,17.604867959581117
ECM-remodeling FAP,t_cell,COL1A1,ITGB1,ECM_integrin,4.732179975233685,3.7090990054515887,17.552124039757185
ECM-remodeling FAP,t_cell,CXCL12,CXCR4,CXCL12,2.576647371235875,6.796764908230814,17.51286643370117
satellite_cell,t_cell,FN1,ITGB1,ECM_integrin,4.713455957596491,3.7090990054515887,17.482674804561007
t_cell,homeostatic FAP,TGFB1,TGFBR2,TGFB,3.597920173136243,4.838394943281787,17.40815877203393
homeostatic FAP,ECM-remodeling FAP,FN1,ITGA5,ECM_integrin,6.04655092859216,2.8513649692564207,17.240923502612567
inflammatory FAP,adipogenic FAP,FN1,ITGB1,ECM_integrin,3.7081636446023034,4.522645376743493,16.770709163468908
t_cell,ECM-remodeling FAP,TGFB1,TGFBR2,TGFB,3.597920173136243,4.652798541416488,16.74039773370127
ECM-remodeling FAP,macrophage_monocyte,FN1,ITGB1,ECM_integrin,5.456936781724284,3.049127603306565,16.638896570654406
smooth_muscle_pericyte,b_cell,CXCL12,CXCR4,CXCL12,2.432793070389611,6.832470813084927,16.62198764771228
DA-FAP,macrophage_monocyte,CXCL12,CXCR4,CXCL12,4.561811492620522,3.634498012965207,16.57989480545113
smooth_muscle_pericyte,t_cell,CXCL12,CXCR4,CXCL12,2.432793070389611,6.796764908230814,16.535122569811204
inflammatory FAP,endothelial,FN1,ITGB1,ECM_integrin,3.7081636446023034,4.425693832684405,16.41119697250094
inflammatory FAP,DA-FAP,FN1,ITGB1,ECM_integrin,3.7081636446023034,4.420436156664212,16.39170064942776
adipogenic FAP,t_cell,FN1,ITGB1,ECM_integrin,4.402274689330545,3.7090990054515887,16.328472671920625
homeostatic FAP,adipocyte,COL1A1,ITGA1,ECM_integrin,5.084146432195795,3.204484386425788,16.292067860273804
inflammatory FAP,satellite_cell,FN1,ITGB1,ECM_integrin,3.7081636446023034,4.393024497833089,16.29005373271195
homeostatic FAP,endothelial,COL1A1,ITGA1,ECM_integrin,5.084146432195795,3.1919471414053064,16.228326670733356
DA-FAP,macrophage_monocyte,FN1,ITGB1,ECM_integrin,5.288965217362693,3.049127603306565,16.126729837188893
inflammatory FAP,schwann_cell,FN1,ITGB1,ECM_integrin,3.7081636446023034,4.344399478342586,16.10974420321919
macrophage_monocyte,adipogenic FAP,TGFB1,TGFBR2,TGFB,2.9477571577607864,5.423447770055725,15.98700698392354
t_cell,inflammatory FAP,TGFB1,TGFBR2,TGFB,3.597920173136243,4.406268363871525,15.853401834625386
adipogenic FAP,unassigned,CXCL12,CXCR4,CXCL12,3.8582370371223336,4.071164537925211,15.707517804442078
ECM-remodeling FAP,ECM-remodeling FAP,FN1,ITGA5,ECM_integrin,5.456936781724284,2.8513649692564207,15.559718378855495
homeostatic FAP,macrophage_monocyte,COL1A1,ITGB1,ECM_integrin,5.084146432195795,3.049127603306565,15.502211225660789
inflammatory FAP,adipocyte,FN1,ITGB1,ECM_integrin,3.7081636446023034,4.1261296884635525,15.300364103674774
ECM-remodeling FAP,adipocyte,COL1A1,ITGA1,ECM_integrin,4.732179975233685,3.204484386425788,15.164196844393118
ECM-remodeling FAP,endothelial,COL1A1,ITGA1,ECM_integrin,4.732179975233685,3.1919471414053064,15.104868344562595
DA-FAP,ECM-remodeling FAP,FN1,ITGA5,ECM_integrin,5.288965217362693,2.8513649692564207,15.080770144403655
inflammatory FAP,inflammatory FAP,FN1,ITGB1,ECM_integrin,3.7081636446023034,4.035099887545048,14.96281070533339
ECM-remodeling FAP,macrophage_monocyte,COL1A1,ITGB1,ECM_integrin,4.732179975233685,3.049127603306565,14.429020586299607
homeostatic FAP,adipogenic FAP,FN1,ITGA5,ECM_integrin,6.04655092859216,2.380264850699271,14.392392643290957
inflammatory FAP,homeostatic FAP,COL1A1,ITGB1,ECM_integrin,2.581875453457119,5.5723345420717365,14.387073772626232
satellite_cell,macrophage_monocyte,FN1,ITGB1,ECM_integrin,4.713455957596491,3.049127603306565,14.371928667277238
macrophage_monocyte,homeostatic FAP,TGFB1,TGFBR2,TGFB,2.9477571577607864,4.838394943281787,14.262413326132481
adipogenic FAP,macrophage_monocyte,CXCL12,CXCR4,CXCL12,3.8582370371223336,3.634498012965207,14.022754844969889
inflammatory FAP,t_cell,FN1,ITGB1,ECM_integrin,3.7081636446023034,3.7090990054515887,13.753946086246142
inflammatory FAP,ECM-remodeling FAP,COL1A1,ITGB1,ECM_integrin,2.581875453457119,5.318346942231802,13.731309423117017
macrophage_monocyte,ECM-remodeling FAP,TGFB1,TGFBR2,TGFB,2.9477571577607864,4.652798541416488,13.7153202040794
satellite_cell,ECM-remodeling FAP,FN1,ITGA5,ECM_integrin,4.713455957596491,2.8513649692564207,13.43978320162361
adipogenic FAP,macrophage_monocyte,FN1,ITGB1,ECM_integrin,4.402274689330545,3.049127603306565,13.423097272575598
adipocyte,unassigned,CXCL12,CXCR4,CXCL12,3.2737876416489753,4.071164537925211,13.328128151379115
inflammatory FAP,smooth_muscle_pericyte,COL1A1,ITGB1,ECM_integrin,2.581875453457119,5.132820103737006,13.2523022328498
ECM-remodeling FAP,adipogenic FAP,FN1,ITGA5,ECM_integrin,5.456936781724284,2.380264850699271,12.988954814026313
macrophage_monocyte,inflammatory FAP,TGFB1,TGFBR2,TGFB,2.9477571577607864,4.406268363871525,12.988609108617196
inflammatory FAP,schwann_cell,CXCL12,CXCR4,CXCL12,5.991529651187526,2.15520689292098,12.91298600337979
inflammatory FAP,satellite_cell,CXCL12,CXCR4,CXCL12,5.991529651187526,2.1064633861075124,12.620937837004039
DA-FAP,adipogenic FAP,FN1,ITGA5,ECM_integrin,5.288965217362693,2.380264850699271,12.589138003459448
adipogenic FAP,ECM-remodeling FAP,FN1,ITGA5,ECM_integrin,4.402274689330545,2.8513649692564207,12.552491834201309
adipogenic FAP,homeostatic FAP,COL1A1,ITGB1,ECM_integrin,2.2287172003909954,5.5723345420717365,12.41915784024816
endothelial,unassigned,CXCL12,CXCR4,CXCL12,3.0110058996400517,4.071164537925211,12.258300442098173
b_cell,adipogenic FAP,TGFB1,TGFBR2,TGFB,2.2142956966392746,5.423447770055725,12.009117058182262
adipocyte,macrophage_monocyte,CXCL12,CXCR4,CXCL12,3.2737876416489753,3.634498012965207,11.898574678443252
adipogenic FAP,ECM-remodeling FAP,COL1A1,ITGB1,ECM_integrin,2.2287172003909954,5.318346942231802,11.853091307798872
t_cell,DA-FAP,TGFB1,TGFBR2,TGFB,3.597920173136243,3.282614513541934,11.81058497890234
inflammatory FAP,adipogenic FAP,COL1A1,ITGB1,ECM_integrin,2.581875453457119,4.522645376743493,11.67690708290535
adipogenic FAP,smooth_muscle_pericyte,COL1A1,ITGB1,ECM_integrin,2.2287172003909954,5.132820103737006,11.439604451711359
inflammatory FAP,endothelial,COL1A1,ITGB1,ECM_integrin,2.581875453457119,4.425693832684405,11.426590271124423
inflammatory FAP,DA-FAP,COL1A1,ITGB1,ECM_integrin,2.581875453457119,4.420436156664212,11.413015606465656
inflammatory FAP,satellite_cell,COL1A1,ITGB1,ECM_integrin,2.581875453457119,4.393024497833089,11.34224211739104
inflammatory FAP,macrophage_monocyte,FN1,ITGB1,ECM_integrin,3.7081636446023034,3.049127603306565,11.30666412633476
satellite_cell,adipogenic FAP,FN1,ITGA5,ECM_integrin,4.713455957596491,2.380264850699271,11.219273541186
inflammatory FAP,schwann_cell,COL1A1,ITGB1,ECM_integrin,2.581875453457119,4.344399478342586,11.216698373144636
DA-FAP,smooth_muscle_pericyte,COL1A1,ITGA1,ECM_integrin,5.840368430366636,1.9022581954484825,11.109888711103524
smooth_muscle_pericyte,homeostatic FAP,FN1,ITGB1,ECM_integrin,1.9898739639324414,5.5723345420717365,11.088243423589953
endothelial,macrophage_monocyte,CXCL12,CXCR4,CXCL12,3.0110058996400517,3.634498012965207,10.943494959268284
homeostatic FAP,schwann_cell,CXCL12,CXCR4,CXCL12,5.067519483467946,2.15520689292098,10.92155292078148
homeostatic FAP,b_cell,FN1,ITGB1,ECM_integrin,6.04655092859216,1.802859462964509,10.901081559909215
t_cell,endothelial,TGFB1,TGFBR2,TGFB,3.597920173136243,2.9821270846822783,10.729455196834342
b_cell,homeostatic FAP,TGFB1,TGFBR2,TGFB,2.2142956966392746,4.838394943281787,10.713637101550088
homeostatic FAP,satellite_cell,CXCL12,CXCR4,CXCL12,5.067519483467946,2.1064633861075124,10.67454425031168
inflammatory FAP,adipocyte,COL1A1,ITGB1,ECM_integrin,2.581875453457119,4.1261296884635525,10.653152960424716
smooth_muscle_pericyte,ECM-remodeling FAP,FN1,ITGB1,ECM_integrin,1.9898739639324414,5.318346942231802,10.582840111506775
inflammatory FAP,ECM-remodeling FAP,FN1,ITGA5,ECM_integrin,3.7081636446023034,2.8513649692564207,10.573327916489223
DA-FAP,b_cell,COL1A1,ITGB1,ECM_integrin,5.840368430366636,1.802859462964509,10.529363491885666
ECM-remodeling FAP,unassigned,CXCL12,CXCR4,CXCL12,2.576647371235875,4.071164537925211,10.48995540451371
adipogenic FAP,adipogenic FAP,FN1,ITGA5,ECM_integrin,4.402274689330545,2.380264850699271,10.478579706136548
endothelial,homeostatic FAP,IL6,IL6ST,IL6,2.270437899438654,4.602391633259439,10.449444392211596
inflammatory FAP,inflammatory FAP,COL1A1,ITGB1,ECM_integrin,2.581875453457119,4.035099887545048,10.41812535190014
endothelial,ECM-remodeling FAP,IL6,IL6ST,IL6,2.270437899438654,4.552648419810252,10.336505515156697
endothelial,adipogenic FAP,IL6,IL6ST,IL6,2.270437899438654,4.551672100348742,10.334288842449324
b_cell,ECM-remodeling FAP,TGFB1,TGFBR2,TGFB,2.2142956966392746,4.652798541416488,10.302671787588023
smooth_muscle_pericyte,smooth_muscle_pericyte,FN1,ITGB1,ECM_integrin,1.9898739639324414,5.132820103737006,10.213665085975283
smooth_muscle_pericyte,homeostatic FAP,COL1A1,ITGB1,ECM_integrin,1.8258434336364373,5.5723345420717365,10.174210433667184
endothelial,homeostatic FAP,FN1,ITGB1,ECM_integrin,1.8115180661655428,5.5723345420717365,10.094384693681247
adipogenic FAP,adipogenic FAP,COL1A1,ITGB1,ECM_integrin,2.2287172003909954,4.522645376743493,10.079697542417037
DA-FAP,homeostatic FAP,IL6,IL6ST,IL6,2.158181882547291,4.602391633259439,9.932798239287758
smooth_muscle_pericyte,unassigned,CXCL12,CXCR4,CXCL12,2.432793070389611,4.071164537925211,9.904300876280374
adipogenic FAP,endothelial,COL1A1,ITGB1,ECM_integrin,2.2287172003909954,4.425693832684405,9.86361996856808
adipogenic FAP,DA-FAP,COL1A1,ITGB1,ECM_integrin,2.2287172003909954,4.420436156664212,9.851902095587795
ECM-remodeling FAP,b_cell,FN1,ITGB1,ECM_integrin,5.456936781724284,1.802859462964509,9.838090115730719
DA-FAP,schwann_cell,CXCL12,CXCR4,CXCL12,4.561811492620522,2.15520689292098,9.831647573101893
DA-FAP,ECM-remodeling FAP,IL6,IL6ST,IL6,2.158181882547291,4.552648419810252,9.82544333724204
homeostatic FAP,myonuclei_muscle_fiber,FN1,ITGB1,ECM_integrin,6.04655092859216,1.624832279599497,9.824631129018854
DA-FAP,adipogenic FAP,IL6,IL6ST,IL6,2.158181882547291,4.551672100348742,9.82333626226863
adipogenic FAP,satellite_cell,COL1A1,ITGB1,ECM_integrin,2.2287172003909954,4.393024497833089,9.790809260059621
b_cell,inflammatory FAP,TGFB1,TGFBR2,TGFB,2.2142956966392746,4.406268363871525,9.756781076358495
smooth_muscle_pericyte,ECM-remodeling FAP,COL1A1,ITGB1,ECM_integrin,1.8258434336364373,5.318346942231802,9.710468842274361
adipogenic FAP,schwann_cell,COL1A1,ITGB1,ECM_integrin,2.2287172003909954,4.344399478342586,9.682437842751789
macrophage_monocyte,DA-FAP,TGFB1,TGFBR2,TGFB,2.9477571577607864,3.282614513541934,9.676350428462678
homeostatic FAP,smooth_muscle_pericyte,COL1A1,ITGA1,ECM_integrin,5.084146432195795,1.9022581954484825,9.671359217504614
endothelial,ECM-remodeling FAP,FN1,ITGB1,ECM_integrin,1.8115180661655428,5.318346942231802,9.63428156798918
DA-FAP,satellite_cell,CXCL12,CXCR4,CXCL12,4.561811492620522,2.1064633861075124,9.60928888352959
inflammatory FAP,t_cell,COL1A1,ITGB1,ECM_integrin,2.581875453457119,3.7090990054515887,9.57643167661767
DA-FAP,b_cell,FN1,ITGB1,ECM_integrin,5.288965217362693,1.802859462964509,9.535260991412473
homeostatic FAP,inflammatory FAP,FN1,ITGA5,ECM_integrin,6.04655092859216,1.5743821358494883,9.519581765479632
DA-FAP,myonuclei_muscle_fiber,COL1A1,ITGB1,ECM_integrin,5.840368430366636,1.624832279599497,9.489619150413558
smooth_muscle_pericyte,smooth_muscle_pericyte,COL1A1,ITGB1,ECM_integrin,1.8258434336364373,5.132820103737006,9.37172588244531
ECM-remodeling FAP,macrophage_monocyte,CXCL12,CXCR4,CXCL12,2.576647371235875,3.634498012965207,9.364819750868811
endothelial,smooth_muscle_pericyte,FN1,ITGB1,ECM_integrin,1.8115180661655428,5.132820103737006,9.298196348297282
adipogenic FAP,adipocyte,COL1A1,ITGB1,ECM_integrin,2.2287172003909954,4.1261296884635525,9.195976207722659
homeostatic FAP,b_cell,COL1A1,ITGB1,ECM_integrin,5.084146432195795,1.802859462964509,9.166001506381436
homeostatic FAP,endothelial,FN1,ITGA5,ECM_integrin,6.04655092859216,1.5009326982454871,9.075466000330588
ECM-remodeling FAP,smooth_muscle_pericyte,COL1A1,ITGA1,ECM_integrin,4.732179975233685,1.9022581954484825,9.001828140225475
smooth_muscle_pericyte,adipogenic FAP,FN1,ITGB1,ECM_integrin,1.9898739639324414,4.522645376743493,8.999494283281305
adipogenic FAP,inflammatory FAP,COL1A1,ITGB1,ECM_integrin,2.2287172003909954,4.035099887545048,8.99309652466742
ECM-remodeling FAP,myonuclei_muscle_fiber,FN1,ITGB1,ECM_integrin,5.456936781724284,1.624832279599497,8.866607030679411
smooth_muscle_pericyte,macrophage_monocyte,CXCL12,CXCR4,CXCL12,2.432793070389611,3.634498012965207,8.841981580286566
inflammatory FAP,adipogenic FAP,FN1,ITGA5,ECM_integrin,3.7081636446023034,2.380264850699271,8.826411583887767
smooth_muscle_pericyte,endothelial,FN1,ITGB1,ECM_integrin,1.9898739639324414,4.425693832684405,8.806572929995076
smooth_muscle_pericyte,DA-FAP,FN1,ITGB1,ECM_integrin,1.9898739639324414,4.420436156664212,8.796110817371702
macrophage_monocyte,endothelial,TGFB1,TGFBR2,TGFB,2.9477571577607864,2.9821270846822783,8.790586459224492
smooth_muscle_pericyte,satellite_cell,FN1,ITGB1,ECM_integrin,1.9898739639324414,4.393024497833089,8.741565071155451
unassigned,adipogenic FAP,TGFB1,TGFBR2,TGFB,1.6015349855458525,5.423447770055725,8.685841346024882
smooth_muscle_pericyte,schwann_cell,FN1,ITGB1,ECM_integrin,1.9898739639324414,4.344399478342586,8.644807410875593
DA-FAP,myonuclei_muscle_fiber,FN1,ITGB1,ECM_integrin,5.288965217362693,1.624832279599497,8.593681410849873
ECM-remodeling FAP,inflammatory FAP,FN1,ITGA5,ECM_integrin,5.456936781724284,1.5743821358494883,8.591303785606712
homeostatic FAP,DA-FAP,FN1,ITGA5,ECM_integrin,6.04655092859216,1.4121910106292028,8.538884866669507
ECM-remodeling FAP,b_cell,COL1A1,ITGB1,ECM_integrin,4.732179975233685,1.802859462964509,8.531455448801205
satellite_cell,b_cell,FN1,ITGB1,ECM_integrin,4.713455957596491,1.802859462964509,8.497698676419274
DA-FAP,inflammatory FAP,FN1,ITGA5,ECM_integrin,5.288965217362693,1.5743821358494883,8.32685235534513
adipogenic FAP,schwann_cell,CXCL12,CXCR4,CXCL12,3.8582370371223336,2.15520689292098,8.315299056929073
inflammatory FAP,adipocyte,COL1A1,ITGA1,ECM_integrin,2.581875453457119,3.204484386425788,8.27357957829934
adipogenic FAP,t_cell,COL1A1,ITGB1,ECM_integrin,2.2287172003909954,3.7090990054515887,8.26653275140309
homeostatic FAP,myonuclei_muscle_fiber,COL1A1,ITGB1,ECM_integrin,5.084146432195795,1.624832279599497,8.260885237242343
smooth_muscle_pericyte,adipogenic FAP,COL1A1,ITGB1,ECM_integrin,1.8258434336364373,4.522645376743493,8.257642363793298
inflammatory FAP,endothelial,COL1A1,ITGA1,ECM_integrin,2.581875453457119,3.1919471414053064,8.241209973126981
smooth_muscle_pericyte,adipocyte,FN1,ITGB1,ECM_integrin,1.9898739639324414,4.1261296884635525,8.210478038882298
endothelial,adipogenic FAP,FN1,ITGB1,ECM_integrin,1.8115180661655428,4.522645376743493,8.192853806830906
ECM-remodeling FAP,endothelial,FN1,ITGA5,ECM_integrin,5.456936781724284,1.5009326982454871,8.190494847948475
adipocyte,homeostatic FAP,FN1,ITGB1,ECM_integrin,1.46549935968949,5.5723345420717365,8.166252703381758
adipogenic FAP,satellite_cell,CXCL12,CXCR4,CXCL12,3.8582370371223336,2.1064633861075124,8.127235053622126
smooth_muscle_pericyte,endothelial,COL1A1,ITGB1,ECM_integrin,1.8258434336364373,4.425693832684405,8.080624023692097
smooth_muscle_pericyte,DA-FAP,COL1A1,ITGB1,ECM_integrin,1.8258434336364373,4.420436156664212,8.07102433045444
smooth_muscle_pericyte,inflammatory FAP,FN1,ITGB1,ECM_integrin,1.9898739639324414,4.035099887545048,8.029340208092613
smooth_muscle_pericyte,satellite_cell,COL1A1,ITGB1,ECM_integrin,1.8258434336364373,4.393024497833089,8.020974933172553
endothelial,endothelial,FN1,ITGB1,ECM_integrin,1.8115180661655428,4.425693832684405,8.017224333225222
endothelial,DA-FAP,FN1,ITGB1,ECM_integrin,1.8115180661655428,4.420436156664212,8.007699958128597
endothelial,satellite_cell,FN1,ITGB1,ECM_integrin,1.8115180661655428,4.393024497833089,7.958043242932452
DA-FAP,endothelial,FN1,ITGA5,ECM_integrin,5.288965217362693,1.5009326982454871,7.938380834622716
adipogenic FAP,b_cell,FN1,ITGB1,ECM_integrin,4.402274689330545,1.802859462964509,7.936682582228717
smooth_muscle_pericyte,schwann_cell,COL1A1,ITGB1,ECM_integrin,1.8258434336364373,4.344399478342586,7.932193260625374
endothelial,DA-FAP,IL6,IL6ST,IL6,2.270437899438654,3.4882311781724638,7.91981226892631
inflammatory FAP,macrophage_monocyte,COL1A1,ITGB1,ECM_integrin,2.581875453457119,3.049127603306565,7.872467713435756
endothelial,schwann_cell,FN1,ITGB1,ECM_integrin,1.8115180661655428,4.344399478342586,7.869958141657754
satellite_cell,homeostatic FAP,PDGFA,PDGFRA,PDGF,1.3906269159579585,5.641947012737733,7.84584337432169
adipocyte,ECM-remodeling FAP,FN1,ITGB1,ECM_integrin,1.46549935968949,5.318346942231802,7.794034038447263
myonuclei_muscle_fiber,b_cell,CXCL12,CXCR4,CXCL12,1.1398234272417804,6.832470813084927,7.787810298699896
unassigned,homeostatic FAP,TGFB1,TGFBR2,TGFB,1.6015349855458525,4.838394943281787,7.748858775553923
myonuclei_muscle_fiber,t_cell,CXCL12,CXCR4,CXCL12,1.1398234272417804,6.796764908230814,7.747111871856311
ECM-remodeling FAP,DA-FAP,FN1,ITGA5,ECM_integrin,5.456936781724284,1.4121910106292028,7.706237068722887
ECM-remodeling FAP,myonuclei_muscle_fiber,COL1A1,ITGB1,ECM_integrin,4.732179975233685,1.624832279599497,7.6889987766340395
schwann_cell,adipogenic FAP,TGFB1,TGFBR2,TGFB,1.4174644919145825,5.423447770055725,7.687544637807314
satellite_cell,myonuclei_muscle_fiber,FN1,ITGB1,ECM_integrin,4.713455957596491,1.624832279599497,7.658575388373336
smooth_muscle_pericyte,adipocyte,COL1A1,ITGB1,ECM_integrin,1.8258434336364373,4.1261296884635525,7.533666798013536
DA-FAP,DA-FAP,IL6,IL6ST,IL6,2.158181882547291,3.4882311781724638,7.528237330868404
adipocyte,smooth_muscle_pericyte,FN1,ITGB1,ECM_integrin,1.46549935968949,5.132820103737006,7.522144575427925
endothelial,endothelial,IL6,IL6ST,IL6,2.270437899438654,3.298850720621392,7.489835700689324
endothelial,adipocyte,FN1,ITGB1,ECM_integrin,1.8115180661655428,4.1261296884635525,7.474558473993728
DA-FAP,DA-FAP,FN1,ITGA5,ECM_integrin,5.288965217362693,1.4121910106292028,7.469029135490123
endothelial,satellite_cell,IL6,IL6ST,IL6,2.270437899438654,3.285703968686027,7.459986816840753
unassigned,ECM-remodeling FAP,TGFB1,TGFBR2,TGFB,1.6015349855458525,4.652798541416488,7.451619644775219
endothelial,inflammatory FAP,IL6,IL6ST,IL6,2.270437899438654,3.2739799276040427,7.433368109633639
satellite_cell,inflammatory FAP,FN1,ITGA5,ECM_integrin,4.713455957596491,1.5743821358494883,7.420780857753258
smooth_muscle_pericyte,t_cell,FN1,ITGB1,ECM_integrin,1.9898739639324414,3.7090990054515887,7.380639540595829
smooth_muscle_pericyte,inflammatory FAP,COL1A1,ITGB1,ECM_integrin,1.8258434336364373,4.035099887545048,7.367460633741253
endothelial,inflammatory FAP,FN1,ITGB1,ECM_integrin,1.8115180661655428,4.035099887545048,7.309656345070405
b_cell,DA-FAP,TGFB1,TGFBR2,TGFB,2.2142956966392746,3.282614513541934,7.268679191061531
satellite_cell,b_cell,CXCL12,CXCR4,CXCL12,1.062568632920575,6.832470813084927,7.259969171329381
satellite_cell,t_cell,CXCL12,CXCR4,CXCL12,1.062568632920575,6.796764908230814,7.222029196821353
adipogenic FAP,myonuclei_muscle_fiber,FN1,ITGB1,ECM_integrin,4.402274689330545,1.624832279599497,7.152958018888117
adipogenic FAP,adipocyte,COL1A1,ITGA1,ECM_integrin,2.2287172003909954,3.204484386425788,7.141889470411539
ECM-remodeling FAP,adipogenic FAP,TGFB1,TGFBR2,TGFB,1.3156232953849412,5.423447770055725,7.135214227588824
DA-FAP,endothelial,IL6,IL6ST,IL6,2.158181882547291,3.298850720621392,7.119519858473164
adipogenic FAP,endothelial,COL1A1,ITGA1,ECM_integrin,2.2287172003909954,3.1919471414053064,7.113947496788875
DA-FAP,satellite_cell,IL6,IL6ST,IL6,2.158181882547291,3.285703968686027,7.091146776631916
satellite_cell,endothelial,FN1,ITGA5,ECM_integrin,4.713455957596491,1.5009326982454871,7.074580168496567
DA-FAP,inflammatory FAP,IL6,IL6ST,IL6,2.158181882547291,3.2739799276040427,7.065844163578537
unassigned,inflammatory FAP,TGFB1,TGFBR2,TGFB,1.6015349855458525,4.406268363871525,7.056792940444129
adipocyte,schwann_cell,CXCL12,CXCR4,CXCL12,3.2737876416489753,2.15520689292098,7.0556896912413904
t_cell,satellite_cell,TGFB1,TGFBR2,TGFB,3.597920173136243,1.9565788073953496,7.03961436145858
homeostatic FAP,homeostatic FAP,FN1,ITGA5,ECM_integrin,6.04655092859216,1.1561668961759801,6.9908220196803885
adipogenic FAP,inflammatory FAP,FN1,ITGA5,ECM_integrin,4.402274689330545,1.5743821358494883,6.930862627984366
adipocyte,satellite_cell,CXCL12,CXCR4,CXCL12,3.2737876416489753,2.1064633861075124,6.8961138010248275
schwann_cell,homeostatic FAP,TGFB1,TGFBR2,TGFB,1.4174644919145825,4.838394943281787,6.858253029961003
satellite_cell,homeostatic FAP,COL1A1,ITGB1,ECM_integrin,1.2200959524676651,5.5723345420717365,6.798782820577486
adipogenic FAP,macrophage_monocyte,COL1A1,ITGB1,ECM_integrin,2.2287172003909954,3.049127603306565,6.795643135676313
smooth_muscle_pericyte,t_cell,COL1A1,ITGB1,ECM_integrin,1.8258434336364373,3.7090990054515887,6.772234063811223
endothelial,t_cell,FN1,ITGB1,ECM_integrin,1.8115180661655428,3.7090990054515887,6.7190998575722
inflammatory FAP,b_cell,FN1,ITGB1,ECM_integrin,3.7081636446023034,1.802859462964509,6.685297916892225
satellite_cell,DA-FAP,FN1,ITGA5,ECM_integrin,4.713455957596491,1.4121910106292028,6.656300132314425
adipocyte,adipogenic FAP,FN1,ITGB1,ECM_integrin,1.46549935968949,4.522645376743493,6.627933903720222
adipogenic FAP,endothelial,FN1,ITGA5,ECM_integrin,4.402274689330545,1.5009326982454871,6.6075180278747085
b_cell,endothelial,TGFB1,TGFBR2,TGFB,2.2142956966392746,2.9821270846822783,6.603311170443394
schwann_cell,ECM-remodeling FAP,TGFB1,TGFBR2,TGFB,1.4174644919145825,4.652798541416488,6.595176720489833
t_cell,smooth_muscle_pericyte,TGFB1,TGFBR2,TGFB,3.597920173136243,1.8091158238473821,6.50905431816049
adipocyte,homeostatic FAP,IL6,IL6ST,IL6,1.4125257626874013,4.602391633259439,6.500996751955903
endothelial,schwann_cell,CXCL12,CXCR4,CXCL12,3.0110058996400517,2.15520689292098,6.489340669529976
satellite_cell,ECM-remodeling FAP,COL1A1,ITGB1,ECM_integrin,1.2200959524676651,5.318346942231802,6.488893578035805
adipocyte,endothelial,FN1,ITGB1,ECM_integrin,1.46549935968949,4.425693832684405,6.48585147798072
adipocyte,DA-FAP,FN1,ITGB1,ECM_integrin,1.46549935968949,4.420436156664212,6.478146357139673
adipocyte,satellite_cell,FN1,ITGB1,ECM_integrin,1.46549935968949,4.393024497833089,6.437974588674636
adipocyte,ECM-remodeling FAP,IL6,IL6ST,IL6,1.4125257626874013,4.552648419810252,6.430733181440068
adipocyte,adipogenic FAP,IL6,IL6ST,IL6,1.4125257626874013,4.551672100348742,6.429354105048072
adipocyte,schwann_cell,FN1,ITGB1,ECM_integrin,1.46549935968949,4.344399478342586,6.366714653746414
ECM-remodeling FAP,homeostatic FAP,TGFB1,TGFBR2,TGFB,1.3156232953849412,4.838394943281787,6.36550509965422
endothelial,satellite_cell,CXCL12,CXCR4,CXCL12,3.0110058996400517,2.1064633861075124,6.3425736829454795
ECM-remodeling FAP,homeostatic FAP,FN1,ITGA5,ECM_integrin,5.456936781724284,1.1561668961759801,6.3091296615547074
satellite_cell,smooth_muscle_pericyte,COL1A1,ITGB1,ECM_integrin,1.2200959524676651,5.132820103737006,6.262533033314182
t_cell,macrophage_monocyte,TGFB1,TGFBR2,TGFB,3.597920173136243,1.7371214173296554,6.250024190597389
schwann_cell,inflammatory FAP,TGFB1,TGFBR2,TGFB,1.4174644919145825,4.406268363871525,6.24572894763445
adipogenic FAP,DA-FAP,FN1,ITGA5,ECM_integrin,4.402274689330545,1.4121910106292028,6.216852742593062
homeostatic FAP,macrophage_monocyte,FN1,ITGA5,ECM_integrin,6.04655092859216,1.0276590164232902,6.2137925800303515
satellite_cell,adipogenic FAP,PDGFA,PDGFRA,PDGF,1.3906269159579585,4.462824316639407,6.206123615910442
t_cell,adipocyte,TGFB1,TGFBR2,TGFB,3.597920173136243,1.7117976647514914,6.158911350336902
schwann_cell,ECM-remodeling FAP,SPP1,CD44,SPP1,1.0647965528538763,5.769134044139827,6.142954043152031
ECM-remodeling FAP,ECM-remodeling FAP,TGFB1,TGFBR2,TGFB,1.3156232953849412,4.652798541416488,6.121330149820608
DA-FAP,homeostatic FAP,FN1,ITGA5,ECM_integrin,5.288965217362693,1.1561668961759801,6.114926499340943
smooth_muscle_pericyte,macrophage_monocyte,FN1,ITGB1,ECM_integrin,1.9898739639324414,3.049127603306565,6.067379630527459
adipocyte,adipocyte,FN1,ITGB1,ECM_integrin,1.46549935968949,4.1261296884635525,6.046840416439132
inflammatory FAP,myonuclei_muscle_fiber,FN1,ITGB1,ECM_integrin,3.7081636446023034,1.624832279599497,6.025143987787139
adipocyte,inflammatory FAP,FN1,ITGB1,ECM_integrin,1.46549935968949,4.035099887545048,5.9134363014804014
satellite_cell,ECM-remodeling FAP,PDGFA,PDGFRA,PDGF,1.3906269159579585,4.249269562692163,5.909148627040626
smooth_muscle_pericyte,adipocyte,COL1A1,ITGA1,ECM_integrin,1.8258434336364373,3.204484386425788,5.850886775146013
inflammatory FAP,inflammatory FAP,FN1,ITGA5,ECM_integrin,3.7081636446023034,1.5743821358494883,5.838066598868397
smooth_muscle_pericyte,endothelial,COL1A1,ITGA1,ECM_integrin,1.8258434336364373,3.1919471414053064,5.8279957286494755
ECM-remodeling FAP,inflammatory FAP,TGFB1,TGFBR2,TGFB,1.3156232953849412,4.406268363871525,5.7969893052270685
macrophage_monocyte,satellite_cell,TGFB1,TGFBR2,TGFB,2.9477571577607864,1.9565788073953496,5.767519184222705
smooth_muscle_pericyte,ECM-remodeling FAP,FN1,ITGA5,ECM_integrin,1.9898739639324414,2.8513649692564207,5.673856913992378
ECM-remodeling FAP,macrophage_monocyte,FN1,ITGA5,ECM_integrin,5.456936781724284,1.0276590164232902,5.6078702857908524
satellite_cell,inflammatory FAP,PDGFA,PDGFRA,PDGF,1.3906269159579585,4.02084828846314,5.591499854920332
smooth_muscle_pericyte,macrophage_monocyte,COL1A1,ITGB1,ECM_integrin,1.8258434336364373,3.049127603306565,5.5672296128169
inflammatory FAP,endothelial,FN1,ITGA5,ECM_integrin,3.7081636446023034,1.5009326982454871,5.565704064628755
ECM-remodeling FAP,schwann_cell,CXCL12,CXCR4,CXCL12,2.576647371235875,2.15520689292098,5.553208175114281
endothelial,macrophage_monocyte,FN1,ITGB1,ECM_integrin,1.8115180661655428,3.049127603306565,5.523549739433885
endothelial,smooth_muscle_pericyte,IL6,IL6ST,IL6,2.270437899438654,2.4319811177368806,5.521662100428993
satellite_cell,adipogenic FAP,COL1A1,ITGB1,ECM_integrin,1.2200959524676651,4.522645376743493,5.518061318611334
endothelial,adipocyte,IL6,IL6ST,IL6,2.270437899438654,2.430215557697972,5.517653506002921
t_cell,ECM-remodeling FAP,TNF,TNFRSF1A,TNF,1.4678352237929455,3.7461060772991934,5.498666452324575
satellite_cell,homeostatic FAP,FN1,ITGA5,ECM_integrin,4.713455957596491,1.1561668961759801,5.449541744756517
adipocyte,t_cell,FN1,ITGB1,ECM_integrin,1.46549935968949,3.7090990054515887,5.435682217514228
DA-FAP,macrophage_monocyte,FN1,ITGA5,ECM_integrin,5.288965217362693,1.0276590164232902,5.435252793171938
ECM-remodeling FAP,satellite_cell,CXCL12,CXCR4,CXCL12,2.576647371235875,2.1064633861075124,5.427613346418541
satellite_cell,endothelial,COL1A1,ITGB1,ECM_integrin,1.2200959524676651,4.425693832684405,5.3997711321193504
satellite_cell,DA-FAP,COL1A1,ITGB1,ECM_integrin,1.2200959524676651,4.420436156664212,5.3933562628877265
satellite_cell,satellite_cell,COL1A1,ITGB1,ECM_integrin,1.2200959524676651,4.393024497833089,5.359911408897449
macrophage_monocyte,smooth_muscle_pericyte,TGFB1,TGFBR2,TGFB,2.9477571577607864,1.8091158238473821,5.332834118964422
satellite_cell,schwann_cell,COL1A1,ITGB1,ECM_integrin,1.2200959524676651,4.344399478342586,5.300584219428425
schwann_cell,macrophage_monocyte,SPP1,CD44,SPP1,1.0647965528538763,4.967461870217856,5.289336275841043
schwann_cell,t_cell,SPP1,CD44,SPP1,1.0647965528538763,4.957426809703607,5.27865097799779
t_cell,homeostatic FAP,TGFB1,TGFBR1,TGFB,3.597920173136243,1.4632747626744356,5.2647457874675
unassigned,DA-FAP,TGFB1,TGFBR2,TGFB,1.6015349855458525,3.282614513541934,5.257221987497987
DA-FAP,smooth_muscle_pericyte,IL6,IL6ST,IL6,2.158181882547291,2.4319811177368806,5.248657586996846
DA-FAP,adipocyte,IL6,IL6ST,IL6,2.158181882547291,2.430215557697972,5.2448471873083236
smooth_muscle_pericyte,schwann_cell,CXCL12,CXCR4,CXCL12,2.432793070389611,2.15520689292098,5.243172394354084
inflammatory FAP,DA-FAP,FN1,ITGA5,ECM_integrin,3.7081636446023034,1.4121910106292028,5.236635364849395
homeostatic FAP,unassigned,FN1,ITGB1,ECM_integrin,6.04655092859216,0.857836844767653,5.186954170310421
endothelial,ECM-remodeling FAP,FN1,ITGA5,ECM_integrin,1.8115180661655428,2.8513649692564207,5.1652991550395635
smooth_muscle_pericyte,satellite_cell,CXCL12,CXCR4,CXCL12,2.432793070389611,2.1064633861075124,5.124589528751791
macrophage_monocyte,macrophage_monocyte,TGFB1,TGFBR2,TGFB,2.9477571577607864,1.7371214173296554,5.1206120918330535
endothelial,schwann_cell,IL6,IL6ST,IL6,2.270437899438654,2.2510696756694233,5.110913905916938
adipogenic FAP,homeostatic FAP,FN1,ITGA5,ECM_integrin,4.402274689330545,1.1561668961759801,5.089764263677373
satellite_cell,DA-FAP,PDGFA,PDGFRA,PDGF,1.3906269159579585,3.6486532997414245,5.073915485619246
macrophage_monocyte,adipocyte,TGFB1,TGFBR2,TGFB,2.9477571577607864,1.7117976647514914,5.045963818909408
satellite_cell,adipocyte,COL1A1,ITGB1,ECM_integrin,1.2200959524676651,4.1261296884635525,5.034274132251048
DA-FAP,unassigned,COL1A1,ITGB1,ECM_integrin,5.840368430366636,0.857836844767653,5.0100832265863255
t_cell,t_cell,TGFB1,TGFBR2,TGFB,3.597920173136243,1.37096690353889,4.932629478944702
adipocyte,DA-FAP,IL6,IL6ST,IL6,1.4125257626874013,3.4882311781724638,4.927216405378032
satellite_cell,inflammatory FAP,COL1A1,ITGB1,ECM_integrin,1.2200959524676651,4.035099887545048,4.9232090405964435
inflammatory FAP,smooth_muscle_pericyte,COL1A1,ITGA1,ECM_integrin,2.581875453457119,1.9022581954484825,4.911393740966072
smooth_muscle_pericyte,homeostatic FAP,PDGFA,PDGFRA,PDGF,0.8682712693446457,5.641947012737733,4.898740494325023
endothelial,adipogenic FAP,TGFB1,TGFBR2,TGFB,0.9017331634870771,5.423447770055725,4.890502714699283
DA-FAP,schwann_cell,IL6,IL6ST,IL6,2.158181882547291,2.2510696756694233,4.858217790381356
satellite_cell,macrophage_monocyte,FN1,ITGA5,ECM_integrin,4.713455957596491,1.0276590164232902,4.843825513338107
t_cell,ECM-remodeling FAP,TGFB1,TGFBR1,TGFB,3.597920173136243,1.3425599544521776,4.830423543768365
t_cell,inflammatory FAP,TNF,TNFRSF1A,TNF,1.4678352237929455,3.278209645622694,4.81187158882278
unassigned,endothelial,TGFB1,TGFBR2,TGFB,1.6015349855458525,2.9821270846822783,4.775980857462528
smooth_muscle_pericyte,adipogenic FAP,FN1,ITGA5,ECM_integrin,1.9898739639324414,2.380264850699271,4.7364270536700195
schwann_cell,DA-FAP,SPP1,CD44,SPP1,1.0647965528538763,4.441305456163125,4.729086739893608
schwann_cell,inflammatory FAP,SPP1,CD44,SPP1,1.0647965528538763,4.435285456815737,4.722676665340327
endothelial,smooth_muscle_pericyte,PDGFB,PDGFRB,PDGF,1.1883417471033395,3.9554246786240435,4.700396273131761
ECM-remodeling FAP,unassigned,FN1,ITGB1,ECM_integrin,5.456936781724284,0.857836844767653,4.681161430930911
adipocyte,endothelial,IL6,IL6ST,IL6,1.4125257626874013,3.298850720621392,4.659711630137616
inflammatory FAP,b_cell,COL1A1,ITGB1,ECM_integrin,2.581875453457119,1.802859462964509,4.65475859346095
schwann_cell,DA-FAP,TGFB1,TGFBR2,TGFB,1.4174644919145825,3.282614513541934,4.6529895135891515
myonuclei_muscle_fiber,homeostatic FAP,FN1,ITGB1,ECM_integrin,0.8348231573330259,5.5723345420717365,4.651913916128208
adipocyte,satellite_cell,IL6,IL6ST,IL6,1.4125257626874013,3.285703968686027,4.641141504333252
myonuclei_muscle_fiber,unassigned,CXCL12,CXCR4,CXCL12,1.1398234272417804,4.071164537925211,4.640408716483113
adipocyte,inflammatory FAP,IL6,IL6ST,IL6,1.4125257626874013,3.2739799276040427,4.624580994262143
macrophage_monocyte,b_cell,CXCL12,CXCR4,CXCL12,0.6767710308881131,6.832470813084927,4.62401831568443
smooth_muscle_pericyte,homeostatic FAP,IL6,IL6ST,IL6,1.003667665427036,4.602391633259439,4.619271665934424
macrophage_monocyte,t_cell,CXCL12,CXCR4,CXCL12,0.6767710308881131,6.796764908230814,4.599853593647519
smooth_muscle_pericyte,ECM-remodeling FAP,IL6,IL6ST,IL6,1.003667665427036,4.552648419810252,4.56934601102104
smooth_muscle_pericyte,adipogenic FAP,IL6,IL6ST,IL6,1.003667665427036,4.551672100348742,4.568366110746395
DA-FAP,unassigned,FN1,ITGB1,ECM_integrin,5.288965217362693,0.857836844767653,4.537069234148277
satellite_cell,t_cell,COL1A1,ITGB1,ECM_integrin,1.2200959524676651,3.7090990054515887,4.525456683853325
adipogenic FAP,macrophage_monocyte,FN1,ITGA5,ECM_integrin,4.402274689330545,1.0276590164232902,4.524037277262573
adipocyte,macrophage_monocyte,FN1,ITGB1,ECM_integrin,1.46549935968949,3.049127603306565,4.46849455025732
myonuclei_muscle_fiber,ECM-remodeling FAP,FN1,ITGB1,ECM_integrin,0.8348231573330259,5.318346942231802,4.439879186106397
endothelial,homeostatic FAP,TGFB1,TGFBR2,TGFB,0.9017331634870771,4.838394943281787,4.362941178405363
homeostatic FAP,unassigned,COL1A1,ITGB1,ECM_integrin,5.084146432195795,0.857836844767653,4.3613681337315615
b_cell,satellite_cell,TGFB1,TGFBR2,TGFB,2.2142956966392746,1.9565788073953496,4.332444033351127
satellite_cell,unassigned,CXCL12,CXCR4,CXCL12,1.062568632920575,4.071164537925211,4.3258917374579156
ECM-remodeling FAP,DA-FAP,TGFB1,TGFBR2,TGFB,1.3156232953849412,3.282614513541934,4.318684123784474
macrophage_monocyte,homeostatic FAP,TGFB1,TGFBR1,TGFB,2.9477571577607864,1.4632747626744356,4.313378655444283
endothelial,adipogenic FAP,FN1,ITGA5,ECM_integrin,1.8115180661655428,2.380264850699271,4.311892779300558
endothelial,ECM-remodeling FAP,PDGFB,PDGFRB,PDGF,1.1883417471033395,3.6235286932111044,4.305990417969564
t_cell,adipogenic FAP,TNF,TNFRSF1A,TNF,1.4678352237929455,2.9271042802307075,4.296506766237729
inflammatory FAP,homeostatic FAP,FN1,ITGA5,ECM_integrin,3.7081636446023034,1.1561668961759801,4.287256051492456
myonuclei_muscle_fiber,smooth_muscle_pericyte,FN1,ITGB1,ECM_integrin,0.8348231573330259,5.132820103737006,4.284997085024157
schwann_cell,homeostatic FAP,FN1,ITGB1,ECM_integrin,0.7622824903796157,5.5723345420717365,4.247693051958799
adipogenic FAP,smooth_muscle_pericyte,COL1A1,ITGA1,ECM_integrin,2.2287172003909954,1.9022581954484825,4.239595559780769
schwann_cell,endothelial,TGFB1,TGFBR2,TGFB,1.4174644919145825,2.9821270846822783,4.227059252913881
endothelial,ECM-remodeling FAP,TGFB1,TGFBR2,TGFB,0.9017331634870771,4.652798541416488,4.195582747819548
inflammatory FAP,myonuclei_muscle_fiber,COL1A1,ITGB1,ECM_integrin,2.581875453457119,1.624832279599497,4.195114578682715
adipocyte,ECM-remodeling FAP,FN1,ITGA5,ECM_integrin,1.46549935968949,2.8513649692564207,4.178673536686327
myonuclei_muscle_fiber,macrophage_monocyte,CXCL12,CXCR4,CXCL12,1.1398234272417804,3.634498012965207,4.142685981441443
ECM-remodeling FAP,unassigned,COL1A1,ITGB1,ECM_integrin,4.732179975233685,0.857836844767653,4.0594383388271345
schwann_cell,ECM-remodeling FAP,FN1,ITGB1,ECM_integrin,0.7622824903796157,5.318346942231802,4.054082751827272
satellite_cell,unassigned,FN1,ITGB1,ECM_integrin,4.713455957596491,0.857836844767653,4.04337618661587
macrophage_monocyte,t_cell,TGFB1,TGFBR2,TGFB,2.9477571577607864,1.37096690353889,4.041277502959905
adipogenic FAP,b_cell,COL1A1,ITGB1,ECM_integrin,2.2287172003909954,1.802859462964509,4.018063894996674
b_cell,smooth_muscle_pericyte,TGFB1,TGFBR2,TGFB,2.2142956966392746,1.8091158238473821,4.005917383467274
homeostatic FAP,adipogenic FAP,WNT5A,FZD4,WNT,2.4045408374272883,1.6561963175184302,3.982391680269757
b_cell,homeostatic FAP,IL6,IL6ST,IL6,0.8641135982365176,4.602391633259439,3.976989194709456
endothelial,inflammatory FAP,TGFB1,TGFBR2,TGFB,0.9017331634870771,4.406268363871525,3.973278310926897
schwann_cell,adipogenic FAP,SPP1,CD44,SPP1,1.0647965528538763,3.730187973215746,3.971891295377114
macrophage_monocyte,ECM-remodeling FAP,TGFB1,TGFBR1,TGFB,2.9477571577607864,1.3425599544521776,3.957540715459402
b_cell,ECM-remodeling FAP,IL6,IL6ST,IL6,0.8641135982365176,4.552648419810252,3.9340054075480326
b_cell,adipogenic FAP,IL6,IL6ST,IL6,0.8641135982365176,4.551672100348742,3.9331617566251187
ECM-remodeling FAP,endothelial,TGFB1,TGFBR2,TGFB,1.3156232953849412,2.9821270846822783,3.9233558624063862
schwann_cell,smooth_muscle_pericyte,FN1,ITGB1,ECM_integrin,0.7622824903796157,5.132820103737006,3.9126588913472027
schwann_cell,homeostatic FAP,SPP1,CD44,SPP1,1.0647965528538763,3.673274945417006,3.911290499564539
satellite_cell,adipocyte,COL1A1,ITGA1,ECM_integrin,1.2200959524676651,3.204484386425788,3.9097784296239335
endothelial,myonuclei_muscle_fiber,IL6,IL6ST,IL6,2.270437899438654,1.7159025138850577,3.895850099266696
satellite_cell,endothelial,COL1A1,ITGA1,ECM_integrin,1.2200959524676651,3.1919471414053064,3.8944817877193483
smooth_muscle_pericyte,adipogenic FAP,PDGFA,PDGFRA,PDGF,0.8682712693446457,4.462824316639407,3.8749421342706487
satellite_cell,macrophage_monocyte,CXCL12,CXCR4,CXCL12,1.062568632920575,3.634498012965207,3.8619035849889864
inflammatory FAP,homeostatic FAP,IL6,IL6ST,IL6,0.835768433075461,4.602391633259439,3.846533643728853
b_cell,macrophage_monocyte,TGFB1,TGFBR2,TGFB,2.2142956966392746,1.7371214173296554,3.8465004789329735
t_cell,macrophage_monocyte,TNF,TNFRSF1A,TNF,1.4678352237929455,2.609839413632586,3.8308142197730364
DA-FAP,adipogenic FAP,TGFB1,TGFBR2,TGFB,0.7028314625836879,5.423447770055725,3.811769728474506
inflammatory FAP,macrophage_monocyte,FN1,ITGA5,ECM_integrin,3.7081636446023034,1.0276590164232902,3.810727803748606
inflammatory FAP,ECM-remodeling FAP,IL6,IL6ST,IL6,0.835768433075461,4.552648419810252,3.8049598361682877
homeostatic FAP,adipocyte,FN1,ITGA5,ECM_integrin,6.04655092859216,0.629206017470737,3.80452622921346
inflammatory FAP,adipogenic FAP,IL6,IL6ST,IL6,0.835768433075461,4.551672100348742,3.8041438591817602
schwann_cell,b_cell,SPP1,CD44,SPP1,1.0647965528538763,3.563833573157496,3.7947577036430147
b_cell,adipocyte,TGFB1,TGFBR2,TGFB,2.2142956966392746,1.7117976647514914,3.7904262025763873
macrophage_monocyte,ECM-remodeling FAP,TNF,TNFRSF1A,TNF,1.0104381829116726,3.7461060772991934,3.785208617740571
adipogenic FAP,unassigned,FN1,ITGB1,ECM_integrin,4.402274689330545,0.857836844767653,3.7764334292958144
myonuclei_muscle_fiber,adipogenic FAP,FN1,ITGB1,ECM_integrin,0.8348231573330259,4.522645376743493,3.7756090929106154
inflammatory FAP,adipogenic FAP,TGFB1,TGFBR2,TGFB,0.6903533478343598,5.423447770055725,3.744095324862763
homeostatic FAP,homeostatic FAP,WNT5A,FZD4,WNT,2.4045408374272883,1.5486852012099066,3.7238768106285174
satellite_cell,macrophage_monocyte,COL1A1,ITGB1,ECM_integrin,1.2200959524676651,3.049127603306565,3.7202282473517725
endothelial,homeostatic FAP,PDGFB,PDGFRB,PDGF,1.1883417471033395,3.126010886503331,3.7147692383314275
DA-FAP,myonuclei_muscle_fiber,IL6,IL6ST,IL6,2.158181882547291,1.7159025138850577,3.703229717684083
t_cell,DA-FAP,TNF,TNFRSF1A,TNF,1.4678352237929455,2.522350703182164,3.702395208889685
myonuclei_muscle_fiber,endothelial,FN1,ITGB1,ECM_integrin,0.8348231573330259,4.425693832684405,3.6946716987908954
t_cell,adipogenic FAP,TGFB1,TGFBR1,TGFB,3.597920173136243,1.0267164545353906,3.694043843863802
myonuclei_muscle_fiber,DA-FAP,FN1,ITGB1,ECM_integrin,0.8348231573330259,4.420436156664212,3.6902824690954836
smooth_muscle_pericyte,ECM-remodeling FAP,PDGFA,PDGFRA,PDGF,0.8682712693446457,4.249269562692163,3.689518676986292
myonuclei_muscle_fiber,satellite_cell,FN1,ITGB1,ECM_integrin,0.8348231573330259,4.393024497833089,3.66739858152235
adipocyte,smooth_muscle_pericyte,PDGFB,PDGFRB,PDGF,0.9269350270514369,3.9554246786240435,3.666421681480299
t_cell,DA-FAP,TGFB1,TGFBR1,TGFB,3.597920173136243,1.0170521028081556,3.6592722778240994
homeostatic FAP,endothelial,WNT5A,FZD4,WNT,2.4045408374272883,1.5214582465992588,3.6584084863884354
myonuclei_muscle_fiber,schwann_cell,FN1,ITGB1,ECM_integrin,0.8348231573330259,4.344399478342586,3.6268052892259086
adipogenic FAP,myonuclei_muscle_fiber,COL1A1,ITGB1,ECM_integrin,2.2287172003909954,1.624832279599497,3.62129164929391
smooth_muscle_pericyte,b_cell,FN1,ITGB1,ECM_integrin,1.9898739639324414,1.802859462964509,3.5874631059823
endothelial,macrophage_monocyte,IL6,IL6R,IL6,2.270437899438654,1.564121644357306,3.5512410606811353
endothelial,macrophage_monocyte,IL6,IL6ST,IL6,2.270437899438654,1.5515375768589044,3.5226697169036703
smooth_muscle_pericyte,DA-FAP,IL6,IL6ST,IL6,1.003667665427036,3.4882311781724638,3.501024843066156
smooth_muscle_pericyte,inflammatory FAP,PDGFA,PDGFRA,PDGF,0.8682712693446457,4.02084828846314,3.4911870472661364
adipocyte,adipogenic FAP,FN1,ITGA5,ECM_integrin,1.46549935968949,2.380264850699271,3.4882766145911814
smooth_muscle_pericyte,smooth_muscle_pericyte,COL1A1,ITGA1,ECM_integrin,1.8258434336364373,1.9022581954484825,3.4732256352407105
schwann_cell,adipogenic FAP,FN1,ITGB1,ECM_integrin,0.7622824903796157,4.522645376743493,3.447533380887885
myonuclei_muscle_fiber,adipocyte,FN1,ITGB1,ECM_integrin,0.8348231573330259,4.1261296884635525,3.4445886140886777
adipocyte,adipogenic FAP,TGFB1,TGFBR2,TGFB,0.6346072104030224,5.423447770055725,3.441759060121556
adipocyte,smooth_muscle_pericyte,IL6,IL6ST,IL6,1.4125257626874013,2.4319811177368806,3.435235983172646
t_cell,schwann_cell,TGFB1,TGFBR2,TGFB,3.597920173136243,0.9543259710483836,3.4335886629828134
ECM-remodeling FAP,adipocyte,FN1,ITGA5,ECM_integrin,5.456936781724284,0.629206017470737,3.4335374600183175
adipocyte,adipocyte,IL6,IL6ST,IL6,1.4125257626874013,2.430215557697972,3.4327420841321157
homeostatic FAP,unassigned,FN1,ITGA5,ECM_integrin,6.04655092859216,0.5643712961462256,3.4124997847837215
DA-FAP,homeostatic FAP,TGFB1,TGFBR2,TGFB,0.7028314625836879,4.838394943281787,3.400576194544258
t_cell,macrophage_monocyte,TGFB1,TGFBR1,TGFB,3.597920173136243,0.9385889775240909,3.376968216517246
adipocyte,homeostatic FAP,COL1A1,ITGB1,ECM_integrin,0.6058540047639327,5.5723345420717365,3.3760211981985564
DA-FAP,macrophage_monocyte,IL6,IL6R,IL6,2.158181882547291,1.564121644357306,3.3756589949520155
schwann_cell,endothelial,FN1,ITGB1,ECM_integrin,0.7622824903796157,4.425693832684405,3.3736289164363744
schwann_cell,DA-FAP,FN1,ITGB1,ECM_integrin,0.7622824903796157,4.420436156664212,3.3696210820660926
myonuclei_muscle_fiber,inflammatory FAP,FN1,ITGB1,ECM_integrin,0.8348231573330259,4.035099887545048,3.3685948282744946
DA-FAP,schwann_cell,COL1A1,ITGA1,ECM_integrin,5.840368430366636,0.5762382303029131,3.365443568631473
adipocyte,ECM-remodeling FAP,PDGFB,PDGFRB,PDGF,0.9269350270514369,3.6235286932111044,3.358775667263293
schwann_cell,satellite_cell,FN1,ITGB1,ECM_integrin,0.7622824903796157,4.393024497833089,3.3487256545068678
DA-FAP,macrophage_monocyte,IL6,IL6ST,IL6,2.158181882547291,1.5515375768589044,3.3485002884682125
inflammatory FAP,homeostatic FAP,TGFB1,TGFBR2,TGFB,0.6903533478343598,4.838394943281787,3.340202147239419
adipogenic FAP,adipogenic FAP,TGFB1,TGFBR2,TGFB,0.6146881844143516,5.423447770055725,3.3337292630416173
DA-FAP,adipocyte,FN1,ITGA5,ECM_integrin,5.288965217362693,0.629206017470737,3.3278487409580313
schwann_cell,unassigned,SPP1,CD44,SPP1,1.0647965528538763,3.11662203665575,3.31856840117947
macrophage_monocyte,inflammatory FAP,TNF,TNFRSF1A,TNF,1.0104381829116726,3.278209645622694,3.312428197526513
schwann_cell,schwann_cell,FN1,ITGB1,ECM_integrin,0.7622824903796157,4.344399478342586,3.31165965355489
smooth_muscle_pericyte,endothelial,IL6,IL6ST,IL6,1.003667665427036,3.298850720621392,3.310949801358368
smooth_muscle_pericyte,satellite_cell,IL6,IL6ST,IL6,1.003667665427036,3.285703968686027,3.297754831535452
smooth_muscle_pericyte,b_cell,COL1A1,ITGB1,ECM_integrin,1.8258434336364373,1.802859462964509,3.2917391122230626
smooth_muscle_pericyte,inflammatory FAP,IL6,IL6ST,IL6,1.003667665427036,3.2739799276040427,3.285987790593326
endothelial,homeostatic FAP,IL6,IL6R,IL6,2.270437899438654,1.447118863448856,3.2855935125668734
DA-FAP,ECM-remodeling FAP,TGFB1,TGFBR2,TGFB,0.7028314625836879,4.652798541416488,3.270133203971
endothelial,b_cell,FN1,ITGB1,ECM_integrin,1.8115180661655428,1.802859462964509,3.265912487917716
endothelial,DA-FAP,PDGFB,PDGFRB,PDGF,1.1883417471033395,2.7422841587699134,3.2587707482864507
b_cell,homeostatic FAP,TGFB1,TGFBR1,TGFB,2.2142956966392746,1.4632747626744356,3.2401230099908584
smooth_muscle_pericyte,myonuclei_muscle_fiber,FN1,ITGB1,ECM_integrin,1.9898739639324414,1.624832279599497,3.233211448932036
adipocyte,ECM-remodeling FAP,COL1A1,ITGB1,ECM_integrin,0.6058540047639327,5.318346942231802,3.222141793675153
inflammatory FAP,ECM-remodeling FAP,TGFB1,TGFBR2,TGFB,0.6903533478343598,4.652798541416488,3.2120750498656987
inflammatory FAP,unassigned,FN1,ITGB1,ECM_integrin,3.7081636446023034,0.857836844767653,3.1809994007677607
adipocyte,schwann_cell,IL6,IL6ST,IL6,1.4125257626874013,2.2510696756694233,3.1796939104874333
smooth_muscle_pericyte,DA-FAP,PDGFA,PDGFRA,PDGF,0.8682712693446457,3.6486532997414245,3.1680208319650167
schwann_cell,homeostatic FAP,PDGFA,PDGFRA,PDGF,0.5598983109884971,5.641947012737733,3.158916603118453
schwann_cell,adipocyte,FN1,ITGB1,ECM_integrin,0.7622824903796157,4.1261296884635525,3.145276414551265
unassigned,satellite_cell,TGFB1,TGFBR2,TGFB,1.6015349855458525,1.9565788073953496,3.1335294120212325
smooth_muscle_pericyte,inflammatory FAP,FN1,ITGA5,ECM_integrin,1.9898739639324414,1.5743821358494883,3.132822021407245
DA-FAP,homeostatic FAP,IL6,IL6R,IL6,2.158181882547291,1.447118863448856,3.1231457129877485
endothelial,homeostatic FAP,COL1A1,ITGB1,ECM_integrin,0.5593944596856071,5.5723345420717365,3.117133070349664
adipocyte,smooth_muscle_pericyte,COL1A1,ITGB1,ECM_integrin,0.6058540047639327,5.132820103737006,3.1097396155818897
DA-FAP,inflammatory FAP,TGFB1,TGFBR2,TGFB,0.7028314625836879,4.406268363871525,3.096864038716057
myonuclei_muscle_fiber,t_cell,FN1,ITGB1,ECM_integrin,0.8348231573330259,3.7090990054515887,3.0964417425918818
ECM-remodeling FAP,unassigned,FN1,ITGA5,ECM_integrin,5.456936781724284,0.5643712961462256,3.0797384844897473
endothelial,inflammatory FAP,PDGFB,PDGFRB,PDGF,1.1883417471033395,2.5891315593267925,3.0767731206907944
schwann_cell,inflammatory FAP,FN1,ITGB1,ECM_integrin,0.7622824903796157,4.035099887545048,3.0758859912083465
adipocyte,homeostatic FAP,TGFB1,TGFBR2,TGFB,0.6346072104030224,4.838394943281787,3.0704803177841447
t_cell,homeostatic FAP,TNF,TNFRSF1A,TNF,1.4678352237929455,2.0915663183626334,3.0700747149916032
endothelial,unassigned,IL6,IL6R,IL6,2.270437899438654,1.3421099946041897,3.0471773969647598
inflammatory FAP,inflammatory FAP,TGFB1,TGFBR2,TGFB,0.6903533478343598,4.406268363871525,3.041882116455334
b_cell,t_cell,TGFB1,TGFBR2,TGFB,2.2142956966392746,1.37096690353889,3.0357261147410357
macrophage_monocyte,adipogenic FAP,TGFB1,TGFBR1,TGFB,2.9477571577607864,1.0267164545353906,3.026510777847475
smooth_muscle_pericyte,endothelial,JAG1,NOTCH1,NOTCH,2.081053377974546,1.4521323491103546,3.0219649303822163
b_cell,DA-FAP,IL6,IL6ST,IL6,0.8641135982365176,3.4882311781724638,3.0142279948514146
t_cell,unassigned,TGFB1,TGFBR1,TGFB,3.597920173136243,0.8360977593507618,3.0082129950821175
macrophage_monocyte,DA-FAP,TGFB1,TGFBR1,TGFB,2.9477571577607864,1.0170521028081556,2.9980226158684
t_cell,b_cell,TGFB1,TGFBR2,TGFB,3.597920173136243,0.832618945062632,2.995696498976261
smooth_muscle_pericyte,endothelial,FN1,ITGA5,ECM_integrin,1.9898739639324414,1.5009326982454871,2.9866668978535627
DA-FAP,unassigned,FN1,ITGA5,ECM_integrin,5.288965217362693,0.5643712961462256,2.984940154995287
endothelial,ECM-remodeling FAP,COL1A1,ITGB1,ECM_integrin,0.5593944596856071,5.318346942231802,2.9750538141703595
adipogenic FAP,homeostatic FAP,TGFB1,TGFBR2,TGFB,0.6146881844143516,4.838394943281787,2.9741042031654614
b_cell,ECM-remodeling FAP,TGFB1,TGFBR1,TGFB,2.2142956966392746,1.3425599544521776,2.972824729623677
smooth_muscle_pericyte,myonuclei_muscle_fiber,COL1A1,ITGB1,ECM_integrin,1.8258434336364373,1.624832279599497,2.9666893484672654
satellite_cell,adipocyte,FN1,ITGA5,ECM_integrin,4.713455957596491,0.629206017470737,2.965734851603007
endothelial,DA-FAP,TGFB1,TGFBR2,TGFB,0.9017331634870771,3.282614513541934,2.9600423698047607
macrophage_monocyte,adipogenic FAP,TNF,TNFRSF1A,TNF,1.0104381829116726,2.9271042802307075,2.9576579301092956
adipocyte,ECM-remodeling FAP,TGFB1,TGFBR2,TGFB,0.6346072104030224,4.652798541416488,2.952699502935569
endothelial,myonuclei_muscle_fiber,FN1,ITGB1,ECM_integrin,1.8115180661655428,1.624832279599497,2.9434130289834313
homeostatic FAP,schwann_cell,COL1A1,ITGA1,ECM_integrin,5.084146432195795,0.5762382303029131,2.9296795426893745
inflammatory FAP,DA-FAP,IL6,IL6ST,IL6,0.835768433075461,3.4882311781724638,2.915353505986169
adipocyte,homeostatic FAP,PDGFB,PDGFRB,PDGF,0.9269350270514369,3.126010886503331,2.8976089856440517
unassigned,smooth_muscle_pericyte,TGFB1,TGFBR2,TGFB,1.6015349855458525,1.8091158238473821,2.89736228479619
DA-FAP,unassigned,IL6,IL6R,IL6,2.158181882547291,1.3421099946041897,2.896517474740405
endothelial,smooth_muscle_pericyte,COL1A1,ITGB1,ECM_integrin,0.5593944596856071,5.132820103737006,2.8712711285933845
adipogenic FAP,ECM-remodeling FAP,TGFB1,TGFBR2,TGFB,0.6146881844143516,4.652798541416488,2.8600202878690446
homeostatic FAP,smooth_muscle_pericyte,FN1,ITGA5,ECM_integrin,6.04655092859216,0.4728178348421229,2.858917118319573
endothelial,inflammatory FAP,FN1,ITGA5,ECM_integrin,1.8115180661655428,1.5743821358494883,2.852021682139642
b_cell,endothelial,IL6,IL6ST,IL6,0.8641135982365176,3.298850720621392,2.8505817662412802
b_cell,satellite_cell,IL6,IL6ST,IL6,0.8641135982365176,3.285703968686027,2.839221479121289
t_cell,unassigned,TNF,TNFRSF1A,TNF,1.4678352237929455,1.9333877306720861,2.8378946123295967
endothelial,adipogenic FAP,PDGFB,PDGFRB,PDGF,1.1883417471033395,2.3860566423544025,2.8354507190629588
b_cell,inflammatory FAP,IL6,IL6ST,IL6,0.8641135982365176,3.2739799276040427,2.8290905757960627
schwann_cell,satellite_cell,SPP1,CD44,SPP1,1.0647965528538763,2.6564684521288124,2.8285984505918322
schwann_cell,t_cell,FN1,ITGB1,ECM_integrin,0.7622824903796157,3.7090990054515887,2.827381226940193
ECM-remodeling FAP,endothelial,JAG1,NOTCH1,NOTCH,1.9390346812954538,1.4521323491103546,2.815734986756015
DA-FAP,satellite_cell,COL1A1,ITGA1,ECM_integrin,5.840368430366636,0.48204560144123576,2.8153239126544913
macrophage_monocyte,schwann_cell,TGFB1,TGFBR2,TGFB,2.9477571577607864,0.9543259710483836,2.813121211994886
smooth_muscle_pericyte,DA-FAP,FN1,ITGA5,ECM_integrin,1.9898739639324414,1.4121910106292028,2.8100821241504925
adipocyte,inflammatory FAP,TGFB1,TGFBR2,TGFB,0.6346072104030224,4.406268363871525,2.796249674683598
unassigned,macrophage_monocyte,TGFB1,TGFBR2,TGFB,1.6015349855458525,1.7371214173296554,2.7820607239944404
schwann_cell,satellite_cell,TGFB1,TGFBR2,TGFB,1.4174644919145825,1.9565788073953496,2.773380985115489
adipogenic FAP,adipocyte,FN1,ITGA5,ECM_integrin,4.402274689330545,0.629206017470737,2.769937725085898
homeostatic FAP,adipocyte,WNT5A,FZD4,WNT,2.4045408374272883,1.1517362687629717,2.7693968921866965
macrophage_monocyte,macrophage_monocyte,TGFB1,TGFBR1,TGFB,2.9477571577607864,0.9385889775240909,2.766732376692017
inflammatory FAP,endothelial,IL6,IL6ST,IL6,0.835768433075461,3.298850720621392,2.7570752977235964
macrophage_monocyte,unassigned,CXCL12,CXCR4,CXCL12,0.6767710308881131,4.071164537925211,2.7552462212467734
inflammatory FAP,satellite_cell,IL6,IL6ST,IL6,0.835768433075461,3.285703968686027,2.7460876574585447
unassigned,adipocyte,TGFB1,TGFBR2,TGFB,1.6015349855458525,1.7117976647514914,2.7415038482752037
adipocyte,adipogenic FAP,COL1A1,ITGB1,ECM_integrin,0.6058540047639327,4.522645376743493,2.7400628136271306
inflammatory FAP,inflammatory FAP,IL6,IL6ST,IL6,0.835768433075461,3.2739799276040427,2.736289074014142
ECM-remodeling FAP,schwann_cell,COL1A1,ITGA1,ECM_integrin,4.732179975233685,0.5762382303029131,2.726863014403542
endothelial,endothelial,FN1,ITGA5,ECM_integrin,1.8115180661655428,1.5009326982454871,2.718966698970295
adipogenic FAP,inflammatory FAP,TGFB1,TGFBR2,TGFB,0.6146881844143516,4.406268363871525,2.708481100630583
endothelial,endothelial,TGFB1,TGFBR2,TGFB,0.9017331634870771,2.9821270846822783,2.6890828899910453
t_cell,b_cell,TGFB1,TGFBR1,TGFB,3.597920173136243,0.7456882248829969,2.68292670717669
adipocyte,endothelial,COL1A1,ITGB1,ECM_integrin,0.6058540047639327,4.425693832684405,2.681324332390885
adipocyte,DA-FAP,COL1A1,ITGB1,ECM_integrin,0.6058540047639327,4.420436156664212,2.6781389483182996
adipocyte,satellite_cell,COL1A1,ITGB1,ECM_integrin,0.6058540047639327,4.393024497833089,2.661531485038241
satellite_cell,unassigned,FN1,ITGA5,ECM_integrin,4.713455957596491,0.5643712961462256,2.6601392481168804
homeostatic FAP,ECM-remodeling FAP,WNT5A,FZD4,WNT,2.4045408374272883,1.0994972114337298,2.643785945529829
adipocyte,b_cell,FN1,ITGB1,ECM_integrin,1.46549935968949,1.802859462964509,2.6420893885846257
macrophage_monocyte,macrophage_monocyte,TNF,TNFRSF1A,TNF,1.0104381829116726,2.609839413632586,2.637081394802175
adipocyte,schwann_cell,COL1A1,ITGB1,ECM_integrin,0.6058540047639327,4.344399478342586,2.632071822248196
ECM-remodeling FAP,smooth_muscle_pericyte,FN1,ITGA5,ECM_integrin,5.456936781724284,0.4728178348421229,2.5801370340052183
ECM-remodeling FAP,satellite_cell,TGFB1,TGFBR2,TGFB,1.3156232953849412,1.9565788073953496,2.574120658265808
schwann_cell,smooth_muscle_pericyte,TGFB1,TGFBR2,TGFB,1.4174644919145825,1.8091158238473821,2.564357442064461
t_cell,endothelial,TNF,TNFRSF1A,TNF,1.4678352237929455,1.7456052715481678,2.5622609044170503
endothelial,DA-FAP,FN1,ITGA5,ECM_integrin,1.8115180661655428,1.4121910106292028,2.558209528631377
schwann_cell,smooth_muscle_pericyte,SPP1,CD44,SPP1,1.0647965528538763,2.4020422887528947,2.5576863488733177
macrophage_monocyte,DA-FAP,TNF,TNFRSF1A,TNF,1.0104381829116726,2.522350703182164,2.5486794611893653
myonuclei_muscle_fiber,macrophage_monocyte,FN1,ITGB1,ECM_integrin,0.8348231573330259,3.049127603306565,2.545482332903669
homeostatic FAP,DA-FAP,WNT5A,FZD4,WNT,2.4045408374272883,1.0584055064437186,2.5449792628018324
adipocyte,DA-FAP,PDGFB,PDGFRB,PDGF,0.9269350270514369,2.7422841587699134,2.5419192408921165
endothelial,adipogenic FAP,COL1A1,ITGB1,ECM_integrin,0.5593944596856071,4.522645376743493,2.529942766873035
myonuclei_muscle_fiber,homeostatic FAP,PDGFA,PDGFRA,PDGF,0.4475695461395059,5.641947012737733,2.525163663834168
DA-FAP,DA-FAP,COL1A1,ITGA1,ECM_integrin,5.840368430366636,0.4312271655258082,2.518525523853418
homeostatic FAP,t_cell,FN1,ITGA5,ECM_integrin,6.04655092859216,0.416285548080337,2.5170917673046582
DA-FAP,smooth_muscle_pericyte,FN1,ITGA5,ECM_integrin,5.288965217362693,0.4728178348421229,2.500717082628727
macrophage_monocyte,homeostatic FAP,FN1,ITGB1,ECM_integrin,0.4486320087929504,5.5723345420717365,2.4999276392759886
adipocyte,adipocyte,COL1A1,ITGB1,ECM_integrin,0.6058540047639327,4.1261296884635525,2.4998321959310013
schwann_cell,adipogenic FAP,PDGFA,PDGFRA,PDGF,0.5598983109884971,4.462824316639407,2.4987277971247974
adipogenic FAP,unassigned,FN1,ITGA5,ECM_integrin,4.402274689330545,0.5643712961462256,2.4845174724092023
endothelial,endothelial,COL1A1,ITGB1,ECM_integrin,0.5593944596856071,4.425693832684405,2.4757086102684163
endothelial,DA-FAP,COL1A1,ITGB1,ECM_integrin,0.5593944596856071,4.420436156664212,2.4727674954318983
macrophage_monocyte,unassigned,TGFB1,TGFBR1,TGFB,2.9477571577607864,0.8360977593507618,2.4646131547139634
schwann_cell,macrophage_monocyte,TGFB1,TGFBR2,TGFB,1.4174644919145825,1.7371214173296554,2.4623079272091193
macrophage_monocyte,macrophage_monocyte,CXCL12,CXCR4,CXCL12,0.6767710308881131,3.634498012965207,2.459722966995262
endothelial,satellite_cell,COL1A1,ITGB1,ECM_integrin,0.5593944596856071,4.393024497833089,2.4574335653509762
myonuclei_muscle_fiber,schwann_cell,CXCL12,CXCR4,CXCL12,1.1398234272417804,2.15520689292098,2.4565553071043005
macrophage_monocyte,b_cell,TGFB1,TGFBR2,TGFB,2.9477571577607864,0.832618945062632,2.4543584549956083
homeostatic FAP,satellite_cell,COL1A1,ITGA1,ECM_integrin,5.084146432195795,0.48204560144123576,2.450790424723135
adipocyte,inflammatory FAP,COL1A1,ITGB1,ECM_integrin,0.6058540047639327,4.035099887545048,2.4446814264916616
smooth_muscle_pericyte,smooth_muscle_pericyte,IL6,IL6ST,IL6,1.003667665427036,2.4319811177368806,2.4409008108016086
smooth_muscle_pericyte,adipocyte,IL6,IL6ST,IL6,1.003667665427036,2.430215557697972,2.4391287752791855
endothelial,schwann_cell,COL1A1,ITGB1,ECM_integrin,0.5593944596856071,4.344399478342586,2.4302329988458844
schwann_cell,adipocyte,TGFB1,TGFBR2,TGFB,1.4174644919145825,1.7117976647514914,2.4264124071275415
adipocyte,myonuclei_muscle_fiber,IL6,IL6ST,IL6,1.4125257626874013,1.7159025138850577,2.4237565071227203
endothelial,adipogenic FAP,IL6,IL6R,IL6,2.270437899438654,1.0645857642360976,2.4170758663244998
myonuclei_muscle_fiber,satellite_cell,CXCL12,CXCR4,CXCL12,1.1398234272417804,2.1064633861075124,2.4009963161123906
adipocyte,inflammatory FAP,PDGFB,PDGFRB,PDGF,0.9269350270514369,2.5891315593267925,2.3999567319843096
macrophage_monocyte,ECM-remodeling FAP,FN1,ITGB1,ECM_integrin,0.4486320087929504,5.318346942231802,2.3859806721512986
adipocyte,myonuclei_muscle_fiber,FN1,ITGB1,ECM_integrin,1.46549935968949,1.624832279599497,2.381190665355877
myonuclei_muscle_fiber,ECM-remodeling FAP,FN1,ITGA5,ECM_integrin,0.8348231573330259,2.8513649692564207,2.3803855063434316
ECM-remodeling FAP,smooth_muscle_pericyte,TGFB1,TGFBR2,TGFB,1.3156232953849412,1.8091158238473821,2.3801149219031354
schwann_cell,ECM-remodeling FAP,PDGFA,PDGFRA,PDGF,0.5598983109884971,4.249269562692163,2.3791588510861716
inflammatory FAP,smooth_muscle_pericyte,CXCL12,CXCR4,CXCL12,5.991529651187526,0.39692406930879404,2.3781823305336522
homeostatic FAP,endothelial,JAG1,NOTCH1,NOTCH,1.6343054536371846,1.4521323491103546,2.3732278175540285
endothelial,t_cell,IL6,IL6ST,IL6,2.270437899438654,1.037456807318021,2.35548125436546
t_cell,schwann_cell,TGFB1,TGFBR1,TGFB,3.597920173136243,0.6518580516666832,2.345333234112847
t_cell,satellite_cell,TGFB1,TGFBR1,TGFB,3.597920173136243,0.6517209903725698,2.3448400985178
unassigned,homeostatic FAP,TGFB1,TGFBR1,TGFB,1.6015349855458525,1.4632747626744356,2.343485725889413
inflammatory FAP,adipocyte,FN1,ITGA5,ECM_integrin,3.7081636446023034,0.629206017470737,2.3331988789499887
schwann_cell,macrophage_monocyte,FN1,ITGB1,ECM_integrin,0.7622824903796157,3.049127603306565,2.324296582933757
satellite_cell,smooth_muscle_pericyte,COL1A1,ITGA1,ECM_integrin,1.2200959524676651,1.9022581954484825,2.3209375248151383
endothelial,adipocyte,COL1A1,ITGB1,ECM_integrin,0.5593944596856071,4.1261296884635525,2.3081340876708114
adipocyte,inflammatory FAP,FN1,ITGA5,ECM_integrin,1.46549935968949,1.5743821358494883,2.3072560119939967
DA-FAP,DA-FAP,TGFB1,TGFBR2,TGFB,0.7028314625836879,3.282614513541934,2.307124759651119
macrophage_monocyte,smooth_muscle_pericyte,FN1,ITGB1,ECM_integrin,0.4486320087929504,5.132820103737006,2.302747393912373
t_cell,t_cell,TGFB1,TGFBR1,TGFB,3.597920173136243,0.6397271780683619,2.301687319275681
smooth_muscle_pericyte,homeostatic FAP,FN1,ITGA5,ECM_integrin,1.9898739639324414,1.1561668961759801,2.300626404661165
DA-FAP,adipogenic FAP,IL6,IL6R,IL6,2.158181882547291,1.0645857642360976,2.297569708792108
endothelial,ECM-remodeling FAP,IL6,IL6R,IL6,2.270437899438654,1.0115513940007823,2.2966646221693785
satellite_cell,schwann_cell,CXCL12,CXCR4,CXCL12,1.062568632920575,2.15520689292098,2.2900552418720457
ECM-remodeling FAP,macrophage_monocyte,TGFB1,TGFBR2,TGFB,1.3156232953849412,1.7371214173296554,2.2853974035510007
t_cell,smooth_muscle_pericyte,TNF,TNFRSF1A,TNF,1.4678352237929455,1.5567120360784859,2.284996759858436
ECM-remodeling FAP,satellite_cell,COL1A1,ITGA1,ECM_integrin,4.732179975233685,0.48204560144123576,2.281126542289694
b_cell,adipogenic FAP,TGFB1,TGFBR1,TGFB,2.2142956966392746,1.0267164545353906,2.273453826946449
ECM-remodeling FAP,t_cell,FN1,ITGA5,ECM_integrin,5.456936781724284,0.416285548080337,2.271643919019844
inflammatory FAP,DA-FAP,TGFB1,TGFBR2,TGFB,0.6903533478343598,3.282614513541934,2.2661639190733323
smooth_muscle_pericyte,schwann_cell,IL6,IL6ST,IL6,1.003667665427036,2.2510696756694233,2.2593258460927252
endothelial,inflammatory FAP,COL1A1,ITGB1,ECM_integrin,0.5593944596856071,4.035099887545048,2.257212521370716
ECM-remodeling FAP,adipocyte,TGFB1,TGFBR2,TGFB,1.3156232953849412,1.7117976647514914,2.252080884732604
b_cell,DA-FAP,TGFB1,TGFBR1,TGFB,2.2142956966392746,1.0170521028081556,2.252054094506024
schwann_cell,inflammatory FAP,PDGFA,PDGFRA,PDGF,0.5598983109884971,4.02084828846314,2.251266165451501
adipocyte,t_cell,COL1A1,ITGB1,ECM_integrin,0.6058540047639327,3.7090990054515887,2.2471724865187648
smooth_muscle_pericyte,adipogenic FAP,TGFB1,TGFBR2,TGFB,0.4134805576391167,5.423447770055725,2.242490208289265
DA-FAP,t_cell,IL6,IL6ST,IL6,2.158181882547291,1.037456807318021,2.239020485479109
satellite_cell,satellite_cell,CXCL12,CXCR4,CXCL12,1.062568632920575,2.1064633861075124,2.2382619204735046
satellite_cell,smooth_muscle_pericyte,FN1,ITGA5,ECM_integrin,4.713455957596491,0.4728178348421229,2.228606040494478
inflammatory FAP,unassigned,COL1A1,ITGB1,ECM_integrin,2.581875453457119,0.857836844767653,2.214827892576708
adipocyte,adipogenic FAP,PDGFB,PDGFRB,PDGF,0.9269350270514369,2.3860566423544025,2.211719478327039
endothelial,myonuclei_muscle_fiber,IL6,IL6R,IL6,2.270437899438654,0.9732220802046789,2.2096402954672287
adipocyte,macrophage_monocyte,IL6,IL6R,IL6,1.4125257626874013,1.564121644357306,2.209362118631676
t_cell,satellite_cell,TNF,TNFRSF1A,TNF,1.4678352237929455,1.5008126089791556,2.202945611772193
DA-FAP,t_cell,FN1,ITGA5,ECM_integrin,5.288965217362693,0.416285548080337,2.2017197842876675
satellite_cell,b_cell,COL1A1,ITGB1,ECM_integrin,1.2200959524676651,1.802859462964509,2.199661533631026
adipocyte,endothelial,FN1,ITGA5,ECM_integrin,1.46549935968949,1.5009326982454871,2.19961590821578
macrophage_monocyte,b_cell,TGFB1,TGFBR1,TGFB,2.9477571577607864,0.7456882248829969,2.1981078023567893
inflammatory FAP,adipocyte,CXCL12,CXCR4,CXCL12,5.991529651187526,0.36674943996290255,2.19739014409415
unassigned,t_cell,TGFB1,TGFBR2,TGFB,1.6015349855458525,1.37096690353889,2.1956514600429986
adipogenic FAP,endothelial,JAG1,NOTCH1,NOTCH,1.5105892717662892,1.4521323491103546,2.1935755477508816
homeostatic FAP,DA-FAP,COL1A1,ITGA1,ECM_integrin,5.084146432195795,0.4312271655258082,2.1924220550739433
adipocyte,macrophage_monocyte,IL6,IL6ST,IL6,1.4125257626874013,1.5515375768589044,2.1915867990907865
DA-FAP,ECM-remodeling FAP,IL6,IL6R,IL6,2.158181882547291,1.0115513940007823,2.183111891797945
DA-FAP,homeostatic FAP,PDGFA,PDGFRA,PDGF,0.386583885416965,5.641947012737733,2.1810857975007916
schwann_cell,ECM-remodeling FAP,FN1,ITGA5,ECM_integrin,0.7622824903796157,2.8513649692564207,2.1735455897459808
unassigned,ECM-remodeling FAP,TGFB1,TGFBR1,TGFB,1.6015349855458525,1.3425599544521776,2.1501567372480084
endothelial,endothelial,JAG1,NOTCH1,NOTCH,1.474334072876967,1.4521323491103546,2.140928200620267
b_cell,ECM-remodeling FAP,TNF,TNFRSF1A,TNF,0.5657466031107439,3.7461060772991934,2.1193467881245325
macrophage_monocyte,homeostatic FAP,TNF,TNFRSF1A,TNF,1.0104381829116726,2.0915663183626334,2.1133984701655963
b_cell,schwann_cell,TGFB1,TGFBR2,TGFB,2.2142956966392746,0.9543259710483836,2.1131598908835327
b_cell,smooth_muscle_pericyte,IL6,IL6ST,IL6,0.8641135982365176,2.4319811177368806,2.101507954490884
DA-FAP,myonuclei_muscle_fiber,IL6,IL6R,IL6,2.158181882547291,0.9732220802046789,2.1003902611927248
b_cell,adipocyte,IL6,IL6ST,IL6,0.8641135982365176,2.430215557697972,2.0999823100527597
DA-FAP,endothelial,TGFB1,TGFBR2,TGFB,0.7028314625836879,2.9821270846822783,2.095932740537675
endothelial,homeostatic FAP,FN1,ITGA5,ECM_integrin,1.8115180661655428,1.1561668961759801,2.0944172199253295
inflammatory FAP,unassigned,FN1,ITGA5,ECM_integrin,3.7081636446023034,0.5643712961462256,2.092781122426514
adipocyte,DA-FAP,TGFB1,TGFBR2,TGFB,0.6346072104030224,3.282614513541934,2.083170839267321
adipogenic FAP,smooth_muscle_pericyte,FN1,ITGA5,ECM_integrin,4.402274689330545,0.4728178348421229,2.0814739869895478
t_cell,inflammatory FAP,TGFB1,TGFBR1,TGFB,3.597920173136243,0.5785103027300682,2.0814338885596673
b_cell,macrophage_monocyte,TGFB1,TGFBR1,TGFB,2.2142956966392746,0.9385889775240909,2.0783135338446512
endothelial,t_cell,COL1A1,ITGB1,ECM_integrin,0.5593944596856071,3.7090990054515887,2.074849434075014
schwann_cell,homeostatic FAP,TGFB1,TGFBR1,TGFB,1.4174644919145825,1.4632747626744356,2.07414001800575
adipocyte,DA-FAP,FN1,ITGA5,ECM_integrin,1.46549935968949,1.4121910106292028,2.069565021836351
inflammatory FAP,endothelial,TGFB1,TGFBR2,TGFB,0.6903533478343598,2.9821270846822783,2.05872141657793
ECM-remodeling FAP,homeostatic FAP,PDGFA,PDGFRA,PDGF,0.3646809216853234,5.641947012737733,2.0575104367049533
t_cell,smooth_muscle_pericyte,TGFB1,TGFBR1,TGFB,3.597920173136243,0.5692835608480654,2.0482368078100883
smooth_muscle_pericyte,macrophage_monocyte,FN1,ITGA5,ECM_integrin,1.9898739639324414,1.0276590164232902,2.0449119205811264
adipocyte,homeostatic FAP,IL6,IL6R,IL6,1.4125257626874013,1.447118863448856,2.0440926762924208
schwann_cell,DA-FAP,PDGFA,PDGFRA,PDGF,0.5598983109884971,3.6486532997414245,2.04287481990783
ECM-remodeling FAP,DA-FAP,COL1A1,ITGA1,ECM_integrin,4.732179975233685,0.4312271655258082,2.040644557478011
t_cell,schwann_cell,TNF,TNFRSF1A,TNF,1.4678352237929455,1.3850017017767406,2.0329542828810725
inflammatory FAP,smooth_muscle_pericyte,IL6,IL6ST,IL6,0.835768433075461,2.4319811177368806,2.032573048040061
inflammatory FAP,adipocyte,IL6,IL6ST,IL6,0.835768433075461,2.430215557697972,2.0310974486928415
macrophage_monocyte,adipogenic FAP,FN1,ITGB1,ECM_integrin,0.4486320087929504,4.522645376743493,2.0290034804265833
DA-FAP,adipogenic FAP,WNT5A,FZD4,WNT,1.2207413111664382,1.6561963175184302,2.021787264196475
adipogenic FAP,DA-FAP,TGFB1,TGFBR2,TGFB,0.6146881844143516,3.282614513541934,2.0177843554612913
homeostatic FAP,smooth_muscle_pericyte,CXCL12,CXCR4,CXCL12,5.067519483467946,0.39692406930879404,2.011420454679695
homeostatic FAP,schwann_cell,FN1,ITGA5,ECM_integrin,6.04655092859216,0.33218559188741703,2.0085770990917977
homeostatic FAP,inflammatory FAP,WNT5A,FZD4,WNT,2.4045408374272883,0.8330476977480459,2.003097208759961
smooth_muscle_pericyte,homeostatic FAP,TGFB1,TGFBR2,TGFB,0.4134805576391167,4.838394943281787,2.0005822392264356
myonuclei_muscle_fiber,adipogenic FAP,PDGFA,PDGFRA,PDGF,0.4475695461395059,4.462824316639407,1.9974242538986497
myonuclei_muscle_fiber,adipogenic FAP,FN1,ITGA5,ECM_integrin,0.8348231573330259,2.380264850699271,1.987100217949589
macrophage_monocyte,endothelial,FN1,ITGB1,ECM_integrin,0.4486320087929504,4.425693832684405,1.9855079144597763
macrophage_monocyte,DA-FAP,FN1,ITGB1,ECM_integrin,0.4486320087929504,4.420436156664212,1.9831491527052545
satellite_cell,myonuclei_muscle_fiber,COL1A1,ITGB1,ECM_integrin,1.2200959524676651,1.624832279599497,1.9824512877781557
macrophage_monocyte,satellite_cell,FN1,ITGB1,ECM_integrin,0.4486320087929504,4.393024497833089,1.970851405139501
satellite_cell,t_cell,FN1,ITGA5,ECM_integrin,4.713455957596491,0.416285548080337,1.962143596660585
macrophage_monocyte,unassigned,TNF,TNFRSF1A,TNF,1.0104381829116726,1.9333877306720861,1.9535687854440251
macrophage_monocyte,schwann_cell,FN1,ITGB1,ECM_integrin,0.4486320087929504,4.344399478342586,1.9490366649678803
b_cell,schwann_cell,IL6,IL6ST,IL6,0.8641135982365176,2.2510696756694233,1.945179917323816
schwann_cell,t_cell,TGFB1,TGFBR2,TGFB,1.4174644919145825,1.37096690353889,1.9432969053564613
adipocyte,adipocyte,COL1A1,ITGA1,ECM_integrin,0.6058540047639327,3.204484386425788,1.9414496987195573
adipocyte,endothelial,COL1A1,ITGA1,ECM_integrin,0.6058540047639327,3.1919471414053064,1.933853958615192
ECM-remodeling FAP,homeostatic FAP,TGFB1,TGFBR1,TGFB,1.3156232953849412,1.4632747626744356,1.9251183653233586
smooth_muscle_pericyte,ECM-remodeling FAP,TGFB1,TGFBR2,TGFB,0.4134805576391167,4.652798541416488,1.9238417354873583
homeostatic FAP,smooth_muscle_pericyte,WNT5A,FZD4,WNT,2.4045408374272883,0.8000048185452701,1.9236442563307095
macrophage_monocyte,schwann_cell,TGFB1,TGFBR1,TGFB,2.9477571577607864,0.6518580516666832,1.9215192376444659
macrophage_monocyte,satellite_cell,TGFB1,TGFBR1,TGFB,2.9477571577607864,0.6517209903725698,1.9211152142336911
adipogenic FAP,unassigned,COL1A1,ITGB1,ECM_integrin,2.2287172003909954,0.857836844767653,1.9118757310628085
schwann_cell,ECM-remodeling FAP,TGFB1,TGFBR1,TGFB,1.4174644919145825,1.3425599544521776,1.9030310637024208
myonuclei_muscle_fiber,ECM-remodeling FAP,PDGFA,PDGFRA,PDGF,0.4475695461395059,4.249269562692163,1.901843649598548
adipocyte,unassigned,IL6,IL6R,IL6,1.4125257626874013,1.3421099946041897,1.895764943738667
adipocyte,endothelial,TGFB1,TGFBR2,TGFB,0.6346072104030224,2.9821270846822783,1.8924793502775183
DA-FAP,homeostatic FAP,WNT5A,FZD4,WNT,1.2207413111664382,1.5486852012099066,1.8905440031090406
endothelial,DA-FAP,IL6,IL6R,IL6,2.270437899438654,0.8317403462815625,1.8884148046898894
macrophage_monocyte,t_cell,TGFB1,TGFBR1,TGFB,2.9477571577607864,0.6397271780683619,1.885760368165123
satellite_cell,endothelial,JAG1,NOTCH1,NOTCH,1.2982248262543947,1.4521323491103546,1.8851942666221762
inflammatory FAP,schwann_cell,IL6,IL6ST,IL6,0.835768433075461,2.2510696756694233,1.88137297557792
endothelial,macrophage_monocyte,FN1,ITGA5,ECM_integrin,1.8115180661655428,1.0276590164232902,1.8616228741087024
homeostatic FAP,adipocyte,CXCL12,CXCR4,CXCL12,5.067519483467946,0.36674943996290255,1.8585099325629661
DA-FAP,endothelial,WNT5A,FZD4,WNT,1.2207413111664382,1.5214582465992588,1.8573069348385693
b_cell,inflammatory FAP,TNF,TNFRSF1A,TNF,0.5657466031107439,3.278209645622694,1.8546359712959146
b_cell,unassigned,TGFB1,TGFBR1,TGFB,2.2142956966392746,0.8360977593507618,1.8513676705001316
macrophage_monocyte,adipocyte,FN1,ITGB1,ECM_integrin,0.4486320087929504,4.1261296884635525,1.8511138506756342
adipocyte,macrophage_monocyte,COL1A1,ITGB1,ECM_integrin,0.6058540047639327,3.049127603306565,1.8473261694995344
b_cell,b_cell,TGFB1,TGFBR2,TGFB,2.2142956966392746,0.832618945062632,1.8436645469925186
homeostatic FAP,adipogenic FAP,TGFB1,TGFBR2,TGFB,0.33921461922644935,5.423447770055725,1.8397127702139888
adipogenic FAP,endothelial,TGFB1,TGFBR2,TGFB,0.6146881844143516,2.9821270846822783,1.833078283376213
adipogenic FAP,t_cell,FN1,ITGA5,ECM_integrin,4.402274689330545,0.416285548080337,1.8326033318481612
smooth_muscle_pericyte,inflammatory FAP,TGFB1,TGFBR2,TGFB,0.4134805576391167,4.406268363871525,1.8219063002011964
schwann_cell,adipogenic FAP,FN1,ITGA5,ECM_integrin,0.7622824903796157,2.380264850699271,1.8144342181541044
ECM-remodeling FAP,schwann_cell,FN1,ITGA5,ECM_integrin,5.456936781724284,0.33218559188741703,1.812715774729298
DA-FAP,smooth_muscle_pericyte,CXCL12,CXCR4,CXCL12,4.561811492620522,0.39692406930879404,1.810692781070561
macrophage_monocyte,inflammatory FAP,FN1,ITGB1,ECM_integrin,0.4486320087929504,4.035099887545048,1.8102749682295431
ECM-remodeling FAP,t_cell,TGFB1,TGFBR2,TGFB,1.3156232953849412,1.37096690353889,1.8036759954975232
myonuclei_muscle_fiber,inflammatory FAP,PDGFA,PDGFRA,PDGF,0.4475695461395059,4.02084828846314,1.7996092435632565
DA-FAP,DA-FAP,IL6,IL6R,IL6,2.158181882547291,0.8317403462815625,1.7950469463284784
endothelial,adipocyte,COL1A1,ITGA1,ECM_integrin,0.5593944596856071,3.204484386425788,1.7925708119156178
endothelial,endothelial,COL1A1,ITGA1,ECM_integrin,0.5593944596856071,3.1919471414053064,1.7855575465114395
DA-FAP,myonuclei_muscle_fiber,COL1A1,ITGA1,ECM_integrin,5.840368430366636,0.30300246315056983,1.769646020107918
ECM-remodeling FAP,ECM-remodeling FAP,TGFB1,TGFBR1,TGFB,1.3156232953849412,1.3425599544521776,1.7663031515282304
endothelial,satellite_cell,TGFB1,TGFBR2,TGFB,0.9017331634870771,1.9565788073953496,1.764311997604381
macrophage_monocyte,endothelial,TNF,TNFRSF1A,TNF,1.0104381829116726,1.7456052715481678,1.7638262186641676
DA-FAP,schwann_cell,FN1,ITGA5,ECM_integrin,5.288965217362693,0.33218559188741703,1.7569180412015875
endothelial,homeostatic FAP,PDGFA,PDGFRA,PDGF,0.31131382140999975,5.641947012737733,1.756416084728116
inflammatory FAP,smooth_muscle_pericyte,FN1,ITGA5,ECM_integrin,3.7081636446023034,0.4728178348421229,1.7532859056811365
t_cell,myonuclei_muscle_fiber,TGFB1,TGFBR2,TGFB,3.597920173136243,0.48672930596096875,1.751213188773572
macrophage_monocyte,homeostatic FAP,IL6,IL6ST,IL6,0.3758630160242215,4.602391633259439,1.7298688002015354
DA-FAP,adipogenic FAP,PDGFA,PDGFRA,PDGF,0.386583885416965,4.462824316639407,1.7252559642597733
smooth_muscle_pericyte,myonuclei_muscle_fiber,IL6,IL6ST,IL6,1.003667665427036,1.7159025138850577,1.722195870211398
macrophage_monocyte,ECM-remodeling FAP,IL6,IL6ST,IL6,0.3758630160242215,4.552648419810252,1.7111721659677874
macrophage_monocyte,adipogenic FAP,IL6,IL6ST,IL6,0.3758630160242215,4.551672100348742,1.7108052035903811
endothelial,b_cell,IL6,IL6ST,IL6,2.270437899438654,0.7521923520603448,1.70780602378571
smooth_muscle_pericyte,unassigned,FN1,ITGB1,ECM_integrin,1.9898739639324414,0.857836844767653,1.706987202705108
endothelial,macrophage_monocyte,COL1A1,ITGB1,ECM_integrin,0.5593944596856071,3.049127603306565,1.705665088164146
macrophage_monocyte,inflammatory FAP,TGFB1,TGFBR1,TGFB,2.9477571577607864,0.5785103027300682,1.7053078857109178
adipocyte,homeostatic FAP,FN1,ITGA5,ECM_integrin,1.46549935968949,1.1561668961759801,1.694361846040084
homeostatic FAP,homeostatic FAP,PDGFA,PDGFRA,PDGF,0.2984734361435038,5.641947012737733,1.6839713114314077
macrophage_monocyte,smooth_muscle_pericyte,TGFB1,TGFBR1,TGFB,2.9477571577607864,0.5692835608480654,1.678109691285433
DA-FAP,adipocyte,CXCL12,CXCR4,CXCL12,4.561811492620522,0.36674943996290255,1.673041810134909
macrophage_monocyte,t_cell,FN1,ITGB1,ECM_integrin,0.4486320087929504,3.7090990054515887,1.6640205376276807
smooth_muscle_pericyte,adipocyte,JAG1,NOTCH1,NOTCH,2.081053377974546,0.7962493321094488,1.6570373622963448
b_cell,adipogenic FAP,TNF,TNFRSF1A,TNF,0.5657466031107439,2.9271042802307075,1.6559993034914418
homeostatic FAP,satellite_cell,FN1,ITGA5,ECM_integrin,6.04655092859216,0.2736609232921634,1.6547047098516185
DA-FAP,adipogenic FAP,COL1A1,ITGA1,ECM_integrin,5.840368430366636,0.28324564235193234,1.6542589076311447
b_cell,b_cell,TGFB1,TGFBR1,TGFB,2.2142956966392746,0.7456882248829969,1.6511742273929997
unassigned,adipogenic FAP,TGFB1,TGFBR1,TGFB,1.6015349855458525,1.0267164545353906,1.6443223221740257
DA-FAP,ECM-remodeling FAP,PDGFA,PDGFRA,PDGF,0.386583885416965,4.249269562692163,1.642699137729584
homeostatic FAP,homeostatic FAP,TGFB1,TGFBR2,TGFB,0.33921461922644935,4.838394943281787,1.6412542983525094
t_cell,unassigned,TGFB1,TGFBR2,TGFB,3.597920173136243,0.45544096789429533,1.638640246059581
schwann_cell,homeostatic FAP,COL1A1,ITGB1,ECM_integrin,0.29332353540737777,5.5723345420717365,1.6344968683531331
myonuclei_muscle_fiber,DA-FAP,PDGFA,PDGFRA,PDGF,0.4475695461395059,3.6486532997414245,1.63302610138568
endothelial,smooth_muscle_pericyte,TGFB1,TGFBR2,TGFB,0.9017331634870771,1.8091158238473821,1.6313397349524297
unassigned,DA-FAP,TGFB1,TGFBR1,TGFB,1.6015349855458525,1.0170521028081556,1.6288445247702383
ECM-remodeling FAP,adipogenic FAP,PDGFA,PDGFRA,PDGF,0.3646809216853234,4.462824316639407,1.6275068851117322
DA-FAP,b_cell,IL6,IL6ST,IL6,2.158181882547291,0.7521923520603448,1.62336790640727
schwann_cell,b_cell,CXCL12,CXCR4,CXCL12,0.237134550449131,6.832470813084927,1.6202148947177029
schwann_cell,t_cell,CXCL12,CXCR4,CXCL12,0.237134550449131,6.796764908230814,1.6117477910217433
myonuclei_muscle_fiber,homeostatic FAP,COL1A1,ITGB1,ECM_integrin,0.28618714599343914,5.5723345420717365,1.5947305191161678
DA-FAP,b_cell,CCL2,CCR2,CCL,4.394311676523798,0.35960828336912404,1.5802308785836205
homeostatic FAP,ECM-remodeling FAP,TGFB1,TGFBR2,TGFB,0.33921461922644935,4.652798541416488,1.578297285563973
macrophage_monocyte,smooth_muscle_pericyte,TNF,TNFRSF1A,TNF,1.0104381829116726,1.5567120360784859,1.5729612810518754
smooth_muscle_pericyte,macrophage_monocyte,IL6,IL6R,IL6,1.003667665427036,1.564121644357306,1.569858319235994
endothelial,macrophage_monocyte,TGFB1,TGFBR2,TGFB,0.9017331634870771,1.7371214173296554,1.5664199910098253
smooth_muscle_pericyte,unassigned,COL1A1,ITGB1,ECM_integrin,1.8258434336364373,0.857836844767653,1.566275770150419
satellite_cell,schwann_cell,FN1,ITGA5,ECM_integrin,4.713455957596491,0.33218559188741703,1.5657421571094623
schwann_cell,ECM-remodeling FAP,COL1A1,ITGB1,ECM_integrin,0.29332353540737777,5.318346942231802,1.5599963276184492
DA-FAP,macrophage_monocyte,CCL2,CCR2,CCL,4.394311676523798,0.3545614252886568,1.5580534111908648
smooth_muscle_pericyte,macrophage_monocyte,IL6,IL6ST,IL6,1.003667665427036,1.5515375768589044,1.557228097588297
DA-FAP,inflammatory FAP,PDGFA,PDGFRA,PDGF,0.386583885416965,4.02084828846314,1.5543951540262342
endothelial,unassigned,FN1,ITGB1,ECM_integrin,1.8115180661655428,0.857836844767653,1.5539869421190498
ECM-remodeling FAP,ECM-remodeling FAP,PDGFA,PDGFRA,PDGF,0.3646809216853234,4.249269562692163,1.549627540611969
homeostatic FAP,myonuclei_muscle_fiber,WNT5A,FZD4,WNT,2.4045408374272883,0.6442254132051389,1.5490663145602257
ECM-remodeling FAP,adipocyte,JAG1,NOTCH1,NOTCH,1.9390346812954538,0.7962493321094488,1.543955069918563
inflammatory FAP,t_cell,FN1,ITGA5,ECM_integrin,3.7081636446023034,0.416285548080337,1.5436549351648499
endothelial,adipocyte,TGFB1,TGFBR2,TGFB,0.9017331634870771,1.7117976647514914,1.5435847234861535
homeostatic FAP,myonuclei_muscle_fiber,COL1A1,ITGA1,ECM_integrin,5.084146432195795,0.30300246315056983,1.5405088919735075
homeostatic FAP,homeostatic FAP,IL6,IL6ST,IL6,0.3345602152095283,4.602391633259439,1.5397771353018102
adipogenic FAP,smooth_muscle_pericyte,CXCL12,CXCR4,CXCL12,3.8582370371223336,0.39692406930879404,1.5314271451325012
unassigned,schwann_cell,TGFB1,TGFBR2,TGFB,1.6015349855458525,0.9543259710483836,1.5283864302490047
homeostatic FAP,ECM-remodeling FAP,IL6,IL6ST,IL6,0.3345602152095283,4.552648419810252,1.5231350351050368
homeostatic FAP,adipogenic FAP,IL6,IL6ST,IL6,0.3345602152095283,4.551672100348742,1.5228083974558806
endothelial,inflammatory FAP,IL6,IL6R,IL6,2.270437899438654,0.6704619881926974,1.5222423081256915
myonuclei_muscle_fiber,ECM-remodeling FAP,COL1A1,ITGB1,ECM_integrin,0.28618714599343914,5.318346942231802,1.5220425328002534
macrophage_monocyte,satellite_cell,TNF,TNFRSF1A,TNF,1.0104381829116726,1.5008126089791556,1.5164783655078247
t_cell,adipocyte,TNF,TNFRSF1A,TNF,1.4678352237929455,1.0304555448563801,1.5125389452929463
adipocyte,macrophage_monocyte,FN1,ITGA5,ECM_integrin,1.46549935968949,1.0276590164232902,1.5060336305474629
schwann_cell,smooth_muscle_pericyte,COL1A1,ITGB1,ECM_integrin,0.29332353540737777,5.132820103737006,1.5055769394382021
myonuclei_muscle_fiber,b_cell,FN1,ITGB1,ECM_integrin,0.8348231573330259,1.802859462964509,1.505068829099755
adipocyte,adipogenic FAP,IL6,IL6R,IL6,1.4125257626874013,1.0645857642360976,1.5037548185737437
unassigned,macrophage_monocyte,TGFB1,TGFBR1,TGFB,1.6015349855458525,0.9385889775240909,1.5031830845525413
homeostatic FAP,inflammatory FAP,TGFB1,TGFBR2,TGFB,0.33921461922644935,4.406268363871525,1.4946706452602292
ECM-remodeling FAP,satellite_cell,FN1,ITGA5,ECM_integrin,5.456936781724284,0.2736609232921634,1.4933503580336345
inflammatory FAP,endothelial,CXCL12,CXCR4,CXCL12,5.991529651187526,0.2488465338662752,1.4909713862550287
inflammatory FAP,schwann_cell,COL1A1,ITGA1,ECM_integrin,2.581875453457119,0.5762382303029131,1.4877753421626616
b_cell,myonuclei_muscle_fiber,IL6,IL6ST,IL6,0.8641135982365176,1.7159025138850577,1.4827346954963032
macrophage_monocyte,smooth_muscle_pericyte,PDGFB,PDGFRB,PDGF,0.37405053735201593,3.9554246786240435,1.4795287264947483
b_cell,macrophage_monocyte,TNF,TNFRSF1A,TNF,0.5657466031107439,2.609839413632586,1.476507782927171
myonuclei_muscle_fiber,smooth_muscle_pericyte,COL1A1,ITGB1,ECM_integrin,0.28618714599343914,5.132820103737006,1.468947136386242
ECM-remodeling FAP,inflammatory FAP,PDGFA,PDGFRA,PDGF,0.3646809216853234,4.02084828846314,1.466326659793593
adipocyte,t_cell,IL6,IL6ST,IL6,1.4125257626874013,1.037456807318021,1.465434468012124
adipogenic FAP,schwann_cell,FN1,ITGA5,ECM_integrin,4.402274689330545,0.33218559188741703,1.462372223326262
macrophage_monocyte,schwann_cell,CXCL12,CXCR4,CXCL12,0.6767710308881131,2.15520689292098,1.4585815906992987
satellite_cell,homeostatic FAP,IL6,IL6ST,IL6,0.3163287741599974,4.602391633259439,1.4558689035531864
schwann_cell,adipogenic FAP,TGFB1,TGFBR1,TGFB,1.4174644919145825,1.0267164545353906,1.455334117568349
DA-FAP,endothelial,JAG1,NOTCH1,NOTCH,1.0022036096703049,1.4521323491103546,1.4553322819974166
smooth_muscle_pericyte,homeostatic FAP,IL6,IL6R,IL6,1.003667665427036,1.447118863448856,1.452426411273139
DA-FAP,satellite_cell,FN1,ITGA5,ECM_integrin,5.288965217362693,0.2736609232921634,1.4473831046436123
DA-FAP,inflammatory FAP,IL6,IL6R,IL6,2.158181882547291,0.6704619881926974,1.4469789158541153
b_cell,schwann_cell,TGFB1,TGFBR1,TGFB,2.2142956966392746,0.6518580516666832,1.4434064786251986
b_cell,satellite_cell,TGFB1,TGFBR1,TGFB,2.2142956966392746,0.6517209903725698,1.4431029843914676
schwann_cell,DA-FAP,TGFB1,TGFBR1,TGFB,1.4174644919145825,1.0170521028081556,1.44163524215762
satellite_cell,ECM-remodeling FAP,IL6,IL6ST,IL6,0.3163287741599974,4.552648419810252,1.4401336938200262
homeostatic FAP,adipogenic FAP,COL1A1,ITGA1,ECM_integrin,5.084146432195795,0.28324564235193234,1.440062321998583
satellite_cell,adipogenic FAP,IL6,IL6ST,IL6,0.3163287741599974,4.551672100348742,1.439824855881578
macrophage_monocyte,myonuclei_muscle_fiber,TGFB1,TGFBR2,TGFB,2.9477571577607864,0.48672930596096875,1.4347597955383855
inflammatory FAP,myonuclei_muscle_fiber,IL6,IL6ST,IL6,0.835768433075461,1.7159025138850577,1.434097155339959
ECM-remodeling FAP,myonuclei_muscle_fiber,COL1A1,ITGA1,ECM_integrin,4.732179975233685,0.30300246315056983,1.4338621885676093
adipocyte,ECM-remodeling FAP,IL6,IL6R,IL6,1.4125257626874013,1.0115513940007823,1.4288424043084589
b_cell,DA-FAP,TNF,TNFRSF1A,TNF,0.5657466031107439,2.522350703182164,1.4270113421793054
macrophage_monocyte,satellite_cell,CXCL12,CXCR4,CXCL12,0.6767710308881131,2.1064633861075124,1.4255933973440464
b_cell,t_cell,TGFB1,TGFBR1,TGFB,2.2142956966392746,0.6397271780683619,1.4165451374199607
adipogenic FAP,adipocyte,CXCL12,CXCR4,CXCL12,3.8582370371223336,0.36674943996290255,1.4150062726087442
ECM-remodeling FAP,adipogenic FAP,WNT5A,FZD4,WNT,0.8542354563790328,1.6561963175184302,1.4147816171486296
DA-FAP,DA-FAP,PDGFA,PDGFRA,PDGF,0.386583885416965,3.6486532997414245,1.41051056915347
DA-FAP,adipocyte,WNT5A,FZD4,WNT,1.2207413111664382,1.1517362687629717,1.4059720428476514
macrophage_monocyte,schwann_cell,TNF,TNFRSF1A,TNF,1.0104381829116726,1.3850017017767406,1.3994586028728642
endothelial,adipogenic FAP,PDGFA,PDGFRA,PDGF,0.31131382140999975,4.462824316639407,1.3893388922944845
adipogenic FAP,adipogenic FAP,WNT5A,FZD4,WNT,0.8353034994231848,1.6561963175184302,1.383426579754937
DA-FAP,satellite_cell,TGFB1,TGFBR2,TGFB,0.7028314625836879,1.9565788073953496,1.3751451448619214
adipocyte,myonuclei_muscle_fiber,IL6,IL6R,IL6,1.4125257626874013,0.9732220802046789,1.3747012611053333
schwann_cell,b_cell,FN1,ITGB1,ECM_integrin,0.7622824903796157,1.802859462964509,1.3742882012330424
macrophage_monocyte,macrophage_monocyte,FN1,ITGB1,ECM_integrin,0.4486320087929504,3.049127603306565,1.3679362417374588
adipocyte,endothelial,JAG1,NOTCH1,NOTCH,0.9401707198314758,1.4521323491103546,1.365252315953654
smooth_muscle_pericyte,DA-FAP,TGFB1,TGFBR2,TGFB,0.4134805576391167,3.282614513541934,1.3572972795735765
myonuclei_muscle_fiber,myonuclei_muscle_fiber,FN1,ITGB1,ECM_integrin,0.8348231573330259,1.624832279599497,1.35644761379187
macrophage_monocyte,ECM-remodeling FAP,PDGFB,PDGFRB,PDGF,0.37405053735201593,3.6235286932111044,1.3553828548060616
satellite_cell,adipogenic FAP,TGFB1,TGFBR2,TGFB,0.24973409790303736,5.423447770055725,1.3544198363791062
schwann_cell,schwann_cell,TGFB1,TGFBR2,TGFB,1.4174644919145825,0.9543259710483836,1.3527231776729876
b_cell,macrophage_monocyte,IL6,IL6R,IL6,0.8641135982365176,1.564121644357306,1.3515787821852103
ECM-remodeling FAP,adipogenic FAP,TGFB1,TGFBR1,TGFB,1.3156232953849412,1.0267164545353906,1.3507720853417937
inflammatory FAP,satellite_cell,TGFB1,TGFBR2,TGFB,0.6903533478343598,1.9565788073953496,1.3507307299871385
smooth_muscle_pericyte,unassigned,IL6,IL6R,IL6,1.003667665427036,1.3421099946041897,1.347032405030679
DA-FAP,t_cell,CCL2,CCR2,CCL,4.394311676523798,0.30653437922087573,1.347007601866268
macrophage_monocyte,unassigned,TGFB1,TGFBR2,TGFB,2.9477571577607864,0.45544096789429533,1.3425293730479095
DA-FAP,ECM-remodeling FAP,WNT5A,FZD4,WNT,1.2207413111664382,1.0994972114337298,1.342201667509454
b_cell,macrophage_monocyte,IL6,IL6ST,IL6,0.8641135982365176,1.5515375768589044,1.3407047183387153
ECM-remodeling FAP,adipogenic FAP,COL1A1,ITGA1,ECM_integrin,4.732179975233685,0.28324564235193234,1.3403693568100163
unassigned,unassigned,TGFB1,TGFBR1,TGFB,1.6015349855458525,0.8360977593507618,1.339039812936742
ECM-remodeling FAP,DA-FAP,TGFB1,TGFBR1,TGFB,1.3156232953849412,1.0170521028081556,1.3380574390746496
unassigned,b_cell,TGFB1,TGFBR2,TGFB,1.6015349855458525,0.832618945062632,1.3334683701460852
homeostatic FAP,adipogenic FAP,PDGFA,PDGFRA,PDGF,0.2984734361435038,4.462824316639407,1.332034508692148
ECM-remodeling FAP,DA-FAP,PDGFA,PDGFRA,PDGF,0.3646809216853234,3.6486532997414245,1.3305942482598991
schwann_cell,macrophage_monocyte,TGFB1,TGFBR1,TGFB,1.4174644919145825,0.9385889775240909,1.330416548142813
schwann_cell,adipogenic FAP,COL1A1,ITGB1,ECM_integrin,0.29332353540737777,4.522645376743493,1.3265983313002334
ECM-remodeling FAP,homeostatic FAP,WNT5A,FZD4,WNT,0.8542354563790328,1.5486852012099066,1.3229418096429988
endothelial,ECM-remodeling FAP,PDGFA,PDGFRA,PDGF,0.31131382140999975,4.249269562692163,1.3228563457628957
endothelial,homeostatic FAP,TGFB1,TGFBR1,TGFB,0.9017331634870771,1.4632747626744356,1.3194833807972208
myonuclei_muscle_fiber,inflammatory FAP,FN1,ITGA5,ECM_integrin,0.8348231573330259,1.5743821358494883,1.3143306654985827
macrophage_monocyte,DA-FAP,IL6,IL6ST,IL6,0.3758630160242215,3.4882311781724638,1.3110970912176259
inflammatory FAP,adipogenic FAP,WNT5A,FZD4,WNT,0.7911889782714617,1.6561963175184302,1.3103642722743643
inflammatory FAP,macrophage_monocyte,IL6,IL6R,IL6,0.835768433075461,1.564121644357306,1.3072434958439192
homeostatic FAP,adipocyte,JAG1,NOTCH1,NOTCH,1.6343054536371846,0.7962493321094488,1.301314625921438
ECM-remodeling FAP,endothelial,WNT5A,FZD4,WNT,0.8542354563790328,1.5214582465992588,1.2996835796453607
adipocyte,smooth_muscle_pericyte,CXCL12,CXCR4,CXCL12,3.2737876416489753,0.39692406930879404,1.2994451127761513
schwann_cell,endothelial,COL1A1,ITGB1,ECM_integrin,0.29332353540737777,4.425693832684405,1.2981601616336174
inflammatory FAP,macrophage_monocyte,IL6,IL6ST,IL6,0.835768433075461,1.5515375768589044,1.2967261294690642
schwann_cell,DA-FAP,COL1A1,ITGB1,ECM_integrin,0.29332353540737777,4.420436156664212,1.296617961515348
myonuclei_muscle_fiber,adipogenic FAP,COL1A1,ITGB1,ECM_integrin,0.28618714599343914,4.522645376743493,1.2943229727106427
adipogenic FAP,homeostatic FAP,WNT5A,FZD4,WNT,0.8353034994231848,1.5486852012099066,1.293622168075534
DA-FAP,DA-FAP,WNT5A,FZD4,WNT,1.2207413111664382,1.0584055064437186,1.2920393256818832
satellite_cell,satellite_cell,FN1,ITGA5,ECM_integrin,4.713455957596491,0.2736609232921634,1.2898887092528037
inflammatory FAP,adipogenic FAP,CXCL12,CXCR4,CXCL12,5.991529651187526,0.2150682846930639,1.2885880047685327
schwann_cell,satellite_cell,COL1A1,ITGB1,ECM_integrin,0.29332353540737777,4.393024497833089,1.288577476835622
smooth_muscle_pericyte,b_cell,CCL2,CCR2,CCL,3.5798670374910477,0.35960828336912404,1.2873498400418673
schwann_cell,schwann_cell,SPP1,CD44,SPP1,1.0647965528538763,1.2064954544612572,1.2846722009442175
adipogenic FAP,schwann_cell,COL1A1,ITGA1,ECM_integrin,2.2287172003909954,0.5762382303029131,1.2842720553989702
b_cell,inflammatory FAP,TGFB1,TGFBR1,TGFB,2.2142956966392746,0.5785103027300682,1.280992873796674
macrophage_monocyte,ECM-remodeling FAP,FN1,ITGA5,ECM_integrin,0.4486320087929504,2.8513649692564207,1.2792135939593572
schwann_cell,schwann_cell,COL1A1,ITGB1,ECM_integrin,0.29332353540737777,4.344399478342586,1.274314614209415
DA-FAP,smooth_muscle_pericyte,TGFB1,TGFBR2,TGFB,0.7028314625836879,1.8091158238473821,1.271503520457949
adipogenic FAP,endothelial,WNT5A,FZD4,WNT,0.8353034994231848,1.5214582465992588,1.2708793976106239
smooth_muscle_pericyte,macrophage_monocyte,CCL2,CCR2,CCL,3.5798670374910477,0.3545614252886568,1.2692827591567073
homeostatic FAP,ECM-remodeling FAP,PDGFA,PDGFRA,PDGF,0.2984734361435038,4.249269562692163,1.2682940874767337
myonuclei_muscle_fiber,endothelial,COL1A1,ITGB1,ECM_integrin,0.28618714599343914,4.425693832684405,1.266576687016715
myonuclei_muscle_fiber,DA-FAP,COL1A1,ITGB1,ECM_integrin,0.28618714599343914,4.420436156664212,1.2650720077219377
adipogenic FAP,homeostatic FAP,IL6,IL6ST,IL6,0.27420289202210624,4.602391633259439,1.261989096058083
homeostatic FAP,endothelial,CXCL12,CXCR4,CXCL12,5.067519483467946,0.2488465338662752,1.2610346587608154
b_cell,smooth_muscle_pericyte,TGFB1,TGFBR1,TGFB,2.2142956966392746,0.5692835608480654,1.260562138953354
myonuclei_muscle_fiber,satellite_cell,COL1A1,ITGB1,ECM_integrin,0.28618714599343914,4.393024497833089,1.257227143314113
adipocyte,unassigned,FN1,ITGB1,ECM_integrin,1.46549935968949,0.857836844767653,1.257159346725048
ECM-remodeling FAP,schwann_cell,TGFB1,TGFBR2,TGFB,1.3156232953849412,0.9543259710483836,1.2555334789021084
myonuclei_muscle_fiber,endothelial,FN1,ITGA5,ECM_integrin,0.8348231573330259,1.5009326982454871,1.2530133740936755
smooth_muscle_pericyte,adipocyte,FN1,ITGA5,ECM_integrin,1.9898739639324414,0.629206017470737,1.2520406721146404
endothelial,inflammatory FAP,PDGFA,PDGFRA,PDGF,0.31131382140999975,4.02084828846314,1.251745645991317
b_cell,homeostatic FAP,IL6,IL6R,IL6,0.8641135982365176,1.447118863448856,1.2504750881707307
inflammatory FAP,smooth_muscle_pericyte,TGFB1,TGFBR2,TGFB,0.6903533478343598,1.8091158238473821,1.248929165613156
adipogenic FAP,ECM-remodeling FAP,IL6,IL6ST,IL6,0.27420289202210624,4.552648419810252,1.2483493630718432
adipogenic FAP,adipogenic FAP,IL6,IL6ST,IL6,0.27420289202210624,4.551672100348742,1.2480816534519594
inflammatory FAP,satellite_cell,COL1A1,ITGA1,ECM_integrin,2.581875453457119,0.48204560144123576,1.2445817058081003
myonuclei_muscle_fiber,schwann_cell,COL1A1,ITGB1,ECM_integrin,0.28618714599343914,4.344399478342586,1.2433112877622505
adipocyte,satellite_cell,TGFB1,TGFBR2,TGFB,0.6346072104030224,1.9565788073953496,1.2416590188948353
macrophage_monocyte,endothelial,IL6,IL6ST,IL6,0.3758630160242215,3.298850720621392,1.239915981266433
DA-FAP,ECM-remodeling FAP,COL1A1,ITGA1,ECM_integrin,5.840368430366636,0.2122363000576248,1.2395381866343727
schwann_cell,myonuclei_muscle_fiber,FN1,ITGB1,ECM_integrin,0.7622824903796157,1.624832279599497,1.2385811965422926
endothelial,t_cell,TGFB1,TGFBR2,TGFB,0.9017331634870771,1.37096690353889,1.2362463229642058
macrophage_monocyte,satellite_cell,IL6,IL6ST,IL6,0.3758630160242215,3.285703968686027,1.2349746034330844
ECM-remodeling FAP,macrophage_monocyte,TGFB1,TGFBR1,TGFB,1.3156232953849412,0.9385889775240909,1.2348295236222269
smooth_muscle_pericyte,endothelial,TGFB1,TGFBR2,TGFB,0.4134805576391167,2.9821270846822783,1.2330515699251416
inflammatory FAP,schwann_cell,FN1,ITGA5,ECM_integrin,3.7081636446023034,0.33218559188741703,1.2317985350976177
macrophage_monocyte,inflammatory FAP,IL6,IL6ST,IL6,0.3758630160242215,3.2739799276040427,1.2305679699920178
inflammatory FAP,homeostatic FAP,WNT5A,FZD4,WNT,0.7911889782714617,1.5486852012099066,1.2253026620093992
DA-FAP,macrophage_monocyte,TGFB1,TGFBR2,TGFB,0.7028314625836879,1.7371214173296554,1.2209035864272506
endothelial,ECM-remodeling FAP,TGFB1,TGFBR1,TGFB,0.9017331634870771,1.3425599544521776,1.2106308348992283
schwann_cell,adipocyte,COL1A1,ITGB1,ECM_integrin,0.29332353540737777,4.1261296884635525,1.2102909477694714
inflammatory FAP,homeostatic FAP,IL6,IL6R,IL6,0.835768433075461,1.447118863448856,1.2094562649785925
satellite_cell,homeostatic FAP,TGFB1,TGFBR2,TGFB,0.24973409790303736,4.838394943281787,1.2083121964590946
adipogenic FAP,satellite_cell,FN1,ITGA5,ECM_integrin,4.402274689330545,0.2736609232921634,1.2047305560679187
inflammatory FAP,endothelial,WNT5A,FZD4,WNT,0.7911889782714617,1.5214582465992588,1.2037609956095572
DA-FAP,adipocyte,TGFB1,TGFBR2,TGFB,0.7028314625836879,1.7117976647514914,1.203105256364632
adipogenic FAP,adipocyte,JAG1,NOTCH1,NOTCH,1.5105892717662892,0.7962493321094488,1.2028056987356064
adipogenic FAP,satellite_cell,TGFB1,TGFBR2,TGFB,0.6146881844143516,1.9565788073953496,1.2026858747814448
adipocyte,adipocyte,CXCL12,CXCR4,CXCL12,3.2737876416489753,0.36674943996290255,1.2006597841322333
adipocyte,b_cell,CCL2,CCR2,CCL,3.3379445531361287,0.35960828336912404,1.2003525107346011
schwann_cell,inflammatory FAP,FN1,ITGA5,ECM_integrin,0.7622824903796157,1.5743821358494883,1.2001239353245263
homeostatic FAP,inflammatory FAP,PDGFA,PDGFRA,PDGF,0.2984734361435038,4.02084828846314,1.2001164048693194
inflammatory FAP,macrophage_monocyte,TGFB1,TGFBR2,TGFB,0.6903533478343598,1.7371214173296554,1.1992275860482957
endothelial,b_cell,CCL2,CCR2,CCL,3.3301823187955066,0.35960828336912404,1.1975611469682612
endothelial,smooth_muscle_pericyte,CXCL12,CXCR4,CXCL12,3.0110058996400517,0.39692406930879404,1.1951407143979156
unassigned,b_cell,TGFB1,TGFBR1,TGFB,1.6015349855458525,0.7456882248829969,1.1942457804597029
schwann_cell,unassigned,TGFB1,TGFBR1,TGFB,1.4174644919145825,0.8360977593507618,1.1851388856490483
schwann_cell,inflammatory FAP,COL1A1,ITGB1,ECM_integrin,0.29332353540737777,4.035099887545048,1.1835897647366258
adipocyte,macrophage_monocyte,CCL2,CCR2,CCL,3.3379445531361287,0.3545614252886568,1.1835063782944544
b_cell,homeostatic FAP,TNF,TNFRSF1A,TNF,0.5657466031107439,2.0915663183626334,1.1832965397945046
inflammatory FAP,adipocyte,TGFB1,TGFBR2,TGFB,0.6903533478343598,1.7117976647514914,1.1817452486762312
myonuclei_muscle_fiber,adipocyte,COL1A1,ITGB1,ECM_integrin,0.28618714599343914,4.1261296884635525,1.1808452795401823
endothelial,macrophage_monocyte,CCL2,CCR2,CCL,3.3301823187955066,0.3545614252886568,1.180754189423219
schwann_cell,b_cell,TGFB1,TGFBR2,TGFB,1.4174644919145825,0.832618945062632,1.1802077899216594
myonuclei_muscle_fiber,DA-FAP,FN1,ITGA5,ECM_integrin,0.8348231573330259,1.4121910106292028,1.1789297582507878
adipocyte,DA-FAP,IL6,IL6R,IL6,1.4125257626874013,0.8317403462815625,1.1748546669892472
endothelial,adipocyte,JAG1,NOTCH1,NOTCH,1.474334072876967,0.7962493321094488,1.1739375208344884
macrophage_monocyte,homeostatic FAP,PDGFB,PDGFRB,PDGF,0.37405053735201593,3.126010886503331,1.1692860518648227
homeostatic FAP,DA-FAP,IL6,IL6ST,IL6,0.3345602152095283,3.4882311781724638,1.1670233736699658
satellite_cell,ECM-remodeling FAP,TGFB1,TGFBR2,TGFB,0.24973409790303736,4.652798541416488,1.1619624464652147
t_cell,endothelial,TGFB1,TGFBR1,TGFB,3.597920173136243,0.32246654108137585,1.1602088733181493
b_cell,unassigned,IL6,IL6R,IL6,0.8641135982365176,1.3421099946041897,1.1597354966666196
myonuclei_muscle_fiber,inflammatory FAP,COL1A1,ITGB1,ECM_integrin,0.28618714599343914,4.035099887545048,1.1547937206149645
adipocyte,smooth_muscle_pericyte,COL1A1,ITGA1,ECM_integrin,0.6058540047639327,1.9022581954484825,1.152490745807475
satellite_cell,b_cell,CCL2,CCR2,CCL,3.198612315159484,0.35960828336912404,1.1502474838178416
schwann_cell,adipocyte,SPP1,CD44,SPP1,1.0647965528538763,1.078995143418856,1.1489103092584718
adipocyte,smooth_muscle_pericyte,TGFB1,TGFBR2,TGFB,0.6346072104030224,1.8091158238473821,1.1480779462677528
schwann_cell,endothelial,FN1,ITGA5,ECM_integrin,0.7622824903796157,1.5009326982454871,1.1441347151107661
endothelial,adipocyte,FN1,ITGA5,ECM_integrin,1.8115180661655428,0.629206017470737,1.1398180679883123
endothelial,DA-FAP,PDGFA,PDGFRA,PDGF,0.31131382140999975,3.6486532997414245,1.1358762017427082
DA-FAP,endothelial,CXCL12,CXCR4,CXCL12,4.561811492620522,0.2488465338662752,1.135190978089956
satellite_cell,macrophage_monocyte,CCL2,CCR2,CCL,3.198612315159484,0.3545614252886568,1.134104541408797
smooth_muscle_pericyte,unassigned,FN1,ITGA5,ECM_integrin,1.9898739639324414,0.5643712961462256,1.1230277481921798
inflammatory FAP,unassigned,IL6,IL6R,IL6,0.835768433075461,1.3421099946041897,1.121693167205259
homeostatic FAP,myonuclei_muscle_fiber,FN1,ITGA5,ECM_integrin,6.04655092859216,0.18526119388187495,1.1201912438985433
homeostatic FAP,DA-FAP,TGFB1,TGFBR2,TGFB,0.33921461922644935,3.282614513541934,1.1135108322783434
inflammatory FAP,DA-FAP,COL1A1,ITGA1,ECM_integrin,2.581875453457119,0.4312271655258082,1.1133748335349742
adipogenic FAP,smooth_muscle_pericyte,TGFB1,TGFBR2,TGFB,0.6146881844143516,1.8091158238473821,1.1120421211560212
endothelial,adipocyte,CXCL12,CXCR4,CXCL12,3.0110058996400517,0.36674943996290255,1.1042847274179846
homeostatic FAP,endothelial,IL6,IL6ST,IL6,0.3345602152095283,3.298850720621392,1.1036642070352005
satellite_cell,DA-FAP,IL6,IL6ST,IL6,0.3163287741599974,3.4882311781724638,1.1034278925779788
adipocyte,macrophage_monocyte,TGFB1,TGFBR2,TGFB,0.6346072104030224,1.7371214173296554,1.1023897767829172
satellite_cell,inflammatory FAP,TGFB1,TGFBR2,TGFB,0.24973409790303736,4.406268363871525,1.1003954549701476
ECM-remodeling FAP,unassigned,TGFB1,TGFBR1,TGFB,1.3156232953849412,0.8360977593507618,1.0999896894210148
homeostatic FAP,satellite_cell,IL6,IL6ST,IL6,0.3345602152095283,3.285703968686027,1.0992658268783984
smooth_muscle_pericyte,t_cell,CCL2,CCR2,CCL,3.5798670374910477,0.30653437922087573,1.0973523200305937
ECM-remodeling FAP,b_cell,TGFB1,TGFBR2,TGFB,1.3156232953849412,0.832618945062632,1.0954128803032332
homeostatic FAP,inflammatory FAP,IL6,IL6ST,IL6,0.3345602152095283,3.2739799276040427,1.0953434291708843
b_cell,unassigned,TNF,TNFRSF1A,TNF,0.5657466031107439,1.9333877306720861,1.0938075411237225
adipocyte,b_cell,COL1A1,ITGB1,ECM_integrin,0.6058540047639327,1.802859462964509,1.0922696256636006
homeostatic FAP,adipogenic FAP,CXCL12,CXCR4,CXCL12,5.067519483467946,0.2150682846930639,1.0898627229581324
homeostatic FAP,DA-FAP,PDGFA,PDGFRA,PDGF,0.2984734361435038,3.6486532997414245,1.0890260876701565
schwann_cell,t_cell,COL1A1,ITGB1,ECM_integrin,0.29332353540737777,3.7090990054515887,1.0879660334550487
adipocyte,adipocyte,TGFB1,TGFBR2,TGFB,0.6346072104030224,1.7117976647514914,1.086319140802352
homeostatic FAP,ECM-remodeling FAP,COL1A1,ITGA1,ECM_integrin,5.084146432195795,0.2122363000576248,1.0790404277204095
b_cell,myonuclei_muscle_fiber,TGFB1,TGFBR2,TGFB,2.2142956966392746,0.48672930596096875,1.077762607617594
schwann_cell,DA-FAP,FN1,ITGA5,ECM_integrin,0.7622824903796157,1.4121910106292028,1.076488480474135
t_cell,adipocyte,TGFB1,TGFBR1,TGFB,3.597920173136243,0.2987653398930812,1.0749338434352231
adipogenic FAP,satellite_cell,COL1A1,ITGA1,ECM_integrin,2.2287172003909954,0.48204560144123576,1.0743433233049045
smooth_muscle_pericyte,adipogenic FAP,IL6,IL6R,IL6,1.003667665427036,1.0645857642360976,1.0684903086377011
macrophage_monocyte,adipogenic FAP,FN1,ITGA5,ECM_integrin,0.4486320087929504,2.380264850699271,1.067863001428466
adipogenic FAP,macrophage_monocyte,TGFB1,TGFBR2,TGFB,0.6146881844143516,1.7371214173296554,1.067788010125651
smooth_muscle_pericyte,satellite_cell,JAG1,NOTCH1,NOTCH,2.081053377974546,0.5126798481511321,1.066914129814391
endothelial,smooth_muscle_pericyte,COL1A1,ITGA1,ECM_integrin,0.5593944596856071,1.9022581954484825,1.0641126954254219
adipocyte,b_cell,IL6,IL6ST,IL6,1.4125257626874013,0.7521923520603448,1.0624910757816688
myonuclei_muscle_fiber,t_cell,COL1A1,ITGB1,ECM_integrin,0.28618714599343914,3.7090990054515887,1.0614964585772937
inflammatory FAP,endothelial,JAG1,NOTCH1,NOTCH,0.7302812365196376,1.4521323491103546,1.0604650074984758
schwann_cell,b_cell,TGFB1,TGFBR1,TGFB,1.4174644919145825,0.7456882248829969,1.0569865808104641
adipogenic FAP,adipocyte,TGFB1,TGFBR2,TGFB,0.6146881844143516,1.7117976647514914,1.052221798630821
smooth_muscle_pericyte,schwann_cell,COL1A1,ITGA1,ECM_integrin,1.8258434336364373,0.5762382303029131,1.052120789008855
satellite_cell,unassigned,COL1A1,ITGB1,ECM_integrin,1.2200959524676651,0.857836844767653,1.0466432621786461
homeostatic FAP,b_cell,FN1,ITGA5,ECM_integrin,6.04655092859216,0.1729038548259379,1.0454719639549388
unassigned,schwann_cell,TGFB1,TGFBR1,TGFB,1.6015349855458525,0.6518580516666832,1.0439734753539491
unassigned,satellite_cell,TGFB1,TGFBR1,TGFB,1.6015349855458525,0.6517209903725698,1.0437539668962623
satellite_cell,endothelial,IL6,IL6ST,IL6,0.3163287741599974,3.298850720621392,1.043521404590989
smooth_muscle_pericyte,t_cell,IL6,IL6ST,IL6,1.003667665427036,1.037456807318021,1.0412618517822645
macrophage_monocyte,adipocyte,TNF,TNFRSF1A,TNF,1.0104381829116726,1.0304555448563801,1.0412116283159383
homeostatic FAP,satellite_cell,WNT5A,FZD4,WNT,2.4045408374272883,0.4327330701468539,1.0405243388733976
macrophage_monocyte,ECM-remodeling FAP,SPP1,CD44,SPP1,0.1802246025694198,5.769134044139827,1.0397398902748098
satellite_cell,satellite_cell,IL6,IL6ST,IL6,0.3163287741599974,3.285703968686027,1.0393627086670894
satellite_cell,inflammatory FAP,IL6,IL6ST,IL6,0.3163287741599974,3.2739799276040427,1.0356540571234238
satellite_cell,adipocyte,JAG1,NOTCH1,NOTCH,1.2982248262543947,0.7962493321094488,1.033710650832967
DA-FAP,homeostatic FAP,TGFB1,TGFBR1,TGFB,0.7028314625836879,1.4632747626744356,1.0284355416122724
macrophage_monocyte,DA-FAP,PDGFB,PDGFRB,PDGF,0.37405053735201593,2.7422841587699134,1.0257528631598072
unassigned,t_cell,TGFB1,TGFBR1,TGFB,1.6015349855458525,0.6397271780683619,1.0245454568810028
adipocyte,t_cell,CCL2,CCR2,CCL,3.3379445531361287,0.30653437922087573,1.0231947614692867
adipocyte,homeostatic FAP,PDGFA,PDGFRA,PDGF,0.18131971142777284,5.641947012737733,1.0229962042403906
ECM-remodeling FAP,smooth_muscle_pericyte,CXCL12,CXCR4,CXCL12,2.576647371235875,0.39692406930879404,1.0227333597647503
endothelial,unassigned,FN1,ITGA5,ECM_integrin,1.8115180661655428,0.5643712961462256,1.0223687989941515
endothelial,t_cell,CCL2,CCR2,CCL,3.3301823187955066,0.30653437922087573,1.0208153697843172
DA-FAP,homeostatic FAP,COL1A1,ITGA1,ECM_integrin,5.840368430366636,0.17442995850948448,1.0187352229889555
DA-FAP,inflammatory FAP,WNT5A,FZD4,WNT,1.2207413111664382,0.8330476977480459,1.0169357388131324
smooth_muscle_pericyte,ECM-remodeling FAP,IL6,IL6R,IL6,1.003667665427036,1.0115513940007823,1.0152614260762292
inflammatory FAP,satellite_cell,FN1,ITGA5,ECM_integrin,3.7081636446023034,0.2736609232921634,1.0147794867003
smooth_muscle_pericyte,macrophage_monocyte,JAG1,NOTCH1,NOTCH,2.081053377974546,0.48761209433966923,1.0147467960668117
DA-FAP,inflammatory FAP,COL1A1,ITGA1,ECM_integrin,5.840368430366636,0.17338819021585566,1.0126509123350886
homeostatic FAP,endothelial,TGFB1,TGFBR2,TGFB,0.33921461922644935,2.9821270846822783,1.0115811035153806
ECM-remodeling FAP,myonuclei_muscle_fiber,FN1,ITGA5,ECM_integrin,5.456936781724284,0.18526119388187495,1.0109586231201573
inflammatory FAP,homeostatic FAP,TGFB1,TGFBR1,TGFB,0.6903533478343598,1.4632747626744356,1.0101766312138247
endothelial,b_cell,COL1A1,ITGB1,ECM_integrin,0.5593944596856071,1.802859462964509,1.0085095951741152
b_cell,unassigned,TGFB1,TGFBR2,TGFB,2.2142956966392746,0.45544096789429533,1.0084809752815642
smooth_muscle_pericyte,smooth_muscle_pericyte,PDGFB,PDGFRB,PDGF,0.2547225184263724,3.9554246786240435,1.007535735584941
ECM-remodeling FAP,ECM-remodeling FAP,COL1A1,ITGA1,ECM_integrin,4.732179975233685,0.2122363000576248,1.00434036915038
endothelial,satellite_cell,IL6,IL6R,IL6,2.270437899438654,0.44215124286966034,1.0038769390951818
endothelial,adipocyte,PDGFB,PDGFRB,PDGF,1.1883417471033395,0.8428111834299699,1.0015477141954034
ECM-remodeling FAP,satellite_cell,JAG1,NOTCH1,NOTCH,1.9390346812954538,0.5126798481511321,0.9941040059663321
satellite_cell,satellite_cell,PDGFA,PDGFRA,PDGF,1.3906269159579585,0.7112091804838089,0.9890266292571862
b_cell,endothelial,TNF,TNFRSF1A,TNF,0.5657466031107439,1.7456052715481678,0.9875702527505835
adipocyte,myonuclei_muscle_fiber,COL1A1,ITGB1,ECM_integrin,0.6058540047639327,1.624832279599497,0.9844111436650652
ECM-remodeling FAP,adipocyte,WNT5A,FZD4,WNT,0.8542354563790328,1.1517362687629717,0.9838539571750214
DA-FAP,adipogenic FAP,CXCL12,CXCR4,CXCL12,4.561811492620522,0.2150682846930639,0.9811009728110012
ECM-remodeling FAP,b_cell,TGFB1,TGFBR1,TGFB,1.3156232953849412,0.7456882248829969,0.9810447997503154
t_cell,t_cell,TNF,TNFRSF1A,TNF,1.4678352237929455,0.6682549804617375,0.9808881987968049
satellite_cell,t_cell,CCL2,CCR2,CCL,3.198612315159484,0.30653437922087573,0.9804846403956605
DA-FAP,myonuclei_muscle_fiber,FN1,ITGA5,ECM_integrin,5.288965217362693,0.18526119388187495,0.9798400105683228
inflammatory FAP,b_cell,CCL2,CCR2,CCL,2.7240224263471378,0.35960828336912404,0.9795810285976904
smooth_muscle_pericyte,myonuclei_muscle_fiber,IL6,IL6R,IL6,1.003667665427036,0.9732220802046789,0.9767915331810737
DA-FAP,smooth_muscle_pericyte,WNT5A,FZD4,WNT,1.2207413111664382,0.8000048185452701,0.9765989311304215
macrophage_monocyte,inflammatory FAP,PDGFB,PDGFRB,PDGF,0.37405053735201593,2.5891315593267925,0.9684660510412496
inflammatory FAP,macrophage_monocyte,CCL2,CCR2,CCL,2.7240224263471378,0.3545614252886568,0.9658332740039063
smooth_muscle_pericyte,smooth_muscle_pericyte,CXCL12,CXCR4,CXCL12,2.432793070389611,0.39692406930879404,0.9656341252852797
schwann_cell,unassigned,CXCL12,CXCR4,CXCL12,0.237134550449131,4.071164537925211,0.965413772505339
myonuclei_muscle_fiber,homeostatic FAP,FN1,ITGA5,ECM_integrin,0.8348231573330259,1.1561668961759801,0.9651948986695565
DA-FAP,t_cell,TGFB1,TGFBR2,TGFB,0.7028314625836879,1.37096690353889,0.9635586739680678
adipogenic FAP,adipocyte,WNT5A,FZD4,WNT,0.8353034994231848,1.1517362687629717,0.962049335710312
adipogenic FAP,DA-FAP,COL1A1,ITGA1,ECM_integrin,2.2287172003909954,0.4312271655258082,0.9610834010832237
endothelial,smooth_muscle_pericyte,IL6,IL6R,IL6,2.270437899438654,0.4229797133495883,0.9603491718826033
adipogenic FAP,endothelial,CXCL12,CXCR4,CXCL12,3.8582370371223336,0.2488465338662752,0.96010891352238
adipogenic FAP,DA-FAP,IL6,IL6ST,IL6,0.27420289202210624,3.4882311781724638,0.9564830770965685
DA-FAP,satellite_cell,IL6,IL6R,IL6,2.158181882547291,0.44215124286966034,0.9542428017070681
macrophage_monocyte,endothelial,TGFB1,TGFBR1,TGFB,2.9477571577607864,0.32246654108137585,0.9505530546109884
smooth_muscle_pericyte,schwann_cell,JAG1,NOTCH1,NOTCH,2.081053377974546,0.45598061952044994,0.9489200085439586
adipocyte,inflammatory FAP,IL6,IL6R,IL6,1.4125257626874013,0.6704619881926974,0.9470448312248013
inflammatory FAP,t_cell,TGFB1,TGFBR2,TGFB,0.6903533478343598,1.37096690353889,0.9464515916281785
ECM-remodeling FAP,macrophage_monocyte,JAG1,NOTCH1,NOTCH,1.9390346812954538,0.48761209433966923,0.9454967619437292
ECM-remodeling FAP,adipocyte,CXCL12,CXCR4,CXCL12,2.576647371235875,0.36674943996290255,0.9449839803826422
DA-FAP,ECM-remodeling FAP,TGFB1,TGFBR1,TGFB,0.7028314625836879,1.3425599544521776,0.9435933763939134
ECM-remodeling FAP,b_cell,FN1,ITGA5,ECM_integrin,5.456936781724284,0.1729038548259379,0.9435254051015763
t_cell,myonuclei_muscle_fiber,TGFB1,TGFBR1,TGFB,3.597920173136243,0.26163699326434947,0.9413490161045143
DA-FAP,t_cell,COL1A1,ITGA1,ECM_integrin,5.840368430366636,0.16117686830010314,0.9413322933252835
smooth_muscle_pericyte,smooth_muscle_pericyte,FN1,ITGA5,ECM_integrin,1.9898739639324414,0.4728178348421229,0.9408478992352496
schwann_cell,adipocyte,COL1A1,ITGA1,ECM_integrin,0.29332353540737777,3.204484386425788,0.9399506893841539
ECM-remodeling FAP,ECM-remodeling FAP,WNT5A,FZD4,WNT,0.8542354563790328,1.0994972114337298,0.9392295021965661
schwann_cell,endothelial,COL1A1,ITGA1,ECM_integrin,0.29332353540737777,3.1919471414053064,0.9362732203504777
adipocyte,homeostatic FAP,TGFB1,TGFBR1,TGFB,0.6346072104030224,1.4632747626744356,0.9286047151939681
inflammatory FAP,ECM-remodeling FAP,TGFB1,TGFBR1,TGFB,0.6903533478343598,1.3425599544521776,0.9268407592244063
unassigned,inflammatory FAP,TGFB1,TGFBR1,TGFB,1.6015349855458525,0.5785103027300682,0.9265044893209265
endothelial,adipogenic FAP,TGFB1,TGFBR1,TGFB,0.9017331634870771,1.0267164545353906,0.9258242765524336
schwann_cell,schwann_cell,TGFB1,TGFBR1,TGFB,1.4174644919145825,0.6518580516666832,0.9239856420061447
schwann_cell,satellite_cell,TGFB1,TGFBR1,TGFB,1.4174644919145825,0.6517209903725698,0.9237913624885231
smooth_muscle_pericyte,ECM-remodeling FAP,PDGFB,PDGFRB,PDGF,0.2547225184263724,3.6235286932111044,0.9229943543249546
adipocyte,adipocyte,FN1,ITGA5,ECM_integrin,1.46549935968949,0.629206017470737,0.9221010157161392
b_cell,adipogenic FAP,IL6,IL6R,IL6,0.8641135982365176,1.0645857642360976,0.9199230353654273
adipogenic FAP,ECM-remodeling FAP,WNT5A,FZD4,WNT,0.8353034994231848,1.0994972114337298,0.9184138683166279
endothelial,DA-FAP,TGFB1,TGFBR1,TGFB,0.9017331634870771,1.0170521028081556,0.9171096100963821
myonuclei_muscle_fiber,adipocyte,COL1A1,ITGA1,ECM_integrin,0.28618714599343914,3.204484386425788,0.9170822409317333
DA-FAP,b_cell,FN1,ITGA5,ECM_integrin,5.288965217362693,0.1729038548259379,0.9144824741223142
macrophage_monocyte,smooth_muscle_pericyte,IL6,IL6ST,IL6,0.3758630160242215,2.4319811177368806,0.9140917578265413
myonuclei_muscle_fiber,endothelial,COL1A1,ITGA1,ECM_integrin,0.28618714599343914,3.1919471414053064,0.9134942425607011
macrophage_monocyte,adipocyte,IL6,IL6ST,IL6,0.3758630160242215,2.430215557697972,0.9134281491053452
DA-FAP,smooth_muscle_pericyte,IL6,IL6R,IL6,2.158181882547291,0.4229797133495883,0.9128671540361281
unassigned,smooth_muscle_pericyte,TGFB1,TGFBR1,TGFB,1.6015349855458525,0.5692835608480654,0.9117275393942978
inflammatory FAP,adipocyte,WNT5A,FZD4,WNT,0.7911889782714617,1.1517362687629717,0.9112410417207613
endothelial,myonuclei_muscle_fiber,COL1A1,ITGB1,ECM_integrin,0.5593944596856071,1.624832279599497,0.9089221751262938
schwann_cell,t_cell,TGFB1,TGFBR1,TGFB,1.4174644919145825,0.6397271780683619,0.9067905594246202
adipogenic FAP,endothelial,IL6,IL6ST,IL6,0.27420289202210624,3.298850720621392,0.904554407943595
ECM-remodeling FAP,DA-FAP,WNT5A,FZD4,WNT,0.8542354563790328,1.0584055064437186,0.9041275108310313
adipogenic FAP,satellite_cell,IL6,IL6ST,IL6,0.27420289202210624,3.285703968686027,0.9009495305422206
adipogenic FAP,homeostatic FAP,TGFB1,TGFBR1,TGFB,0.6146881844143516,1.4632747626744356,0.89945770716769
adipogenic FAP,inflammatory FAP,IL6,IL6ST,IL6,0.27420289202210624,3.2739799276040427,0.8977347645713545
b_cell,t_cell,IL6,IL6ST,IL6,0.8641135982365176,1.037456807318021,0.8964805347865447
macrophage_monocyte,macrophage_monocyte,SPP1,CD44,SPP1,0.1802246025694198,4.967461870217856,0.8952588413387599
schwann_cell,macrophage_monocyte,COL1A1,ITGB1,ECM_integrin,0.29332353540737777,3.049127603306565,0.8943808885101061
macrophage_monocyte,t_cell,SPP1,CD44,SPP1,0.1802246025694198,4.957426809703607,0.8934502765458193
macrophage_monocyte,adipogenic FAP,PDGFB,PDGFRB,PDGF,0.37405053735201593,2.3860566423544025,0.8925057692250111
smooth_muscle_pericyte,adipocyte,CXCL12,CXCR4,CXCL12,2.432793070389611,0.36674943996290255,0.8922254961110199
inflammatory FAP,adipogenic FAP,IL6,IL6R,IL6,0.835768433075461,1.0645857642360976,0.8897471760500455
homeostatic FAP,homeostatic FAP,COL1A1,ITGA1,ECM_integrin,5.084146432195795,0.17442995850948448,0.8868274512240562
ECM-remodeling FAP,schwann_cell,JAG1,NOTCH1,NOTCH,1.9390346812954538,0.45598061952044994,0.8841622352487392
adipogenic FAP,DA-FAP,WNT5A,FZD4,WNT,0.8353034994231848,1.0584055064437186,0.8840898233412063
homeostatic FAP,inflammatory FAP,COL1A1,ITGA1,ECM_integrin,5.084146432195795,0.17338819021585566,0.8815309486708285
schwann_cell,homeostatic FAP,FN1,ITGA5,ECM_integrin,0.7622824903796157,1.1561668961759801,0.8813257809114967
smooth_muscle_pericyte,smooth_muscle_pericyte,JAG1,NOTCH1,NOTCH,2.081053377974546,0.4233719222603423,0.8810595689594624
b_cell,smooth_muscle_pericyte,TNF,TNFRSF1A,TNF,0.5657466031107439,1.5567120360784859,0.8807045464330131
macrophage_monocyte,adipocyte,TGFB1,TGFBR1,TGFB,2.9477571577607864,0.2987653398930812,0.8806876691606643
smooth_muscle_pericyte,satellite_cell,COL1A1,ITGA1,ECM_integrin,1.8258434336364373,0.48204560144123576,0.8801397961048074
endothelial,schwann_cell,IL6,IL6R,IL6,2.270437899438654,0.38608520159860193,0.8765824741218791
DA-FAP,macrophage_monocyte,COL1A1,ITGA1,ECM_integrin,5.840368430366636,0.14999251157086438,0.8760115293698787
b_cell,ECM-remodeling FAP,IL6,IL6R,IL6,0.8641135982365176,1.0115513940007823,0.8740953148711813
satellite_cell,myonuclei_muscle_fiber,FN1,ITGA5,ECM_integrin,4.713455957596491,0.18526119388187495,0.8732204780139621
myonuclei_muscle_fiber,macrophage_monocyte,COL1A1,ITGB1,ECM_integrin,0.28618714599343914,3.049127603306565,0.8726211265601211
adipocyte,t_cell,TGFB1,TGFBR2,TGFB,0.6346072104030224,1.37096690353889,0.8700254822096845
inflammatory FAP,ECM-remodeling FAP,WNT5A,FZD4,WNT,0.7911889782714617,1.0994972114337298,0.869910075326574
inflammatory FAP,t_cell,IL6,IL6ST,IL6,0.835768433075461,1.037456807318021,0.8670736502356529
schwann_cell,macrophage_monocyte,CXCL12,CXCR4,CXCL12,0.237134550449131,3.634498012965207,0.8618650524127642
endothelial,schwann_cell,TGFB1,TGFBR2,TGFB,0.9017331634870771,0.9543259710483836,0.8605473768713356
myonuclei_muscle_fiber,macrophage_monocyte,FN1,ITGA5,ECM_integrin,0.8348231573330259,1.0276590164232902,0.857913544752243
ECM-remodeling FAP,schwann_cell,TGFB1,TGFBR1,TGFB,1.3156232953849412,0.6518580516666832,0.857599638056929
ECM-remodeling FAP,satellite_cell,TGFB1,TGFBR1,TGFB,1.3156232953849412,0.6517209903725698,0.8574193170254978
endothelial,smooth_muscle_pericyte,FN1,ITGA5,ECM_integrin,1.8115180661655428,0.4728178348421229,0.8565180498217815
adipocyte,ECM-remodeling FAP,TGFB1,TGFBR1,TGFB,0.6346072104030224,1.3425599544521776,0.8519982274937051
b_cell,satellite_cell,TNF,TNFRSF1A,TNF,0.5657466031107439,1.5008126089791556,0.8490796354357304
unassigned,ECM-remodeling FAP,TNF,TNFRSF1A,TNF,0.22639419998970053,3.7461060772991934,0.8480966884467062
endothelial,macrophage_monocyte,TGFB1,TGFBR1,TGFB,0.9017331634870771,0.9385889775240909,0.8463568079168996
macrophage_monocyte,schwann_cell,IL6,IL6ST,IL6,0.3758630160242215,2.2510696756694233,0.8460938375777756
inflammatory FAP,ECM-remodeling FAP,IL6,IL6R,IL6,0.835768433075461,1.0115513940007823,0.8454227235393321
adipogenic FAP,t_cell,TGFB1,TGFBR2,TGFB,0.6146881844143516,1.37096690353889,0.8427171568284858
ECM-remodeling FAP,t_cell,TGFB1,TGFBR1,TGFB,1.3156232953849412,0.6397271780683619,0.8416399781576073
b_cell,myonuclei_muscle_fiber,IL6,IL6R,IL6,0.8641135982365176,0.9732220802046789,0.8409744336088938
homeostatic FAP,satellite_cell,JAG1,NOTCH1,NOTCH,1.6343054536371846,0.5126798481511321,0.8378754718032788
inflammatory FAP,DA-FAP,WNT5A,FZD4,WNT,0.7911889782714617,1.0584055064437186,0.8373987712400947
inflammatory FAP,t_cell,CCL2,CCR2,CCL,2.7240224263471378,0.30653437922087573,0.8350065234440636
smooth_muscle_pericyte,DA-FAP,IL6,IL6R,IL6,1.003667665427036,0.8317403462815625,0.8347908915938903
schwann_cell,ECM-remodeling FAP,TNF,TNFRSF1A,TNF,0.22263628997061602,3.7461060772991934,0.8340191588862701
DA-FAP,schwann_cell,IL6,IL6R,IL6,2.158181882547291,0.38608520159860193,0.8332420872097211
adipogenic FAP,adipogenic FAP,CXCL12,CXCR4,CXCL12,3.8582370371223336,0.2150682846930639,0.8297844215131495
smooth_muscle_pericyte,t_cell,FN1,ITGA5,ECM_integrin,1.9898739639324414,0.416285548080337,0.8283557736864091
smooth_muscle_pericyte,unassigned,JAG1,NOTCH1,NOTCH,2.081053377974546,0.397996860625663,0.8282527112283006
adipocyte,unassigned,FN1,ITGA5,ECM_integrin,1.46549935968949,0.5643712961462256,0.8270857731294212
ECM-remodeling FAP,homeostatic FAP,COL1A1,ITGA1,ECM_integrin,4.732179975233685,0.17442995850948448,0.825433956739425
adipogenic FAP,ECM-remodeling FAP,TGFB1,TGFBR1,TGFB,0.6146881844143516,1.3425599544521776,0.8252557408696236
ECM-remodeling FAP,smooth_muscle_pericyte,JAG1,NOTCH1,NOTCH,1.9390346812954538,0.4233719222603423,0.8209328403495265
ECM-remodeling FAP,inflammatory FAP,COL1A1,ITGA1,ECM_integrin,4.732179975233685,0.17338819021585566,0.8205041216814813
schwann_cell,inflammatory FAP,TGFB1,TGFBR1,TGFB,1.4174644919145825,0.5785103027300682,0.8200178123266274
satellite_cell,DA-FAP,TGFB1,TGFBR2,TGFB,0.24973409790303736,3.282614513541934,0.8197807743028127
homeostatic FAP,t_cell,COL1A1,ITGA1,ECM_integrin,5.084146432195795,0.16117686830010314,0.8194467999204609
adipogenic FAP,myonuclei_muscle_fiber,FN1,ITGA5,ECM_integrin,4.402274689330545,0.18526119388187495,0.8155706647413369
satellite_cell,b_cell,FN1,ITGA5,ECM_integrin,4.713455957596491,0.1729038548259379,0.8149747046207158
adipocyte,endothelial,CXCL12,CXCR4,CXCL12,3.2737876416489753,0.2488465338662752,0.8146707072385949
homeostatic FAP,smooth_muscle_pericyte,IL6,IL6ST,IL6,0.3345602152095283,2.4319811177368806,0.8136441261355599
inflammatory FAP,myonuclei_muscle_fiber,IL6,IL6R,IL6,0.835768433075461,0.9732220802046789,0.8133882930071051
homeostatic FAP,adipocyte,IL6,IL6ST,IL6,0.3345602152095283,2.430215557697972,0.8130534399889773
endothelial,unassigned,IL6,IL6ST,IL6,2.270437899438654,0.3578708651745554,0.8125235753972113
adipocyte,adipogenic FAP,PDGFA,PDGFRA,PDGF,0.18131971142777284,4.462824316639407,0.8091980172459047
smooth_muscle_pericyte,satellite_cell,TGFB1,TGFBR2,TGFB,0.4134805576391167,1.9565788073953496,0.809007296346707
macrophage_monocyte,b_cell,FN1,ITGB1,ECM_integrin,0.4486320087929504,1.802859462964509,0.8088204624411474
schwann_cell,smooth_muscle_pericyte,TGFB1,TGFBR1,TGFB,1.4174644919145825,0.5692835608480654,0.8069392333328274
macrophage_monocyte,DA-FAP,SPP1,CD44,SPP1,0.1802246025694198,4.441305456163125,0.8004325107263949
macrophage_monocyte,inflammatory FAP,SPP1,CD44,SPP1,0.1802246025694198,4.435285456815737,0.7993475587365437
DA-FAP,adipocyte,JAG1,NOTCH1,NOTCH,1.0022036096703049,0.7962493321094488,0.798003954837659
homeostatic FAP,macrophage_monocyte,JAG1,NOTCH1,NOTCH,1.6343054536371846,0.48761209433966923,0.7969071050387708
smooth_muscle_pericyte,homeostatic FAP,PDGFB,PDGFRB,PDGF,0.2547225184263724,3.126010886503331,0.7962653656383855
smooth_muscle_pericyte,DA-FAP,COL1A1,ITGA1,ECM_integrin,1.8258434336364373,0.4312271655258082,0.78735328858095
DA-FAP,myonuclei_muscle_fiber,WNT5A,FZD4,WNT,1.2207413111664382,0.6442254132051389,0.7864325756027818
b_cell,schwann_cell,TNF,TNFRSF1A,TNF,0.5657466031107439,1.3850017017767406,0.7835600080827906
schwann_cell,macrophage_monocyte,FN1,ITGA5,ECM_integrin,0.7622824903796157,1.0276590164232902,0.783366474300212
inflammatory FAP,myonuclei_muscle_fiber,COL1A1,ITGA1,ECM_integrin,2.581875453457119,0.30300246315056983,0.7823146219455015
adipocyte,adipocyte,PDGFB,PDGFRB,PDGF,0.9269350270514369,0.8428111834299699,0.7812312071119126
unassigned,myonuclei_muscle_fiber,TGFB1,TGFBR2,TGFB,1.6015349855458525,0.48672930596096875,0.7795140119869429
adipogenic FAP,satellite_cell,JAG1,NOTCH1,NOTCH,1.5105892717662892,0.5126798481511321,0.7744486784678704
DA-FAP,unassigned,IL6,IL6ST,IL6,2.158181882547291,0.3578708651745554,0.7723504175112498
ECM-remodeling FAP,unassigned,JAG1,NOTCH1,NOTCH,1.9390346812954538,0.397996860625663,0.7717297157998735
macrophage_monocyte,myonuclei_muscle_fiber,TGFB1,TGFBR1,TGFB,2.9477571577607864,0.26163699326434947,0.7712423196299968
adipocyte,ECM-remodeling FAP,PDGFA,PDGFRA,PDGF,0.18131971142777284,4.249269562692163,0.7704763308861615
satellite_cell,smooth_muscle_pericyte,IL6,IL6ST,IL6,0.3163287741599974,2.4319811177368806,0.7693056057539677
satellite_cell,adipocyte,IL6,IL6ST,IL6,0.3163287741599974,2.430215557697972,0.7687471083111538
smooth_muscle_pericyte,t_cell,JAG1,NOTCH1,NOTCH,2.081053377974546,0.36748406365985364,0.7647539520311516
ECM-remodeling FAP,t_cell,COL1A1,ITGA1,ECM_integrin,4.732179975233685,0.16117686830010314,0.762717948640625
homeostatic FAP,macrophage_monocyte,COL1A1,ITGA1,ECM_integrin,5.084146432195795,0.14999251157086438,0.7625838925590966
adipogenic FAP,b_cell,FN1,ITGA5,ECM_integrin,4.402274689330545,0.1729038548259379,0.7611702637879094
ECM-remodeling FAP,inflammatory FAP,TGFB1,TGFBR1,TGFB,1.3156232953849412,0.5785103027300682,0.7611016308918722
endothelial,satellite_cell,JAG1,NOTCH1,NOTCH,1.474334072876967,0.5126798481511321,0.7558613686066036
smooth_muscle_pericyte,b_cell,IL6,IL6ST,IL6,1.003667665427036,0.7521923520603448,0.7549511419444774
adipogenic FAP,homeostatic FAP,PDGFA,PDGFRA,PDGF,0.13369384178440924,5.641947012737733,0.7542935712769788
endothelial,t_cell,FN1,ITGA5,ECM_integrin,1.8115180661655428,0.416285548080337,0.7541087910311552
endothelial,unassigned,TGFB1,TGFBR1,TGFB,0.9017331634870771,0.8360977593507618,0.7539370775238193
homeostatic FAP,schwann_cell,IL6,IL6ST,IL6,0.3345602152095283,2.2510696756694233,0.7531183551436053
endothelial,b_cell,TGFB1,TGFBR2,TGFB,0.9017331634870771,0.832618945062632,0.7508001153106
endothelial,endothelial,CXCL12,CXCR4,CXCL12,3.0110058996400517,0.2488465338662752,0.7492783815763325
ECM-remodeling FAP,smooth_muscle_pericyte,TGFB1,TGFBR1,TGFB,1.3156232953849412,0.5692835608480654,0.7489627143314055
adipocyte,adipocyte,JAG1,NOTCH1,NOTCH,0.9401707198314758,0.7962493321094488,0.7486103077346723
smooth_muscle_pericyte,smooth_muscle_pericyte,TGFB1,TGFBR2,TGFB,0.4134805576391167,1.8091158238473821,0.7480342196781655
t_cell,myonuclei_muscle_fiber,TNF,TNFRSF1A,TNF,1.4678352237929455,0.5082156347380845,0.7459768099508501
homeostatic FAP,schwann_cell,JAG1,NOTCH1,NOTCH,1.6343054536371846,0.45598061952044994,0.7452116132351334
satellite_cell,endothelial,TGFB1,TGFBR2,TGFB,0.24973409790303736,2.9821270846822783,0.7447388173253434
unassigned,inflammatory FAP,TNF,TNFRSF1A,TNF,0.22639419998970053,3.278209645622694,0.7421676501192694
adipogenic FAP,macrophage_monocyte,JAG1,NOTCH1,NOTCH,1.5105892717662892,0.48761209433966923,0.7365815984929961
inflammatory FAP,adipogenic FAP,COL1A1,ITGA1,ECM_integrin,2.581875453457119,0.28324564235193234,0.7313049712871483
smooth_muscle_pericyte,b_cell,JAG1,NOTCH1,NOTCH,2.081053377974546,0.3512957475548897,0.7310652021171966
schwann_cell,inflammatory FAP,TNF,TNFRSF1A,TNF,0.22263628997061602,3.278209645622694,0.7298484332473245
unassigned,unassigned,TGFB1,TGFBR2,TGFB,1.6015349855458525,0.45544096789429533,0.7294046439335794
adipocyte,inflammatory FAP,PDGFA,PDGFRA,PDGF,0.18131971142777284,4.02084828846314,0.7290590513589907
macrophage_monocyte,myonuclei_muscle_fiber,FN1,ITGB1,ECM_integrin,0.4486320087929504,1.624832279599497,0.7289517695483512
unassigned,homeostatic FAP,FN1,ITGB1,ECM_integrin,0.1305735344425986,5.5723345420717365,0.7275994162548857
DA-FAP,adipogenic FAP,TGFB1,TGFBR1,TGFB,0.7028314625836879,1.0267164545353906,0.7216086273998471
endothelial,macrophage_monocyte,JAG1,NOTCH1,NOTCH,1.474334072876967,0.48761209433966923,0.7189031250318724
b_cell,DA-FAP,IL6,IL6R,IL6,0.8641135982365176,0.8317403462815625,0.7187181434238481
smooth_muscle_pericyte,macrophage_monocyte,TGFB1,TGFBR2,TGFB,0.4134805576391167,1.7371214173296554,0.7182659323243187
myonuclei_muscle_fiber,unassigned,FN1,ITGB1,ECM_integrin,0.8348231573330259,0.857836844767653,0.7161420632255329
DA-FAP,DA-FAP,TGFB1,TGFBR1,TGFB,0.7028314625836879,1.0170521028081556,0.7148162169404713
endothelial,t_cell,IL6,IL6R,IL6,2.270437899438654,0.314692399686627,0.7144895509138147
b_cell,endothelial,TGFB1,TGFBR1,TGFB,2.2142956966392746,0.32246654108137585,0.7140362742266424
ECM-remodeling FAP,t_cell,JAG1,NOTCH1,NOTCH,1.9390346812954538,0.36748406365985364,0.7125643442598425
satellite_cell,schwann_cell,IL6,IL6ST,IL6,0.3163287741599974,2.2510696756694233,0.7120781110532516
ECM-remodeling FAP,inflammatory FAP,WNT5A,FZD4,WNT,0.8542354563790328,0.8330476977480459,0.7116188802713045
ECM-remodeling FAP,macrophage_monocyte,COL1A1,ITGA1,ECM_integrin,4.732179975233685,0.14999251157086438,0.7097915596906512
inflammatory FAP,adipogenic FAP,TGFB1,TGFBR1,TGFB,0.6903533478343598,1.0267164545353906,0.7087971416651311
smooth_muscle_pericyte,adipocyte,TGFB1,TGFBR2,TGFB,0.4134805576391167,1.7117976647514914,0.7077950529867844
macrophage_monocyte,inflammatory FAP,FN1,ITGA5,ECM_integrin,0.4486320087929504,1.5743821358494883,0.7063182202138917
adipocyte,adipogenic FAP,CXCL12,CXCR4,CXCL12,3.2737876416489753,0.2150682846930639,0.7040878925387961
ECM-remodeling FAP,homeostatic FAP,IL6,IL6ST,IL6,0.15284447196545328,4.602391633259439,0.703450118963759
satellite_cell,schwann_cell,COL1A1,ITGA1,ECM_integrin,1.2200959524676651,0.5762382303029131,0.7030659324497145
inflammatory FAP,DA-FAP,TGFB1,TGFBR1,TGFB,0.6903533478343598,1.0170521028081556,0.7021253240955857
smooth_muscle_pericyte,DA-FAP,PDGFB,PDGFRB,PDGF,0.2547225184263724,2.7422841587699134,0.6985215271626184
adipogenic FAP,inflammatory FAP,WNT5A,FZD4,WNT,0.8353034994231848,0.8330476977480459,0.6958476571153703
ECM-remodeling FAP,ECM-remodeling FAP,IL6,IL6ST,IL6,0.15284447196545328,4.552648419810252,0.6958471437702533
ECM-remodeling FAP,adipogenic FAP,IL6,IL6ST,IL6,0.15284447196545328,4.551672100348742,0.6956979187376892
inflammatory FAP,DA-FAP,IL6,IL6R,IL6,0.835768433075461,0.8317403462815625,0.6951423259373828
unassigned,ECM-remodeling FAP,FN1,ITGB1,ECM_integrin,0.1305735344425986,5.318346942231802,0.6944353576391931
adipocyte,smooth_muscle_pericyte,FN1,ITGA5,ECM_integrin,1.46549935968949,0.4728178348421229,0.6929142342109023
homeostatic FAP,smooth_muscle_pericyte,JAG1,NOTCH1,NOTCH,1.6343054536371846,0.4233719222603423,0.6919190414669356
schwann_cell,myonuclei_muscle_fiber,TGFB1,TGFBR2,TGFB,1.4174644919145825,0.48672930596096875,0.6899215083739019
adipogenic FAP,schwann_cell,JAG1,NOTCH1,NOTCH,1.5105892717662892,0.45598061952044994,0.6887994319809378
inflammatory FAP,myonuclei_muscle_fiber,FN1,ITGA5,ECM_integrin,3.7081636446023034,0.18526119388187495,0.6869788239083874
homeostatic FAP,b_cell,CCL2,CCR2,CCL,1.9093767089035765,0.35960828336912404,0.6866276805938027
ECM-remodeling FAP,smooth_muscle_pericyte,WNT5A,FZD4,WNT,0.8542354563790328,0.8000048185452701,0.683392481275444
satellite_cell,smooth_muscle_pericyte,PDGFA,PDGFRA,PDGF,1.3906269159579585,0.4910047815420876,0.6828044650764844
ECM-remodeling FAP,b_cell,JAG1,NOTCH1,NOTCH,1.9390346812954538,0.3512957475548897,0.6811746379005437
DA-FAP,t_cell,IL6,IL6R,IL6,2.158181882547291,0.314692399686627,0.6791634355790093
homeostatic FAP,macrophage_monocyte,CCL2,CCR2,CCL,1.9093767089035765,0.3545614252886568,0.6769913273218169
adipogenic FAP,myonuclei_muscle_fiber,COL1A1,ITGA1,ECM_integrin,2.2287172003909954,0.30300246315056983,0.6753068013845137
macrophage_monocyte,t_cell,TNF,TNFRSF1A,TNF,1.0104381829116726,0.6682549804617375,0.6752303481794333
macrophage_monocyte,endothelial,FN1,ITGA5,ECM_integrin,0.4486320087929504,1.5009326982454871,0.6733664514768961
smooth_muscle_pericyte,inflammatory FAP,IL6,IL6R,IL6,1.003667665427036,0.6704619881926974,0.6729210184469336
endothelial,b_cell,TGFB1,TGFBR1,TGFB,0.9017331634870771,0.7456882248829969,0.6724118019988078
macrophage_monocyte,adipogenic FAP,SPP1,CD44,SPP1,0.1802246025694198,3.730187973215746,0.6722716449820374
endothelial,schwann_cell,JAG1,NOTCH1,NOTCH,1.474334072876967,0.45598061952044994,0.6722677639305475
DA-FAP,schwann_cell,TGFB1,TGFBR2,TGFB,0.7028314625836879,0.9543259710483836,0.6707303180135337
unassigned,smooth_muscle_pericyte,FN1,ITGB1,ECM_integrin,0.1305735344425986,5.132820103737006,0.6702104626029665
adipogenic FAP,smooth_muscle_pericyte,WNT5A,FZD4,WNT,0.8353034994231848,0.8000048185452701,0.668246824486274
macrophage_monocyte,homeostatic FAP,COL1A1,ITGB1,ECM_integrin,0.11972789169691629,5.5723345420717365,0.6671638665521505
adipogenic FAP,smooth_muscle_pericyte,IL6,IL6ST,IL6,0.27420289202210624,2.4319811177368806,0.6668562558266071
adipogenic FAP,adipocyte,IL6,IL6ST,IL6,0.27420289202210624,2.430215557697972,0.6663721341578996
satellite_cell,satellite_cell,JAG1,NOTCH1,NOTCH,1.2982248262543947,0.5126798481511321,0.665573706790133
homeostatic FAP,satellite_cell,TGFB1,TGFBR2,TGFB,0.33921461922644935,1.9565788073953496,0.6637001351371539
unassigned,adipogenic FAP,TNF,TNFRSF1A,TNF,0.22639419998970053,2.9271042802307075,0.6626794318092593
macrophage_monocyte,homeostatic FAP,SPP1,CD44,SPP1,0.1802246025694198,3.673274945417006,0.6620145171659871
adipocyte,DA-FAP,PDGFA,PDGFRA,PDGF,0.18131971142777284,3.6486532997414245,0.6615727634091062
b_cell,adipocyte,TGFB1,TGFBR1,TGFB,2.2142956966392746,0.2987653398930812,0.6615548064302199
smooth_muscle_pericyte,schwann_cell,FN1,ITGA5,ECM_integrin,1.9898739639324414,0.33218559188741703,0.6610074604902588
DA-FAP,macrophage_monocyte,TGFB1,TGFBR1,TGFB,0.7028314625836879,0.9385889775240909,0.6596698638381849
smooth_muscle_pericyte,inflammatory FAP,PDGFB,PDGFRB,PDGF,0.2547225184263724,2.5891315593267925,0.6595101113289212
inflammatory FAP,inflammatory FAP,WNT5A,FZD4,WNT,0.7911889782714617,0.8330476977480459,0.6590981568326699
inflammatory FAP,schwann_cell,TGFB1,TGFBR2,TGFB,0.6903533478343598,0.9543259710483836,0.6588221290385279
schwann_cell,unassigned,FN1,ITGB1,ECM_integrin,0.7622824903796157,0.857836844767653,0.6539140063688783
schwann_cell,adipogenic FAP,TNF,TNFRSF1A,TNF,0.22263628997061602,2.9271042802307075,0.6516796373076751
adipocyte,adipogenic FAP,TGFB1,TGFBR1,TGFB,0.6346072104030224,1.0267164545353906,0.6515616650875858
homeostatic FAP,unassigned,JAG1,NOTCH1,NOTCH,1.6343054536371846,0.397996860625663,0.6504484398509994
b_cell,b_cell,IL6,IL6ST,IL6,0.8641135982365176,0.7521923520603448,0.649979639904854
inflammatory FAP,macrophage_monocyte,TGFB1,TGFBR1,TGFB,0.6903533478343598,0.9385889775240909,0.6479580428741848
endothelial,adipogenic FAP,CXCL12,CXCR4,CXCL12,3.0110058996400517,0.2150682846930639,0.6475718740362817
schwann_cell,unassigned,TGFB1,TGFBR2,TGFB,1.4174644919145825,0.45544096789429533,0.645571400153373
adipocyte,DA-FAP,TGFB1,TGFBR1,TGFB,0.6346072104030224,1.0170521028081556,0.6454285977976115
macrophage_monocyte,myonuclei_muscle_fiber,IL6,IL6ST,IL6,0.3758630160242215,1.7159025138850577,0.6449442940723814
macrophage_monocyte,b_cell,SPP1,CD44,SPP1,0.1802246025694198,3.563833573157496,0.642290489345865
ECM-remodeling FAP,endothelial,CXCL12,CXCR4,CXCL12,2.576647371235875,0.2488465338662752,0.6411897673276971
inflammatory FAP,b_cell,FN1,ITGA5,ECM_integrin,3.7081636446023034,0.1729038548259379,0.6411557884771374
ECM-remodeling FAP,myonuclei_muscle_fiber,TGFB1,TGFBR2,TGFB,1.3156232953849412,0.48672930596096875,0.640352413468795
adipogenic FAP,smooth_muscle_pericyte,JAG1,NOTCH1,NOTCH,1.5105892717662892,0.4233719222603423,0.6395410837335445
macrophage_monocyte,ECM-remodeling FAP,COL1A1,ITGB1,ECM_integrin,0.11972789169691629,5.318346942231802,0.6367544667061551
macrophage_monocyte,DA-FAP,FN1,ITGA5,ECM_integrin,0.4486320087929504,1.4121910106292028,0.633554089897926
t_cell,homeostatic FAP,COL1A1,ITGB1,ECM_integrin,0.11367776805245931,5.5723345420717365,0.633450553584338
satellite_cell,macrophage_monocyte,JAG1,NOTCH1,NOTCH,1.2982248262543947,0.48761209433966923,0.6330301264536586
inflammatory FAP,smooth_muscle_pericyte,WNT5A,FZD4,WNT,0.7911889782714617,0.8000048185452701,0.6329549949970783
adipogenic FAP,adipogenic FAP,COL1A1,ITGA1,ECM_integrin,2.2287172003909954,0.28324564235193234,0.6312744350455478
adipogenic FAP,adipogenic FAP,TGFB1,TGFBR1,TGFB,0.6146881844143516,1.0267164545353906,0.6311104733466995
inflammatory FAP,b_cell,IL6,IL6ST,IL6,0.835768433075461,0.7521923520603448,0.62865862345282
adipogenic FAP,DA-FAP,TGFB1,TGFBR1,TGFB,0.6146881844143516,1.0170521028081556,0.6251699105299436
adipocyte,satellite_cell,IL6,IL6R,IL6,1.4125257626874013,0.44215124286966034,0.6245500215576494
endothelial,smooth_muscle_pericyte,JAG1,NOTCH1,NOTCH,1.474334072876967,0.4233719222603423,0.6241916504878411
smooth_muscle_pericyte,satellite_cell,PDGFA,PDGFRA,PDGF,0.8682712693446457,0.7112091804838089,0.617522497908242
adipogenic FAP,schwann_cell,IL6,IL6ST,IL6,0.27420289202210624,2.2510696756694233,0.6172498152118205
macrophage_monocyte,smooth_muscle_pericyte,COL1A1,ITGB1,ECM_integrin,0.11972789169691629,5.132820103737006,0.614541729479979
homeostatic FAP,smooth_muscle_pericyte,TGFB1,TGFBR2,TGFB,0.33921461922644935,1.8091158238473821,0.6136785353229339
adipocyte,t_cell,FN1,ITGA5,ECM_integrin,1.46549935968949,0.416285548080337,0.6100662041597223
smooth_muscle_pericyte,adipogenic FAP,PDGFB,PDGFRB,PDGF,0.2547225184263724,2.3860566423544025,0.6077823570484875
adipocyte,schwann_cell,TGFB1,TGFBR2,TGFB,0.6346072104030224,0.9543259710483836,0.6056221423021702
smooth_muscle_pericyte,endothelial,CXCL12,CXCR4,CXCL12,2.432793070389611,0.2488465338662752,0.6053921231803479
smooth_muscle_pericyte,homeostatic FAP,TGFB1,TGFBR1,TGFB,0.4134805576391167,1.4632747626744356,0.6050356648498717
adipocyte,ECM-remodeling FAP,TNF,TNFRSF1A,TNF,0.1614008757144908,3.7461060772991934,0.6046248013954658
t_cell,ECM-remodeling FAP,COL1A1,ITGB1,ECM_integrin,0.11367776805245931,5.318346942231802,0.604577810121533
endothelial,schwann_cell,FN1,ITGA5,ECM_integrin,1.8115180661655428,0.33218559188741703,0.6017602010239499
adipogenic FAP,unassigned,JAG1,NOTCH1,NOTCH,1.5105892717662892,0.397996860625663,0.6012097878577896
homeostatic FAP,t_cell,JAG1,NOTCH1,NOTCH,1.6343054536371846,0.36748406365985364,0.6005812093640531
ECM-remodeling FAP,unassigned,TGFB1,TGFBR2,TGFB,1.3156232953849412,0.45544096789429533,0.5991887470344001
adipocyte,smooth_muscle_pericyte,IL6,IL6R,IL6,1.4125257626874013,0.4229797133495883,0.5974697422004256
adipogenic FAP,adipogenic FAP,PDGFA,PDGFRA,PDGF,0.13369384178440924,4.462824316639407,0.5966521281004031
adipocyte,macrophage_monocyte,TGFB1,TGFBR1,TGFB,0.6346072104030224,0.9385889775240909,0.5956353327415884
satellite_cell,schwann_cell,JAG1,NOTCH1,NOTCH,1.2982248262543947,0.45598061952044994,0.5919653605523074
unassigned,macrophage_monocyte,TNF,TNFRSF1A,TNF,0.22639419998970053,2.609839413632586,0.5908525061509384
unassigned,adipogenic FAP,FN1,ITGB1,ECM_integrin,0.1305735344425986,4.522645376743493,0.5905377918718757
b_cell,homeostatic FAP,COL1A1,ITGB1,ECM_integrin,0.10585858383917068,5.5723345420717365,0.5898794433018077
homeostatic FAP,macrophage_monocyte,TGFB1,TGFBR2,TGFB,0.33921461922644935,1.7371214173296554,0.589256980129589
satellite_cell,satellite_cell,COL1A1,ITGA1,ECM_integrin,1.2200959524676651,0.48204560144123576,0.5881418872232931
endothelial,adipocyte,IL6,IL6R,IL6,2.270437899438654,0.25894850960117244,0.5879265102016561
macrophage_monocyte,macrophage_monocyte,IL6,IL6R,IL6,0.3758630160242215,1.564121644357306,0.5878954786769018
endothelial,schwann_cell,TGFB1,TGFBR1,TGFB,0.9017331634870771,0.6518580516666832,0.5878020230739208
endothelial,satellite_cell,TGFB1,TGFBR1,TGFB,0.9017331634870771,0.6517209903725698,0.5876784303595883
DA-FAP,unassigned,TGFB1,TGFBR1,TGFB,0.7028314625836879,0.8360977593507618,0.5876358110674402
endothelial,unassigned,JAG1,NOTCH1,NOTCH,1.474334072876967,0.397996860625663,0.5867803325184803
adipogenic FAP,schwann_cell,TGFB1,TGFBR2,TGFB,0.6146881844143516,0.9543259710483836,0.586612898483194
homeostatic FAP,t_cell,CCL2,CCR2,CCL,1.9093767089035765,0.30653437922087573,0.5852896041625566
DA-FAP,b_cell,TGFB1,TGFBR2,TGFB,0.7028314625836879,0.832618945062632,0.585190790933257
t_cell,smooth_muscle_pericyte,COL1A1,ITGB1,ECM_integrin,0.11367776805245931,5.132820103737006,0.5834875332076156
macrophage_monocyte,macrophage_monocyte,IL6,IL6ST,IL6,0.3758630160242215,1.5515375768589044,0.5831655931131002
b_cell,adipocyte,TNF,TNFRSF1A,TNF,0.5657466031107439,1.0304555448563801,0.5829767241591278
inflammatory FAP,adipocyte,JAG1,NOTCH1,NOTCH,0.7302812365196376,0.7962493321094488,0.5814859468308239
schwann_cell,macrophage_monocyte,TNF,TNFRSF1A,TNF,0.22263628997061602,2.609839413632586,0.5810449644702469
homeostatic FAP,adipocyte,TGFB1,TGFBR2,TGFB,0.33921461922644935,1.7117976647514914,0.5806667930414023
b_cell,inflammatory FAP,IL6,IL6R,IL6,0.8641135982365176,0.6704619881926974,0.5793553210980014
b_cell,myonuclei_muscle_fiber,TGFB1,TGFBR1,TGFB,2.2142956966392746,0.26163699326434947,0.5793416682668879
unassigned,endothelial,FN1,ITGB1,ECM_integrin,0.1305735344425986,4.425693832684405,0.5778784860944133
inflammatory FAP,unassigned,TGFB1,TGFBR1,TGFB,0.6903533478343598,0.8360977593507618,0.5772028872846052
unassigned,DA-FAP,FN1,ITGB1,ECM_integrin,0.1305735344425986,4.420436156664212,0.5771919727535026
adipogenic FAP,macrophage_monocyte,TGFB1,TGFBR1,TGFB,0.6146881844143516,0.9385889775240909,0.5769395545056061
endothelial,t_cell,TGFB1,TGFBR1,TGFB,0.9017331634870771,0.6397271780683619,0.5768632120482446
inflammatory FAP,b_cell,TGFB1,TGFBR2,TGFB,0.6903533478343598,0.832618945062632,0.5748012761943009
homeostatic FAP,b_cell,JAG1,NOTCH1,NOTCH,1.6343054536371846,0.3512957475548897,0.5741245560685079
homeostatic FAP,myonuclei_muscle_fiber,IL6,IL6ST,IL6,0.3345602152095283,1.7159025138850577,0.5740727143239555
unassigned,satellite_cell,FN1,ITGB1,ECM_integrin,0.1305735344425986,4.393024497833089,0.5736127355749883
unassigned,DA-FAP,TNF,TNFRSF1A,TNF,0.22639419998970053,2.522350703182164,0.5710455695403845
adipogenic FAP,ECM-remodeling FAP,PDGFA,PDGFRA,PDGF,0.13369384178440924,4.249269562692163,0.5681011726138719
unassigned,schwann_cell,FN1,ITGB1,ECM_integrin,0.1305735344425986,4.344399478342586,0.567263594917773
smooth_muscle_pericyte,t_cell,TGFB1,TGFBR2,TGFB,0.4134805576391167,1.37096690353889,0.5668681597800334
t_cell,b_cell,TNF,TNFRSF1A,TNF,1.4678352237929455,0.3844701237179918,0.5643387900892999
b_cell,ECM-remodeling FAP,COL1A1,ITGB1,ECM_integrin,0.10585858383917068,5.318346942231802,0.5629926756700423
endothelial,b_cell,IL6,IL6R,IL6,2.270437899438654,0.24759931701419544,0.5621588732241553
macrophage_monocyte,unassigned,SPP1,CD44,SPP1,0.1802246025694198,3.11662203665575,0.5616919679153782
schwann_cell,DA-FAP,TNF,TNFRSF1A,TNF,0.22263628997061602,2.522350703182164,0.5615668025612515
inflammatory FAP,inflammatory FAP,IL6,IL6R,IL6,0.835768433075461,0.6704619881926974,0.560350965308469
DA-FAP,adipocyte,IL6,IL6R,IL6,2.158181882547291,0.25894850960117244,0.5588579819338736
schwann_cell,smooth_muscle_pericyte,COL1A1,ITGA1,ECM_integrin,0.29332353540737777,1.9022581954484825,0.5579770991466075
smooth_muscle_pericyte,ECM-remodeling FAP,TGFB1,TGFBR1,TGFB,0.4134805576391167,1.3425599544521776,0.5551224386308334
adipogenic FAP,t_cell,JAG1,NOTCH1,NOTCH,1.5105892717662892,0.36748406365985364,0.555117484109655
ECM-remodeling FAP,adipogenic FAP,CXCL12,CXCR4,CXCL12,2.576647371235875,0.2150682846930639,0.5541551303905918
smooth_muscle_pericyte,myonuclei_muscle_fiber,COL1A1,ITGA1,ECM_integrin,1.8258434336364373,0.30300246315056983,0.5532350577191345
ECM-remodeling FAP,myonuclei_muscle_fiber,WNT5A,FZD4,WNT,0.8542354563790328,0.6442254132051389,0.5503201898602628
satellite_cell,smooth_muscle_pericyte,JAG1,NOTCH1,NOTCH,1.2982248262543947,0.4233719222603423,0.549631940217422
endothelial,endothelial,IL6,IL6R,IL6,2.270437899438654,0.24184808126642582,0.5491010496138128
inflammatory FAP,ECM-remodeling FAP,COL1A1,ITGA1,ECM_integrin,2.581875453457119,0.2122363000576248,0.5479676934513412
adipocyte,schwann_cell,IL6,IL6R,IL6,1.4125257626874013,0.38608520159860193,0.5453552938503843
smooth_muscle_pericyte,satellite_cell,FN1,ITGA5,ECM_integrin,1.9898739639324414,0.2736609232921634,0.5445507462047889
myonuclei_muscle_fiber,smooth_muscle_pericyte,COL1A1,ITGA1,ECM_integrin,0.28618714599343914,1.9022581954484825,0.5444018438980309
macrophage_monocyte,homeostatic FAP,IL6,IL6R,IL6,0.3758630160242215,1.447118863448856,0.5439184605614306
b_cell,smooth_muscle_pericyte,COL1A1,ITGB1,ECM_integrin,0.10585858383917068,5.132820103737006,0.5433530672828246
satellite_cell,myonuclei_muscle_fiber,IL6,IL6ST,IL6,0.3163287741599974,1.7159025138850577,0.5427893387953182
endothelial,t_cell,JAG1,NOTCH1,NOTCH,1.474334072876967,0.36748406365985364,0.5417942762930106
macrophage_monocyte,adipogenic FAP,COL1A1,ITGB1,ECM_integrin,0.11972789169691629,4.522645376743493,0.5414867958503041
unassigned,adipocyte,FN1,ITGB1,ECM_integrin,0.1305735344425986,4.1261296884635525,0.5387633369912243
adipogenic FAP,myonuclei_muscle_fiber,WNT5A,FZD4,WNT,0.8353034994231848,0.6442254132051389,0.5381237420675997
adipogenic FAP,inflammatory FAP,PDGFA,PDGFRA,PDGF,0.13369384178440924,4.02084828846314,0.5375626549169037
DA-FAP,b_cell,IL6,IL6R,IL6,2.158181882547291,0.24759931701419544,0.5343643601111199
adipogenic FAP,b_cell,CCL2,CCR2,CCL,1.4826295616753558,0.35960828336912404,0.5331658715463915
ECM-remodeling FAP,DA-FAP,IL6,IL6ST,IL6,0.15284447196545328,3.4882311781724638,0.5331568525212013
schwann_cell,endothelial,JAG1,NOTCH1,NOTCH,0.3661447942916008,1.4521323491103546,0.5316907002491899
adipogenic FAP,b_cell,JAG1,NOTCH1,NOTCH,1.5105892717662892,0.3512957475548897,0.5306635874735349
adipocyte,unassigned,TGFB1,TGFBR1,TGFB,0.6346072104030224,0.8360977593507618,0.5305936666858044
macrophage_monocyte,endothelial,COL1A1,ITGB1,ECM_integrin,0.11972789169691629,4.425693832684405,0.5298789918833487
macrophage_monocyte,DA-FAP,COL1A1,ITGB1,ECM_integrin,0.11972789169691629,4.420436156664212,0.5292495014182257
adipocyte,inflammatory FAP,TNF,TNFRSF1A,TNF,0.1614008757144908,3.278209645622694,0.5291059075791933
schwann_cell,b_cell,COL1A1,ITGB1,ECM_integrin,0.29332353540737777,1.802859462964509,0.5288211115193963
adipocyte,b_cell,TGFB1,TGFBR2,TGFB,0.6346072104030224,0.832618945062632,0.5283859860549043
DA-FAP,satellite_cell,WNT5A,FZD4,WNT,1.2207413111664382,0.4327330701468539,0.5282551354361488
unassigned,inflammatory FAP,FN1,ITGB1,ECM_integrin,0.1305735344425986,4.035099887545048,0.526877254145689
satellite_cell,DA-FAP,COL1A1,ITGA1,ECM_integrin,1.2200959524676651,0.4312271655258082,0.5261385192521424
macrophage_monocyte,satellite_cell,COL1A1,ITGB1,ECM_integrin,0.11972789169691629,4.393024497833089,0.5259675612984601
adipogenic FAP,macrophage_monocyte,CCL2,CCR2,CCL,1.4826295616753558,0.3545614252886568,0.5256832505627106
myonuclei_muscle_fiber,adipocyte,FN1,ITGA5,ECM_integrin,0.8348231573330259,0.629206017470737,0.5252757541178598
DA-FAP,b_cell,TGFB1,TGFBR1,TGFB,0.7028314625836879,0.7456882248829969,0.5240931457259507
homeostatic FAP,macrophage_monocyte,IL6,IL6R,IL6,0.3345602152095283,1.564121644357306,0.5232928739500615
smooth_muscle_pericyte,adipogenic FAP,CXCL12,CXCR4,CXCL12,2.432793070389611,0.2150682846930639,0.5232166326618659
DA-FAP,endothelial,IL6,IL6R,IL6,2.158181882547291,0.24184808126642582,0.5219521473180251
endothelial,inflammatory FAP,TGFB1,TGFBR1,TGFB,0.9017331634870771,0.5785103027300682,0.521661925390651
macrophage_monocyte,b_cell,CCL2,CCR2,CCL,1.4472915546995138,0.35960828336912404,0.5204580315201228
macrophage_monocyte,schwann_cell,COL1A1,ITGB1,ECM_integrin,0.11972789169691629,4.344399478342586,0.5201457902311408
adipocyte,unassigned,COL1A1,ITGB1,ECM_integrin,0.6058540047639327,0.857836844767653,0.5197238878365387
homeostatic FAP,macrophage_monocyte,IL6,IL6ST,IL6,0.3345602152095283,1.5515375768589044,0.5190827456195851
macrophage_monocyte,homeostatic FAP,FN1,ITGA5,ECM_integrin,0.4486320087929504,1.1561668961759801,0.5186934771313405
endothelial,b_cell,JAG1,NOTCH1,NOTCH,1.474334072876967,0.3512957475548897,0.5179272902769593
smooth_muscle_pericyte,adipogenic FAP,COL1A1,ITGA1,ECM_integrin,1.8258434336364373,0.28324564235193234,0.5171621961944104
satellite_cell,unassigned,JAG1,NOTCH1,NOTCH,1.2982248262543947,0.397996860625663,0.5166894052355459
unassigned,endothelial,TGFB1,TGFBR1,TGFB,1.6015349855458525,0.32246654108137585,0.5164414472097824
myonuclei_muscle_fiber,b_cell,COL1A1,ITGB1,ECM_integrin,0.28618714599343914,1.802859462964509,0.5159552043330772
inflammatory FAP,b_cell,TGFB1,TGFBR1,TGFB,0.6903533478343598,0.7456882248829969,0.5147883624886378
t_cell,adipogenic FAP,COL1A1,ITGB1,ECM_integrin,0.11367776805245931,4.522645376743493,0.5141242321209742
adipogenic FAP,unassigned,TGFB1,TGFBR1,TGFB,0.6146881844143516,0.8360977593507618,0.5139394136882273
DA-FAP,satellite_cell,JAG1,NOTCH1,NOTCH,1.0022036096703049,0.5126798481511321,0.5138095944222884
macrophage_monocyte,myonuclei_muscle_fiber,TNF,TNFRSF1A,TNF,1.0104381829116726,0.5082156347380845,0.5135204824920524
endothelial,smooth_muscle_pericyte,TGFB1,TGFBR1,TGFB,0.9017331634870771,0.5692835608480654,0.513341866244714
macrophage_monocyte,macrophage_monocyte,CCL2,CCR2,CCL,1.4472915546995138,0.3545614252886568,0.5131537564424956
adipogenic FAP,b_cell,TGFB1,TGFBR2,TGFB,0.6146881844143516,0.832618945062632,0.511801027649542
schwann_cell,schwann_cell,CXCL12,CXCR4,CXCL12,0.237134550449131,2.15520689292098,0.511074017677685
inflammatory FAP,myonuclei_muscle_fiber,WNT5A,FZD4,WNT,0.7911889782714617,0.6442254132051389,0.5097040464502841
adipocyte,unassigned,IL6,IL6ST,IL6,1.4125257626874013,0.3578708651745554,0.5055018167742891
macrophage_monocyte,unassigned,IL6,IL6R,IL6,0.3758630160242215,1.3421099946041897,0.5044495104081824
ECM-remodeling FAP,endothelial,IL6,IL6ST,IL6,0.15284447196545328,3.298850720621392,0.5042110964862317
t_cell,endothelial,COL1A1,ITGB1,ECM_integrin,0.11367776805245931,4.425693832684405,0.5031029969830975
t_cell,DA-FAP,COL1A1,ITGB1,ECM_integrin,0.11367776805245931,4.420436156664212,0.502505316107979
ECM-remodeling FAP,satellite_cell,IL6,IL6ST,IL6,0.15284447196545328,3.285703968686027,0.5022016881286101
ECM-remodeling FAP,inflammatory FAP,IL6,IL6ST,IL6,0.15284447196545328,3.2739799276040427,0.5004097332601328
t_cell,homeostatic FAP,FN1,ITGB1,ECM_integrin,0.089786800072965,5.5723345420717365,0.5003220874686719
schwann_cell,satellite_cell,CXCL12,CXCR4,CXCL12,0.237134550449131,2.1064633861075124,0.49951524810215925
t_cell,satellite_cell,COL1A1,ITGB1,ECM_integrin,0.11367776805245931,4.393024497833089,0.49938921991344143
homeostatic FAP,homeostatic FAP,TGFB1,TGFBR1,TGFB,0.33921461922644935,1.4632747626744356,0.49636419144428173
inflammatory FAP,DA-FAP,CXCL12,CXCR4,CXCL12,5.991529651187526,0.08277043775050516,0.49592153202392303
endothelial,satellite_cell,FN1,ITGA5,ECM_integrin,1.8115180661655428,0.2736609232921634,0.4957417065472968
satellite_cell,macrophage_monocyte,IL6,IL6R,IL6,0.3163287741599974,1.564121644357306,0.494776682396666
macrophage_monocyte,adipocyte,COL1A1,ITGB1,ECM_integrin,0.11972789169691629,4.1261296884635525,0.49401280846779516
t_cell,schwann_cell,COL1A1,ITGB1,ECM_integrin,0.11367776805245931,4.344399478342586,0.49386163622625373
satellite_cell,macrophage_monocyte,IL6,IL6ST,IL6,0.3163287741599974,1.5515375768589044,0.49079597975094996
DA-FAP,macrophage_monocyte,JAG1,NOTCH1,NOTCH,1.0022036096703049,0.48761209433966923,0.4886866010661137
satellite_cell,satellite_cell,TGFB1,TGFBR2,TGFB,0.24973409790303736,1.9565788073953496,0.4886244434410783
adipogenic FAP,DA-FAP,PDGFA,PDGFRA,PDGF,0.13369384178440924,3.6486532997414245,0.4878024769817927
adipocyte,schwann_cell,FN1,ITGA5,ECM_integrin,1.46549935968949,0.33218559188741703,0.48681777220908395
endothelial,myonuclei_muscle_fiber,PDGFB,PDGFRB,PDGF,1.1883417471033395,0.4088158381685128,0.4858129273726866
unassigned,t_cell,FN1,ITGB1,ECM_integrin,0.1305735344425986,3.7090990054515887,0.4843101667393412
homeostatic FAP,homeostatic FAP,IL6,IL6R,IL6,0.3345602152095283,1.447118863448856,0.48414839838921725
macrophage_monocyte,inflammatory FAP,COL1A1,ITGB1,ECM_integrin,0.11972789169691629,4.035099887545048,0.4831140023222326
macrophage_monocyte,endothelial,JAG1,NOTCH1,NOTCH,0.33224684850803393,1.4521323491103546,0.48246639660848345
adipocyte,satellite_cell,JAG1,NOTCH1,NOTCH,0.9401707198314758,0.5126798481511321,0.4820065818793416
endothelial,unassigned,COL1A1,ITGB1,ECM_integrin,0.5593944596856071,0.857836844767653,0.47986917827720726
schwann_cell,adipocyte,FN1,ITGA5,ECM_integrin,0.7622824903796157,0.629206017470737,0.4796327299594334
macrophage_monocyte,satellite_cell,SPP1,CD44,SPP1,0.1802246025694198,2.6564684521288124,0.478760971023117
b_cell,adipogenic FAP,COL1A1,ITGB1,ECM_integrin,0.10585858383917068,4.522645376743493,0.47876083478883874
unassigned,adipocyte,TGFB1,TGFBR1,TGFB,1.6015349855458525,0.2987653398930812,0.47848314430726746
t_cell,ECM-remodeling FAP,FN1,ITGB1,ECM_integrin,0.089786800072965,5.318346942231802,0.47751735362083153
satellite_cell,t_cell,JAG1,NOTCH1,NOTCH,1.2982248262543947,0.36748406365985364,0.47707693469607243
schwann_cell,myonuclei_muscle_fiber,COL1A1,ITGB1,ECM_integrin,0.29332353540737777,1.624832279599497,0.4766015486961534
satellite_cell,smooth_muscle_pericyte,PDGFB,PDGFRB,PDGF,0.12019068950771747,3.9554246786240435,0.47540521941966557
unassigned,homeostatic FAP,TNF,TNFRSF1A,TNF,0.22639419998970053,2.0915663183626334,0.4735184833711117
adipocyte,b_cell,TGFB1,TGFBR1,TGFB,0.6346072104030224,0.7456882248829969,0.4732191242233803
adipogenic FAP,ECM-remodeling FAP,COL1A1,ITGA1,ECM_integrin,2.2287172003909954,0.2122363000576248,0.4730146924857728
adipocyte,adipogenic FAP,TNF,TNFRSF1A,TNF,0.1614008757144908,2.9271042802307075,0.47243719413687046
DA-FAP,unassigned,COL1A1,ITGA1,ECM_integrin,5.840368430366636,0.08067536113426722,0.4711738322770018
myonuclei_muscle_fiber,unassigned,FN1,ITGA5,ECM_integrin,0.8348231573330259,0.5643712961462256,0.47115022735692424
adipogenic FAP,myonuclei_muscle_fiber,IL6,IL6ST,IL6,0.27420289202210624,1.7159025138850577,0.47050543173528514
satellite_cell,myonuclei_muscle_fiber,PDGFA,PDGFRA,PDGF,1.3906269159579585,0.33798758415781355,0.47001463178946123
t_cell,adipocyte,COL1A1,ITGB1,ECM_integrin,0.11367776805245931,4.1261296884635525,0.46904921367952596
b_cell,endothelial,COL1A1,ITGB1,ECM_integrin,0.10585858383917068,4.425693832684405,0.4684976816337227
b_cell,DA-FAP,COL1A1,ITGB1,ECM_integrin,0.10585858383917068,4.420436156664212,0.4679411114959399
schwann_cell,homeostatic FAP,TNF,TNFRSF1A,TNF,0.22263628997061602,2.0915663183626334,0.465658565347757
homeostatic FAP,t_cell,TGFB1,TGFBR2,TGFB,0.33921461922644935,1.37096690353889,0.46505201615600894
b_cell,satellite_cell,COL1A1,ITGB1,ECM_integrin,0.10585858383917068,4.393024497833089,0.46503935211139474
myonuclei_muscle_fiber,myonuclei_muscle_fiber,COL1A1,ITGB1,ECM_integrin,0.28618714599343914,1.624832279599497,0.46500611281659376
macrophage_monocyte,macrophage_monocyte,FN1,ITGA5,ECM_integrin,0.4486320087929504,1.0276590164232902,0.4610407288921683
t_cell,smooth_muscle_pericyte,FN1,ITGB1,ECM_integrin,0.089786800072965,5.132820103737006,0.46085949246473
b_cell,schwann_cell,COL1A1,ITGB1,ECM_integrin,0.10585858383917068,4.344399478342586,0.45989197640897805
t_cell,inflammatory FAP,COL1A1,ITGB1,ECM_integrin,0.11367776805245931,4.035099887545048,0.4587011490848506
adipocyte,macrophage_monocyte,JAG1,NOTCH1,NOTCH,0.9401707198314758,0.48761209433966923,0.4584386137338603
adipogenic FAP,b_cell,TGFB1,TGFBR1,TGFB,0.6146881844143516,0.7456882248829969,0.45836574109249006
DA-FAP,schwann_cell,TGFB1,TGFBR1,TGFB,0.7028314625836879,0.6518580516666832,0.45814634784984815
DA-FAP,satellite_cell,TGFB1,TGFBR1,TGFB,0.7028314625836879,0.6517209903725698,0.4580500168600428
satellite_cell,homeostatic FAP,IL6,IL6R,IL6,0.3163287741599974,1.447118863448856,0.4577653361385853
schwann_cell,endothelial,TGFB1,TGFBR1,TGFB,1.4174644919145825,0.32246654108137585,0.45708487181336527
DA-FAP,schwann_cell,JAG1,NOTCH1,NOTCH,1.0022036096703049,0.45598061952044994,0.4569854228230968
satellite_cell,b_cell,JAG1,NOTCH1,NOTCH,1.2982248262543947,0.3512957475548897,0.45606086083335434
homeostatic FAP,ECM-remodeling FAP,TGFB1,TGFBR1,TGFB,0.33921461922644935,1.3425599544521776,0.4554159637381746
adipogenic FAP,t_cell,CCL2,CCR2,CCL,1.4826295616753558,0.30653437922087573,0.4544769323026743
myonuclei_muscle_fiber,smooth_muscle_pericyte,CXCL12,CXCR4,CXCL12,1.1398234272417804,0.39692406930879404,0.4524233530343036
satellite_cell,smooth_muscle_pericyte,TGFB1,TGFBR2,TGFB,0.24973409790303736,1.8091158238473821,0.4517979082706362
inflammatory FAP,homeostatic FAP,COL1A1,ITGA1,ECM_integrin,2.581875453457119,0.17442995850948448,0.4503564282231817
inflammatory FAP,schwann_cell,TGFB1,TGFBR1,TGFB,0.6903533478343598,0.6518580516666832,0.4500123882808778
inflammatory FAP,satellite_cell,TGFB1,TGFBR1,TGFB,0.6903533478343598,0.6517209903725698,0.44991776755762813
DA-FAP,t_cell,TGFB1,TGFBR1,TGFB,0.7028314625836879,0.6397271780683619,0.4496203882163221
homeostatic FAP,unassigned,IL6,IL6R,IL6,0.3345602152095283,1.3421099946041897,0.44901660862963655
inflammatory FAP,inflammatory FAP,COL1A1,ITGA1,ECM_integrin,2.581875453457119,0.17338819021585566,0.44766671223767157
endothelial,ECM-remodeling FAP,TNF,TNFRSF1A,TNF,0.11880594974112618,3.7461060772991934,0.44505969034453535
adipocyte,t_cell,IL6,IL6R,IL6,1.4125257626874013,0.314692399686627,0.4445111218792813
schwann_cell,endothelial,SPP1,CD44,SPP1,1.0647965528538763,0.41727118612232045,0.444308920588295
macrophage_monocyte,t_cell,COL1A1,ITGB1,ECM_integrin,0.11972789169691629,3.7090990054515887,0.4440826040178477
smooth_muscle_pericyte,satellite_cell,IL6,IL6R,IL6,1.003667665427036,0.44215124286966034,0.4437729056966544
macrophage_monocyte,t_cell,CCL2,CCR2,CCL,1.4472915546995138,0.30653437922087573,0.44364461827143153
inflammatory FAP,t_cell,TGFB1,TGFBR1,TGFB,0.6903533478343598,0.6397271780683619,0.44163779908012124
myonuclei_muscle_fiber,smooth_muscle_pericyte,PDGFB,PDGFRB,PDGF,0.11128408945066876,3.9554246786240435,0.44017583375138075
endothelial,myonuclei_muscle_fiber,TGFB1,TGFBR2,TGFB,0.9017331634870771,0.48672930596096875,0.4388999568260538
unassigned,unassigned,TNF,TNFRSF1A,TNF,0.22639419998970053,1.9333877306720861,0.43770776855540955
b_cell,adipocyte,COL1A1,ITGB1,ECM_integrin,0.10585858383917068,4.1261296884635525,0.43678624555751017
satellite_cell,ECM-remodeling FAP,PDGFB,PDGFRB,PDGF,0.12019068950771747,3.6235286932111044,0.4355144120880411
satellite_cell,macrophage_monocyte,TGFB1,TGFBR2,TGFB,0.24973409790303736,1.7371214173296554,0.4338184501048672
inflammatory FAP,inflammatory FAP,CXCL12,CXCR4,CXCL12,5.991529651187526,0.07234803511119856,0.43347539757390235
macrophage_monocyte,smooth_muscle_pericyte,SPP1,CD44,SPP1,0.1802246025694198,2.4020422887528947,0.43290711684543
schwann_cell,unassigned,TNF,TNFRSF1A,TNF,0.22263628997061602,1.9333877306720861,0.43044227143154185
schwann_cell,unassigned,FN1,ITGA5,ECM_integrin,0.7622824903796157,0.5643712961462256,0.43021035712511646
adipogenic FAP,macrophage_monocyte,IL6,IL6R,IL6,0.27420289202210624,1.564121644357306,0.42888667835714567
adipocyte,schwann_cell,JAG1,NOTCH1,NOTCH,0.9401707198314758,0.45598061952044994,0.4286996272837437
satellite_cell,adipocyte,TGFB1,TGFBR2,TGFB,0.24973409790303736,1.7117976647514914,0.42749424559923965
b_cell,inflammatory FAP,COL1A1,ITGB1,ECM_integrin,0.10585858383917068,4.035099887545048,0.42714995974511566
smooth_muscle_pericyte,smooth_muscle_pericyte,PDGFA,PDGFRA,PDGF,0.8682712693446457,0.4910047815420876,0.4263253449238389
adipogenic FAP,macrophage_monocyte,IL6,IL6ST,IL6,0.27420289202210624,1.5515375768589044,0.4254360906556825
satellite_cell,unassigned,IL6,IL6R,IL6,0.3163287741599974,1.3421099946041897,0.424548009381024
smooth_muscle_pericyte,smooth_muscle_pericyte,IL6,IL6R,IL6,1.003667665427036,0.4229797133495883,0.42453106142057817
smooth_muscle_pericyte,adipogenic FAP,TGFB1,TGFBR1,TGFB,0.4134805576391167,1.0267164545353906,0.4245272921585501
DA-FAP,smooth_muscle_pericyte,JAG1,NOTCH1,NOTCH,1.0022036096703049,0.4233719222603423,0.4243048687223708
ECM-remodeling FAP,endothelial,TGFB1,TGFBR1,TGFB,1.3156232953849412,0.32246654108137585,0.4242444934288632
schwann_cell,adipocyte,TGFB1,TGFBR1,TGFB,1.4174644919145825,0.2987653398930812,0.42348926071323384
satellite_cell,smooth_muscle_pericyte,CXCL12,CXCR4,CXCL12,1.062568632920575,0.39692406930879404,0.42175906569871685
t_cell,t_cell,COL1A1,ITGB1,ECM_integrin,0.11367776805245931,3.7090990054515887,0.42164209642533323
adipocyte,macrophage_monocyte,TNF,TNFRSF1A,TNF,0.1614008757144908,2.609839413632586,0.42123036683449255
smooth_muscle_pericyte,DA-FAP,TGFB1,TGFBR1,TGFB,0.4134805576391167,1.0170521028081556,0.4205312706171524
homeostatic FAP,DA-FAP,CXCL12,CXCR4,CXCL12,5.067519483467946,0.08277043775050516,0.41944080595585564
unassigned,myonuclei_muscle_fiber,TGFB1,TGFBR1,TGFB,1.6015349855458525,0.26163699326434947,0.41902079822588023
myonuclei_muscle_fiber,adipocyte,CXCL12,CXCR4,CXCL12,1.1398234272417804,0.36674943996290255,0.4180296035975192
inflammatory FAP,t_cell,COL1A1,ITGA1,ECM_integrin,2.581875453457119,0.16117686830010314,0.41613859992912716
myonuclei_muscle_fiber,adipogenic FAP,TGFB1,TGFBR2,TGFB,0.07629339915116821,5.423447770055725,0.4137732654963746
adipocyte,schwann_cell,TGFB1,TGFBR1,TGFB,0.6346072104030224,0.6518580516666832,0.41367381974694306
adipocyte,satellite_cell,TGFB1,TGFBR1,TGFB,0.6346072104030224,0.6517209903725698,0.4135868396614315
endothelial,unassigned,TGFB1,TGFBR2,TGFB,0.9017331634870771,0.45544096789429533,0.41068622476093924
homeostatic FAP,unassigned,COL1A1,ITGA1,ECM_integrin,5.084146432195795,0.08067536113426722,0.41016534947689204
adipocyte,DA-FAP,TNF,TNFRSF1A,TNF,0.1614008757144908,2.522350703182164,0.4071096123526629
DA-FAP,inflammatory FAP,TGFB1,TGFBR1,TGFB,0.7028314625836879,0.5785103027300682,0.40659524218750587
b_cell,homeostatic FAP,PDGFA,PDGFRA,PDGF,0.07200611936523879,5.641947012737733,0.4062547100515456
t_cell,adipogenic FAP,FN1,ITGB1,ECM_integrin,0.089786800072965,4.522645376743493,0.40607385624258746
adipocyte,t_cell,TGFB1,TGFBR1,TGFB,0.6346072104030224,0.6397271780683619,0.4059754798929607
myonuclei_muscle_fiber,ECM-remodeling FAP,PDGFB,PDGFRB,PDGF,0.11128408945066876,3.6235286932111044,0.4032410912223694
adipocyte,satellite_cell,FN1,ITGA5,ECM_integrin,1.46549935968949,0.2736609232921634,0.40104990785670014
adipogenic FAP,schwann_cell,TGFB1,TGFBR1,TGFB,0.6146881844143516,0.6518580516666832,0.4006894422748701
adipogenic FAP,satellite_cell,TGFB1,TGFBR1,TGFB,0.6146881844143516,0.6517209903725698,0.40060519231683805
macrophage_monocyte,adipogenic FAP,IL6,IL6R,IL6,0.3758630160242215,1.0645857642360976,0.40013841616223045
DA-FAP,smooth_muscle_pericyte,TGFB1,TGFBR1,TGFB,0.7028314625836879,0.5692835608480654,0.4001103976956957
inflammatory FAP,inflammatory FAP,TGFB1,TGFBR1,TGFB,0.6903533478343598,0.5785103027300682,0.39937652424637154
DA-FAP,unassigned,JAG1,NOTCH1,NOTCH,1.0022036096703049,0.397996860625663,0.3988738903564887
schwann_cell,satellite_cell,PDGFA,PDGFRA,PDGF,0.5598983109884971,0.7112091804838089,0.3982048189123978
unassigned,macrophage_monocyte,FN1,ITGB1,ECM_integrin,0.1305735344425986,3.049127603306565,0.3981353681302279
adipocyte,smooth_muscle_pericyte,JAG1,NOTCH1,NOTCH,0.9401707198314758,0.4233719222603423,0.3980418849079417
t_cell,endothelial,FN1,ITGB1,ECM_integrin,0.089786800072965,4.425693832684405,0.39736888733938885
ECM-remodeling FAP,b_cell,CCL2,CCR2,CCL,1.1049584810127602,0.35960828336912404,0.39735222255115354
t_cell,DA-FAP,FN1,ITGB1,ECM_integrin,0.089786800072965,4.420436156664212,0.39689681743371535
adipogenic FAP,homeostatic FAP,IL6,IL6R,IL6,0.27420289202210624,1.447118863448856,0.3968041774574198
unassigned,endothelial,TNF,TNFRSF1A,TNF,0.22639419998970053,1.7456052715481678,0.3951949089499514
myonuclei_muscle_fiber,smooth_muscle_pericyte,FN1,ITGA5,ECM_integrin,0.8348231573330259,0.4728178348421229,0.39471927772626625
smooth_muscle_pericyte,schwann_cell,TGFB1,TGFBR2,TGFB,0.4134805576391167,0.9543259710483836,0.39459523467857716
t_cell,satellite_cell,FN1,ITGB1,ECM_integrin,0.089786800072965,4.393024497833089,0.394435612302577
adipogenic FAP,t_cell,TGFB1,TGFBR1,TGFB,0.6146881844143516,0.6397271780683619,0.39323273760735794
ECM-remodeling FAP,adipocyte,TGFB1,TGFBR1,TGFB,1.3156232953849412,0.2987653398930812,0.3930626410169375
inflammatory FAP,smooth_muscle_pericyte,TGFB1,TGFBR1,TGFB,0.6903533478343598,0.5692835608480654,0.3930068120985274
b_cell,t_cell,COL1A1,ITGB1,ECM_integrin,0.10585858383917068,3.7090990054515887,0.3926399680363816
ECM-remodeling FAP,macrophage_monocyte,CCL2,CCR2,CCL,1.1049584810127602,0.3545614252886568,0.3917756539126735
t_cell,schwann_cell,FN1,ITGB1,ECM_integrin,0.089786800072965,4.344399478342586,0.3900697273990392
macrophage_monocyte,t_cell,IL6,IL6ST,IL6,0.3758630160242215,1.037456807318021,0.389941644593411
satellite_cell,adipocyte,CXCL12,CXCR4,CXCL12,1.062568632920575,0.36674943996290255,0.3896964510457679
endothelial,inflammatory FAP,TNF,TNFRSF1A,TNF,0.11880594974112618,3.278209645622694,0.38947081039872483
adipogenic FAP,homeostatic FAP,COL1A1,ITGA1,ECM_integrin,2.2287172003909954,0.17442995850948448,0.38875504879357575
schwann_cell,endothelial,TNF,TNFRSF1A,TNF,0.22263628997061602,1.7456052715481678,0.3886350814106338
macrophage_monocyte,b_cell,TNF,TNFRSF1A,TNF,1.0104381829116726,0.3844701237179918,0.3884832931934336
smooth_muscle_pericyte,macrophage_monocyte,TGFB1,TGFBR1,TGFB,0.4134805576391167,0.9385889775240909,0.38808829382058946
smooth_muscle_pericyte,ECM-remodeling FAP,COL1A1,ITGA1,ECM_integrin,1.8258434336364373,0.2122363000576248,0.3875102548395069
smooth_muscle_pericyte,schwann_cell,IL6,IL6R,IL6,1.003667665427036,0.38608520159860193,0.38750123294439537
inflammatory FAP,macrophage_monocyte,COL1A1,ITGA1,ECM_integrin,2.581875453457119,0.14999251157086438,0.3872619838271977
adipogenic FAP,inflammatory FAP,COL1A1,ITGA1,ECM_integrin,2.2287172003909954,0.17338819021585566,0.3864332418787432
macrophage_monocyte,unassigned,FN1,ITGB1,ECM_integrin,0.4486320087929504,0.857836844767653,0.38485306688471854
myonuclei_muscle_fiber,endothelial,JAG1,NOTCH1,NOTCH,0.2647498457137947,1.4521323491103546,0.3844518153829766
macrophage_monocyte,adipocyte,COL1A1,ITGA1,ECM_integrin,0.11972789169691629,3.204484386425788,0.38366615956244604
macrophage_monocyte,endothelial,COL1A1,ITGA1,ECM_integrin,0.11972789169691629,3.1919471414053064,0.3821651016484561
b_cell,satellite_cell,IL6,IL6R,IL6,0.8641135982365176,0.44215124286966034,0.3820689014408506
ECM-remodeling FAP,unassigned,COL1A1,ITGA1,ECM_integrin,4.732179975233685,0.08067536113426722,0.3817703284543253
endothelial,endothelial,PDGFB,PDGFRB,PDGF,1.1883417471033395,0.3202374231395514,0.3805514989015259
macrophage_monocyte,ECM-remodeling FAP,IL6,IL6R,IL6,0.3758630160242215,1.0115513940007823,0.3802047578126396
adipocyte,myonuclei_muscle_fiber,PDGFB,PDGFRB,PDGF,0.9269350270514369,0.4088158381685128,0.3789457200117863
b_cell,t_cell,TNF,TNFRSF1A,TNF,0.5657466031107439,0.6682549804617375,0.3780629852080645
DA-FAP,DA-FAP,CXCL12,CXCR4,CXCL12,4.561811492620522,0.08277043775050516,0.3775831341794859
schwann_cell,smooth_muscle_pericyte,PDGFB,PDGFRB,PDGF,0.09539084527738038,3.9554246786240435,0.3773113035249582
satellite_cell,homeostatic FAP,PDGFB,PDGFRB,PDGF,0.12019068950771747,3.126010886503331,0.3757174038574665
inflammatory FAP,satellite_cell,JAG1,NOTCH1,NOTCH,0.7302812365196376,0.5126798481511321,0.3744004734465088
inflammatory FAP,ECM-remodeling FAP,CXCL12,CXCR4,CXCL12,5.991529651187526,0.06247529718922101,0.3743225955759704
adipocyte,unassigned,JAG1,NOTCH1,NOTCH,0.9401707198314758,0.397996860625663,0.3741849949450971
unassigned,ECM-remodeling FAP,FN1,ITGA5,ECM_integrin,0.1305735344425986,2.8513649692564207,0.3723128020216223
ECM-remodeling FAP,smooth_muscle_pericyte,IL6,IL6ST,IL6,0.15284447196545328,2.4319811177368806,0.3717148697704464
ECM-remodeling FAP,adipocyte,IL6,IL6ST,IL6,0.15284447196545328,2.430215557697972,0.3714450136785761
schwann_cell,myonuclei_muscle_fiber,TGFB1,TGFBR1,TGFB,1.4174644919145825,0.26163699326434947,0.37086114772351014
t_cell,adipocyte,FN1,ITGB1,ECM_integrin,0.089786800072965,4.1261296884635525,0.3704719814132023
satellite_cell,myonuclei_muscle_fiber,COL1A1,ITGA1,ECM_integrin,1.2200959524676651,0.30300246315056983,0.3696920788777431
ECM-remodeling FAP,satellite_cell,WNT5A,FZD4,WNT,0.8542354563790328,0.4327330701468539,0.36965593166719773
inflammatory FAP,satellite_cell,IL6,IL6R,IL6,0.835768433075461,0.44215124286966034,0.36953605143554363
myonuclei_muscle_fiber,homeostatic FAP,TGFB1,TGFBR2,TGFB,0.07629339915116821,4.838394943281787,0.36913759665879126
smooth_muscle_pericyte,myonuclei_muscle_fiber,FN1,ITGA5,ECM_integrin,1.9898739639324414,0.18526119388187495,0.3686464262325831
DA-FAP,t_cell,JAG1,NOTCH1,NOTCH,1.0022036096703049,0.36748406365985364,0.3682938550962174
adipogenic FAP,unassigned,IL6,IL6R,IL6,0.27420289202210624,1.3421099946041897,0.3680104419322422
macrophage_monocyte,homeostatic FAP,PDGFA,PDGFRA,PDGF,0.06514546869188097,5.641947012737733,0.3675472824795573
adipocyte,inflammatory FAP,TGFB1,TGFBR1,TGFB,0.6346072104030224,0.5785103027300682,0.3671268094049366
homeostatic FAP,inflammatory FAP,CXCL12,CXCR4,CXCL12,5.067519483467946,0.07234803511119856,0.3666250775166217
schwann_cell,homeostatic FAP,IL6,IL6ST,IL6,0.07951801331927251,4.602391633259439,0.3659730391940324
macrophage_monocyte,myonuclei_muscle_fiber,IL6,IL6R,IL6,0.3758630160242215,0.9732220802046789,0.36579818632709743
adipocyte,adipocyte,IL6,IL6R,IL6,1.4125257626874013,0.25894850960117244,0.36577144102116194
b_cell,smooth_muscle_pericyte,IL6,IL6R,IL6,0.8641135982365176,0.4229797133495883,0.3655025220835635
satellite_cell,homeostatic FAP,TGFB1,TGFBR1,TGFB,0.24973409790303736,1.4632747626744356,0.36542960284078124
macrophage_monocyte,macrophage_monocyte,COL1A1,ITGB1,ECM_integrin,0.11972789169691629,3.049127603306565,0.36506561945876637
t_cell,adipocyte,COL1A1,ITGA1,ECM_integrin,0.11367776805245931,3.204484386425788,0.3642786328078381
t_cell,endothelial,COL1A1,ITGA1,ECM_integrin,0.11367776805245931,3.1919471414053064,0.362853426776383
smooth_muscle_pericyte,ECM-remodeling FAP,TNF,TNFRSF1A,TNF,0.09676041317906764,3.7461060772991934,0.36247477185208626
t_cell,inflammatory FAP,FN1,ITGB1,ECM_integrin,0.089786800072965,4.035099887545048,0.36229870687745075
schwann_cell,ECM-remodeling FAP,IL6,IL6ST,IL6,0.07951801331927251,4.552648419810252,0.36201755768443655
schwann_cell,adipogenic FAP,IL6,IL6ST,IL6,0.07951801331927251,4.551672100348742,0.3619399227004923
adipogenic FAP,satellite_cell,WNT5A,FZD4,WNT,0.8353034994231848,0.4327330701468539,0.3614634478098056
adipocyte,smooth_muscle_pericyte,TGFB1,TGFBR1,TGFB,0.6346072104030224,0.5692835608480654,0.36127145247809006
schwann_cell,smooth_muscle_pericyte,FN1,ITGA5,ECM_integrin,0.7622824903796157,0.4728178348421229,0.3604207566393513
adipogenic FAP,t_cell,COL1A1,ITGA1,ECM_integrin,2.2287172003909954,0.16117686830010314,0.359217658685594
smooth_muscle_pericyte,unassigned,IL6,IL6ST,IL6,1.003667665427036,0.3578708651745554,0.35918341577409957
schwann_cell,b_cell,CCL2,CCR2,CCL,0.9960133841222846,0.35960828336912404,0.3581746632768867
homeostatic FAP,adipogenic FAP,IL6,IL6R,IL6,0.3345602152095283,1.0645857642360976,0.356168042391829
inflammatory FAP,macrophage_monocyte,JAG1,NOTCH1,NOTCH,0.7302812365196376,0.48761209433966923,0.3560939631963038
inflammatory FAP,homeostatic FAP,CXCL12,CXCR4,CXCL12,5.991529651187526,0.05935646971589989,0.3556360482926286
adipogenic FAP,inflammatory FAP,TGFB1,TGFBR1,TGFB,0.6146881844143516,0.5785103027300682,0.3556034476501425
myonuclei_muscle_fiber,ECM-remodeling FAP,TGFB1,TGFBR2,TGFB,0.07629339915116821,4.652798541416488,0.3549778162902614
inflammatory FAP,smooth_muscle_pericyte,IL6,IL6R,IL6,0.835768433075461,0.4229797133495883,0.35351309224889305
schwann_cell,macrophage_monocyte,CCL2,CCR2,CCL,0.9960133841222846,0.3545614252886568,0.35314792508097564
unassigned,smooth_muscle_pericyte,TNF,TNFRSF1A,TNF,0.22639419998970053,1.5567120360784859,0.35243057602232664
DA-FAP,b_cell,JAG1,NOTCH1,NOTCH,1.0022036096703049,0.3512957475548897,0.3520698662613386
satellite_cell,adipocyte,PDGFA,PDGFRA,PDGF,1.3906269159579585,0.2518612025716909,0.3502449673817332
adipogenic FAP,smooth_muscle_pericyte,TGFB1,TGFBR1,TGFB,0.6146881844143516,0.5692835608480654,0.34993187843463436
adipocyte,b_cell,IL6,IL6R,IL6,1.4125257626874013,0.24759931701419544,0.34974041410635603
adipocyte,schwann_cell,COL1A1,ITGA1,ECM_integrin,0.6058540047639327,0.5762382303029131,0.34911623952710125
homeostatic FAP,adipogenic FAP,TGFB1,TGFBR1,TGFB,0.33921461922644935,1.0267164545353906,0.34827723117875264
myonuclei_muscle_fiber,homeostatic FAP,PDGFB,PDGFRB,PDGF,0.11128408945066876,3.126010886503331,0.347875275117401
endothelial,adipogenic FAP,TNF,TNFRSF1A,TNF,0.11880594974112618,2.9271042802307075,0.34775740400412475
myonuclei_muscle_fiber,t_cell,FN1,ITGA5,ECM_integrin,0.8348231573330259,0.416285548080337,0.3475248156005361
homeostatic FAP,t_cell,IL6,IL6ST,IL6,0.3345602152095283,1.037456807318021,0.3470917727269072
inflammatory FAP,homeostatic FAP,PDGFA,PDGFRA,PDGF,0.06146935868023552,5.641947012737733,0.346806864580859
t_cell,macrophage_monocyte,COL1A1,ITGB1,ECM_integrin,0.11367776805245931,3.049127603306565,0.3466180204510349
schwann_cell,smooth_muscle_pericyte,TNF,TNFRSF1A,TNF,0.22263628997061602,1.5567120360784859,0.34658059226511784
smooth_muscle_pericyte,unassigned,TGFB1,TGFBR1,TGFB,0.4134805576391167,0.8360977593507618,0.34571016777716895
schwann_cell,ECM-remodeling FAP,PDGFB,PDGFRB,PDGF,0.09539084527738038,3.6235286932111044,0.3456514649322488
satellite_cell,adipogenic FAP,COL1A1,ITGA1,ECM_integrin,1.2200959524676651,0.28324564235193234,0.3455868617876965
adipocyte,t_cell,JAG1,NOTCH1,NOTCH,0.9401707198314758,0.36748406365985364,0.3454977566576805
b_cell,homeostatic FAP,FN1,ITGB1,ECM_integrin,0.06194349060138232,5.5723345420717365,0.3451698523345787
homeostatic FAP,DA-FAP,TGFB1,TGFBR1,TGFB,0.33921461922644935,1.0170521028081556,0.3449989417875281
smooth_muscle_pericyte,b_cell,TGFB1,TGFBR2,TGFB,0.4134805576391167,0.832618945062632,0.34427174570539015
ECM-remodeling FAP,myonuclei_muscle_fiber,TGFB1,TGFBR1,TGFB,1.3156232953849412,0.26163699326434947,0.3442157232730511
ECM-remodeling FAP,schwann_cell,IL6,IL6ST,IL6,0.15284447196545328,2.2510696756694233,0.34406355593513716
smooth_muscle_pericyte,b_cell,FN1,ITGA5,ECM_integrin,1.9898739639324414,0.1729038548259379,0.3440568789816884
satellite_cell,t_cell,TGFB1,TGFBR2,TGFB,0.24973409790303736,1.37096690353889,0.34237718291020514
inflammatory FAP,satellite_cell,WNT5A,FZD4,WNT,0.7911889782714617,0.4327330701468539,0.3423736356337621
DA-FAP,myonuclei_muscle_fiber,TGFB1,TGFBR2,TGFB,0.7028314625836879,0.48672930596096875,0.342088669990891
adipocyte,endothelial,IL6,IL6R,IL6,1.4125257626874013,0.24184808126642582,0.3416166454453427
satellite_cell,endothelial,PDGFA,PDGFRA,PDGF,1.3906269159579585,0.24524814268320855,0.3410486683039677
unassigned,satellite_cell,TNF,TNFRSF1A,TNF,0.22639419998970053,1.5008126089791556,0.3397752699442912
b_cell,adipocyte,COL1A1,ITGA1,ECM_integrin,0.10585858383917068,3.204484386425788,0.3392221790817677
ECM-remodeling FAP,t_cell,CCL2,CCR2,CCL,1.1049584810127602,0.30653437922087573,0.33870776204208825
homeostatic FAP,ECM-remodeling FAP,IL6,IL6R,IL6,0.3345602152095283,1.0115513940007823,0.3384248520724001
b_cell,endothelial,COL1A1,ITGA1,ECM_integrin,0.10585858383917068,3.1919471414053064,0.33789500407865486
adipocyte,homeostatic FAP,TNF,TNFRSF1A,TNF,0.1614008757144908,2.0915663183626334,0.3375806353986625
satellite_cell,adipogenic FAP,IL6,IL6R,IL6,0.3163287741599974,1.0645857642360976,0.33675910978898876
myonuclei_muscle_fiber,inflammatory FAP,TGFB1,TGFBR2,TGFB,0.07629339915116821,4.406268363871525,0.33616919105201515
inflammatory FAP,myonuclei_muscle_fiber,TGFB1,TGFBR2,TGFB,0.6903533478343598,0.48672930596096875,0.33601520585924916
endothelial,myonuclei_muscle_fiber,FN1,ITGA5,ECM_integrin,1.8115180661655428,0.18526119388187495,0.3356039996764138
satellite_cell,ECM-remodeling FAP,TGFB1,TGFBR1,TGFB,0.24973409790303736,1.3425599544521776,0.33528299910585746
adipogenic FAP,macrophage_monocyte,COL1A1,ITGA1,ECM_integrin,2.2287172003909954,0.14999251157086438,0.33429089046783084
schwann_cell,satellite_cell,TNF,TNFRSF1A,TNF,0.22263628997061602,1.5008126089791556,0.33413535120424004
b_cell,schwann_cell,IL6,IL6R,IL6,0.8641135982365176,0.38608520159860193,0.3336214727792392
t_cell,t_cell,FN1,ITGB1,ECM_integrin,0.089786800072965,3.7090990054515887,0.3330281308533151
inflammatory FAP,schwann_cell,JAG1,NOTCH1,NOTCH,0.7302812365196376,0.45598061952044994,0.3329940906523846
t_cell,smooth_muscle_pericyte,PDGFB,PDGFRB,PDGF,0.08350427351246759,3.9554246786240435,0.33029486422178633
adipocyte,b_cell,JAG1,NOTCH1,NOTCH,0.9401707198314758,0.3512957475548897,0.330277975852417
DA-FAP,inflammatory FAP,CXCL12,CXCR4,CXCL12,4.561811492620522,0.07234803511119856,0.3300380980387786
satellite_cell,DA-FAP,PDGFB,PDGFRB,PDGF,0.12019068950771747,2.7422841587699134,0.32959702386864687
b_cell,ECM-remodeling FAP,FN1,ITGB1,ECM_integrin,0.06194349060138232,5.318346942231802,0.32943697383102605
satellite_cell,t_cell,IL6,IL6ST,IL6,0.3163287741599974,1.037456807318021,0.3281774401028542
homeostatic FAP,myonuclei_muscle_fiber,IL6,IL6R,IL6,0.3345602152095283,0.9732220802046789,0.3256013885999422
homeostatic FAP,schwann_cell,TGFB1,TGFBR2,TGFB,0.33921461922644935,0.9543259710483836,0.32372132088708894
b_cell,macrophage_monocyte,COL1A1,ITGB1,ECM_integrin,0.10585858383917068,3.049127603306565,0.32277633003095757
inflammatory FAP,schwann_cell,IL6,IL6R,IL6,0.835768433075461,0.38608520159860193,0.322677823973687
endothelial,schwann_cell,COL1A1,ITGA1,ECM_integrin,0.5593944596856071,0.5762382303029131,0.3223444734904885
b_cell,adipogenic FAP,PDGFA,PDGFRA,PDGF,0.07200611936523879,4.462824316639407,0.32135066045002736
DA-FAP,unassigned,TGFB1,TGFBR2,TGFB,0.7028314625836879,0.45544096789429533,0.320098241585678
satellite_cell,ECM-remodeling FAP,IL6,IL6R,IL6,0.3163287741599974,1.0115513940007823,0.319982812464104
adipogenic FAP,DA-FAP,CXCL12,CXCR4,CXCL12,3.8582370371223336,0.08277043775050516,0.3193479685078276
smooth_muscle_pericyte,homeostatic FAP,COL1A1,ITGA1,ECM_integrin,1.8258434336364373,0.17442995850948448,0.3184817943740184
homeostatic FAP,macrophage_monocyte,TGFB1,TGFBR1,TGFB,0.33921461922644935,0.9385889775240909,0.3183831026209769
myonuclei_muscle_fiber,satellite_cell,PDGFA,PDGFRA,PDGF,0.4475695461395059,0.7112091804838089,0.31831557011938827
b_cell,smooth_muscle_pericyte,FN1,ITGB1,ECM_integrin,0.06194349060138232,5.132820103737006,0.3179447938544195
schwann_cell,t_cell,FN1,ITGA5,ECM_integrin,0.7622824903796157,0.416285548080337,0.31732718429972256
smooth_muscle_pericyte,inflammatory FAP,TNF,TNFRSF1A,TNF,0.09676041317906764,3.278209645622694,0.31720091979805676
homeostatic FAP,ECM-remodeling FAP,CXCL12,CXCR4,CXCL12,5.067519483467946,0.06247529718922101,0.31659478574182764
smooth_muscle_pericyte,inflammatory FAP,COL1A1,ITGA1,ECM_integrin,1.8258434336364373,0.17338819021585566,0.3165796885757256
smooth_muscle_pericyte,t_cell,IL6,IL6R,IL6,1.003667665427036,0.314692399686627,0.3158465861211086
macrophage_monocyte,adipocyte,PDGFB,PDGFRB,PDGF,0.37405053735201593,0.8428111834299699,0.3152539760482687
inflammatory FAP,unassigned,TGFB1,TGFBR2,TGFB,0.6903533478343598,0.45544096789429533,0.31441519692674796
unassigned,schwann_cell,TNF,TNFRSF1A,TNF,0.22639419998970053,1.3850017017767406,0.313556352258119
endothelial,b_cell,FN1,ITGA5,ECM_integrin,1.8115180661655428,0.1729038548259379,0.3132184567268508
macrophage_monocyte,DA-FAP,IL6,IL6R,IL6,0.3758630160242215,0.8317403462815625,0.31262043510241844
adipocyte,unassigned,TNF,TNFRSF1A,TNF,0.1614008757144908,1.9333877306720861,0.3120504728261268
satellite_cell,inflammatory FAP,PDGFB,PDGFRB,PDGF,0.12019068950771747,2.5891315593267925,0.3111895073416789
t_cell,homeostatic FAP,PDGFA,PDGFRA,PDGF,0.055103555814550814,5.641947012737733,0.3108913421191319
unassigned,adipogenic FAP,FN1,ITGA5,ECM_integrin,0.1305735344425986,2.380264850699271,0.31079959446528804
endothelial,macrophage_monocyte,TNF,TNFRSF1A,TNF,0.11880594974112618,2.609839413632586,0.31006445020844325
b_cell,unassigned,IL6,IL6ST,IL6,0.8641135982365176,0.3578708651745554,0.3092410810100007
inflammatory FAP,smooth_muscle_pericyte,JAG1,NOTCH1,NOTCH,0.7302812365196376,0.4233719222603423,0.30918057089597867
adipocyte,myonuclei_muscle_fiber,TGFB1,TGFBR2,TGFB,0.6346072104030224,0.48672930596096875,0.30888192707728956
schwann_cell,schwann_cell,TNF,TNFRSF1A,TNF,0.22263628997061602,1.3850017017767406,0.3083516404865631
smooth_muscle_pericyte,b_cell,TGFB1,TGFBR1,TGFB,0.4134805576391167,0.7456882248829969,0.3083275830495446
satellite_cell,myonuclei_muscle_fiber,IL6,IL6R,IL6,0.3163287741599974,0.9732220802046789,0.30785814761658875
endothelial,schwann_cell,PDGFB,PDGFRB,PDGF,1.1883417471033395,0.258392576201786,0.3070586854421632
b_cell,ECM-remodeling FAP,PDGFA,PDGFRA,PDGF,0.07200611936523879,4.249269562692163,0.3059734113462879
schwann_cell,t_cell,CCL2,CCR2,CCL,0.9960133841222846,0.30653437922087573,0.3053123443976081
myonuclei_muscle_fiber,DA-FAP,PDGFB,PDGFRB,PDGF,0.11128408945066876,2.7422841587699134,0.30517259562370297
t_cell,ECM-remodeling FAP,PDGFB,PDGFRB,PDGF,0.08350427351246759,3.6235286932111044,0.30258013107817433
homeostatic FAP,homeostatic FAP,CXCL12,CXCR4,CXCL12,5.067519483467946,0.05935646971589989,0.30079006675519776
endothelial,DA-FAP,TNF,TNFRSF1A,TNF,0.11880594974112618,2.522350703182164,0.29967027087175446
adipogenic FAP,myonuclei_muscle_fiber,TGFB1,TGFBR2,TGFB,0.6146881844143516,0.48672930596096875,0.2991867533824053
inflammatory FAP,unassigned,IL6,IL6ST,IL6,0.835768433075461,0.3578708651745554,0.29909717223029775
schwann_cell,homeostatic FAP,PDGFB,PDGFRB,PDGF,0.09539084527738038,3.126010886503331,0.29819282080984594
adipocyte,endothelial,PDGFB,PDGFRB,PDGF,0.9269350270514369,0.3202374231395514,0.29683928448074254
smooth_muscle_pericyte,t_cell,COL1A1,ITGA1,ECM_integrin,1.8258434336364373,0.16117686830010314,0.29428372663982816
smooth_muscle_pericyte,myonuclei_muscle_fiber,PDGFA,PDGFRA,PDGF,0.8682712693446457,0.33798758415781355,0.29346490871943504
adipocyte,satellite_cell,COL1A1,ITGA1,ECM_integrin,0.6058540047639327,0.48204560144123576,0.29204925811201127
adipogenic FAP,adipogenic FAP,IL6,IL6R,IL6,0.27420289202210624,1.0645857642360976,0.29191249535910213
schwann_cell,adipocyte,JAG1,NOTCH1,NOTCH,0.3661447942916008,0.7962493321094488,0.29154254791003864
endothelial,endothelial,TGFB1,TGFBR1,TGFB,0.9017331634870771,0.32246654108137585,0.29077877420804454
macrophage_monocyte,adipogenic FAP,PDGFA,PDGFRA,PDGF,0.06514546869188097,4.462824316639407,0.2907327817969975
inflammatory FAP,unassigned,JAG1,NOTCH1,NOTCH,0.7302812365196376,0.397996860625663,0.29064963950864303
b_cell,inflammatory FAP,PDGFA,PDGFRA,PDGF,0.07200611936523879,4.02084828846314,0.28952568180859295
adipocyte,unassigned,TGFB1,TGFBR2,TGFB,0.6346072104030224,0.45544096789429533,0.28902612213865125
myonuclei_muscle_fiber,inflammatory FAP,PDGFB,PDGFRB,PDGF,0.11128408945066876,2.5891315593267925,0.28812914804767226
b_cell,myonuclei_muscle_fiber,TNF,TNFRSF1A,TNF,0.5657466031107439,0.5082156347380845,0.28752126900084185
satellite_cell,adipogenic FAP,PDGFB,PDGFRB,PDGF,0.12019068950771747,2.3860566423544025,0.2867817930490449
DA-FAP,ECM-remodeling FAP,CXCL12,CXCR4,CXCL12,4.561811492620522,0.06247529718922101,0.285000528722671
adipogenic FAP,t_cell,IL6,IL6ST,IL6,0.27420289202210624,1.037456807318021,0.2844736569146224
myonuclei_muscle_fiber,endothelial,CXCL12,CXCR4,CXCL12,1.1398234272417804,0.2488465338662752,0.28364110908869555
homeostatic FAP,unassigned,TGFB1,TGFBR1,TGFB,0.33921461922644935,0.8360977593507618,0.28361658307425613
smooth_muscle_pericyte,adipogenic FAP,TNF,TNFRSF1A,TNF,0.09676041317906764,2.9271042802307075,0.28322781957334064
macrophage_monocyte,b_cell,IL6,IL6ST,IL6,0.3758630160242215,0.7521923520603448,0.28272128607575425
t_cell,b_cell,CXCL12,CXCR4,CXCL12,0.04137666252763046,6.832470813084927,0.28270483906289995
homeostatic FAP,b_cell,TGFB1,TGFBR2,TGFB,0.33921461922644935,0.832618945062632,0.28243651841014866
macrophage_monocyte,adipocyte,FN1,ITGA5,ECM_integrin,0.4486320087929504,0.629206017470737,0.282281959562509
adipocyte,endothelial,TNF,TNFRSF1A,TNF,0.1614008757144908,1.7456052715481678,0.2817422194797058
t_cell,t_cell,CXCL12,CXCR4,CXCL12,0.04137666252763046,6.796764908230814,0.2812274478875076
b_cell,adipogenic FAP,FN1,ITGB1,ECM_integrin,0.06194349060138232,4.522645376743493,0.2801484413876958
adipogenic FAP,unassigned,TGFB1,TGFBR2,TGFB,0.6146881844143516,0.45544096789429533,0.2799541816628594
adipogenic FAP,inflammatory FAP,CXCL12,CXCR4,CXCL12,3.8582370371223336,0.07234803511119856,0.27913586862905326
homeostatic FAP,DA-FAP,IL6,IL6R,IL6,0.3345602152095283,0.8317403462815625,0.2782672292504071
schwann_cell,DA-FAP,IL6,IL6ST,IL6,0.07951801331927251,3.4882311781724638,0.27737721328661963
adipogenic FAP,ECM-remodeling FAP,IL6,IL6R,IL6,0.27420289202210624,1.0115513940007823,0.27737031766400755
myonuclei_muscle_fiber,schwann_cell,FN1,ITGA5,ECM_integrin,0.8348231573330259,0.33218559188741703,0.2773162246399935
macrophage_monocyte,ECM-remodeling FAP,PDGFA,PDGFRA,PDGF,0.06514546869188097,4.249269562692163,0.27682065725972504
DA-FAP,satellite_cell,PDGFA,PDGFRA,PDGF,0.386583885416965,0.7112091804838089,0.27494200833564636
schwann_cell,smooth_muscle_pericyte,PDGFA,PDGFRA,PDGF,0.5598983109884971,0.4910047815420876,0.2749127478726908
inflammatory FAP,adipogenic FAP,PDGFA,PDGFRA,PDGF,0.06146935868023552,4.462824316639407,0.2743269486463847
b_cell,endothelial,FN1,ITGB1,ECM_integrin,0.06194349060138232,4.425693832684405,0.2741429243294821
smooth_muscle_pericyte,macrophage_monocyte,COL1A1,ITGA1,ECM_integrin,1.8258434336364373,0.14999251157086438,0.2738628423463001
b_cell,DA-FAP,FN1,ITGB1,ECM_integrin,0.06194349060138232,4.420436156664212,0.2738172455243402
t_cell,macrophage_monocyte,FN1,ITGB1,ECM_integrin,0.089786800072965,3.049127603306565,0.2737714105150455
b_cell,satellite_cell,FN1,ITGB1,ECM_integrin,0.06194349060138232,4.393024497833089,0.27211927169316624
b_cell,t_cell,IL6,IL6R,IL6,0.8641135982365176,0.314692399686627,0.2719299818308956
adipocyte,myonuclei_muscle_fiber,FN1,ITGA5,ECM_integrin,1.46549935968949,0.18526119388187495,0.2715001610091982
adipocyte,DA-FAP,CXCL12,CXCR4,CXCL12,3.2737876416489753,0.08277043775050516,0.2709728362014796
DA-FAP,homeostatic FAP,CXCL12,CXCR4,CXCL12,4.561811492620522,0.05935646971589989,0.27077302571137407
endothelial,satellite_cell,COL1A1,ITGA1,ECM_integrin,0.5593944596856071,0.48204560144123576,0.26965363876204357
smooth_muscle_pericyte,schwann_cell,TGFB1,TGFBR1,TGFB,0.4134805576391167,0.6518580516666832,0.2695306307046883
smooth_muscle_pericyte,satellite_cell,TGFB1,TGFBR1,TGFB,0.4134805576391167,0.6517209903725698,0.26947395852436756
endothelial,adipocyte,TGFB1,TGFBR1,TGFB,0.9017331634870771,0.2987653398930812,0.2694066150820799
b_cell,schwann_cell,FN1,ITGB1,ECM_integrin,0.06194349060138232,4.344399478342586,0.26910726825536424
macrophage_monocyte,smooth_muscle_pericyte,CXCL12,CXCR4,CXCL12,0.6767710308881131,0.39692406930879404,0.2686267115704174
inflammatory FAP,t_cell,JAG1,NOTCH1,NOTCH,0.7302812365196376,0.36748406365985364,0.26836671641077914
adipogenic FAP,myonuclei_muscle_fiber,IL6,IL6R,IL6,0.27420289202210624,0.9732220802046789,0.26686030897189317
myonuclei_muscle_fiber,adipogenic FAP,PDGFB,PDGFRB,PDGF,0.11128408945066876,2.3860566423544025,0.26553014082212967
smooth_muscle_pericyte,myonuclei_muscle_fiber,JAG1,NOTCH1,NOTCH,2.081053377974546,0.127434295982386,0.26519757212395256
macrophage_monocyte,adipocyte,JAG1,NOTCH1,NOTCH,0.33224684850803393,0.7962493321094488,0.26455133121999125
smooth_muscle_pericyte,t_cell,TGFB1,TGFBR1,TGFB,0.4134805576391167,0.6397271780683619,0.26451475032460475
satellite_cell,endothelial,CXCL12,CXCR4,CXCL12,1.062568632920575,0.2488465338662752,0.26441652129731164
satellite_cell,DA-FAP,IL6,IL6R,IL6,0.3163287741599974,0.8317403462815625,0.2631034041586584
inflammatory FAP,t_cell,IL6,IL6R,IL6,0.835768433075461,0.314692399686627,0.2630099737868489
b_cell,DA-FAP,PDGFA,PDGFRA,PDGF,0.07200611936523879,3.6486532997414245,0.2627253650235534
b_cell,b_cell,CXCL12,CXCR4,CXCL12,0.03839879988282142,6.832470813084927,0.26235867945686625
schwann_cell,endothelial,IL6,IL6ST,IL6,0.07951801331927251,3.298850720621392,0.26231805554066356
ECM-remodeling FAP,myonuclei_muscle_fiber,IL6,IL6ST,IL6,0.15284447196545328,1.7159025138850577,0.26226621367895553
macrophage_monocyte,inflammatory FAP,PDGFA,PDGFRA,PDGF,0.06514546869188097,4.02084828846314,0.26194004629087864
schwann_cell,DA-FAP,PDGFB,PDGFRB,PDGF,0.09539084527738038,2.7422841587699134,0.26158880389583206
schwann_cell,satellite_cell,IL6,IL6ST,IL6,0.07951801331927251,3.285703968686027,0.2612726519451621
adipocyte,DA-FAP,COL1A1,ITGA1,ECM_integrin,0.6058540047639327,0.4312271655258082,0.2612607051968102
inflammatory FAP,ECM-remodeling FAP,PDGFA,PDGFRA,PDGF,0.06146935868023552,4.249269562692163,0.2611998748781321
t_cell,homeostatic FAP,PDGFB,PDGFRB,PDGF,0.08350427351246759,3.126010886503331,0.26103526806952543
b_cell,t_cell,CXCL12,CXCR4,CXCL12,0.03839879988282142,6.796764908230814,0.2609876155617381
schwann_cell,inflammatory FAP,IL6,IL6ST,IL6,0.07951801331927251,3.2739799276040427,0.26034037949024913
smooth_muscle_pericyte,adipocyte,IL6,IL6R,IL6,1.003667665427036,0.25894850960117244,0.2598982460972192
ECM-remodeling FAP,satellite_cell,PDGFA,PDGFRA,PDGF,0.3646809216853234,0.7112091804838089,0.25936441944989896
satellite_cell,ECM-remodeling FAP,COL1A1,ITGA1,ECM_integrin,1.2200959524676651,0.2122363000576248,0.2589486506670209
inflammatory FAP,b_cell,JAG1,NOTCH1,NOTCH,0.7302812365196376,0.3512957475548897,0.2565446929084753
satellite_cell,adipogenic FAP,TGFB1,TGFBR1,TGFB,0.24973409790303736,1.0267164545353906,0.2564061075756006
t_cell,ECM-remodeling FAP,FN1,ITGA5,ECM_integrin,0.089786800072965,2.8513649692564207,0.2560149364296822
b_cell,adipocyte,FN1,ITGB1,ECM_integrin,0.06194349060138232,4.1261296884635525,0.25558687557742665
satellite_cell,DA-FAP,TGFB1,TGFBR1,TGFB,0.24973409790303736,1.0170521028081556,0.25399258941518194
adipocyte,b_cell,FN1,ITGA5,ECM_integrin,1.46549935968949,0.1729038548259379,0.25339048853525653
schwann_cell,schwann_cell,FN1,ITGA5,ECM_integrin,0.7622824903796157,0.33218559188741703,0.2532192602521669
macrophage_monocyte,unassigned,FN1,ITGA5,ECM_integrin,0.4486320087929504,0.5643712961462256,0.2531950282951623
homeostatic FAP,b_cell,TGFB1,TGFBR1,TGFB,0.33921461922644935,0.7456882248829969,0.2529483472653327
smooth_muscle_pericyte,macrophage_monocyte,TNF,TNFRSF1A,TNF,0.09676041317906764,2.609839413632586,0.25252913999410465
macrophage_monocyte,inflammatory FAP,IL6,IL6R,IL6,0.3758630160242215,0.6704619881926974,0.25200186501170324
homeostatic FAP,b_cell,IL6,IL6ST,IL6,0.3345602152095283,0.7521923520603448,0.25165363518427025
schwann_cell,unassigned,COL1A1,ITGB1,ECM_integrin,0.29332353540737777,0.857836844767653,0.25162373610995786
adipocyte,smooth_muscle_pericyte,TNF,TNFRSF1A,TNF,0.1614008757144908,1.5567120360784859,0.2512546858583556
myonuclei_muscle_fiber,DA-FAP,TGFB1,TGFBR2,TGFB,0.07629339915116821,3.282614513541934,0.2504418193410726
b_cell,inflammatory FAP,FN1,ITGB1,ECM_integrin,0.06194349060138232,4.035099887545048,0.24994817195978555
endothelial,DA-FAP,CXCL12,CXCR4,CXCL12,3.0110058996400517,0.08277043775050516,0.2492222763825607
smooth_muscle_pericyte,b_cell,IL6,IL6R,IL6,1.003667665427036,0.24759931701419544,0.24850742846896612
endothelial,homeostatic FAP,TNF,TNFRSF1A,TNF,0.11880594974112618,2.0915663183626334,0.24849052289962334
macrophage_monocyte,adipocyte,CXCL12,CXCR4,CXCL12,0.6767710308881131,0.36674943996290255,0.2482053965613317
inflammatory FAP,inflammatory FAP,PDGFA,PDGFRA,PDGF,0.06146935868023552,4.02084828846314,0.24715896564235182
ECM-remodeling FAP,myonuclei_muscle_fiber,JAG1,NOTCH1,NOTCH,1.9390346812954538,0.127434295982386,0.24709951949631637
schwann_cell,inflammatory FAP,PDGFB,PDGFRB,PDGF,0.09539084527738038,2.5891315593267925,0.24697944797852467
t_cell,adipogenic FAP,PDGFA,PDGFRA,PDGF,0.055103555814550814,4.462824316639407,0.24591748882247413
myonuclei_muscle_fiber,unassigned,COL1A1,ITGB1,ECM_integrin,0.28618714599343914,0.857836844767653,0.2455018783320715
myonuclei_muscle_fiber,adipogenic FAP,CXCL12,CXCR4,CXCL12,1.1398234272417804,0.2150682846930639,0.24513986934985904
smooth_muscle_pericyte,DA-FAP,TNF,TNFRSF1A,TNF,0.09676041317906764,2.522350703182164,0.24406369622241797
smooth_muscle_pericyte,endothelial,IL6,IL6R,IL6,1.003667665427036,0.24184808126642582,0.24273509911268168
adipocyte,satellite_cell,TNF,TNFRSF1A,TNF,0.1614008757144908,1.5008126089791556,0.24223246937258536
endothelial,DA-FAP,COL1A1,ITGA1,ECM_integrin,0.5593944596856071,0.4312271655258082,0.24122608726106531
adipogenic FAP,ECM-remodeling FAP,CXCL12,CXCR4,CXCL12,3.8582370371223336,0.06247529718922101,0.24104450552067733
adipocyte,schwann_cell,PDGFB,PDGFRB,PDGF,0.9269350270514369,0.258392576201786,0.23951312961149301
smooth_muscle_pericyte,inflammatory FAP,TGFB1,TGFBR1,TGFB,0.4134805576391167,0.5785103027300682,0.2392027625728028
ECM-remodeling FAP,macrophage_monocyte,IL6,IL6R,IL6,0.15284447196545328,1.564121644357306,0.23906734682152894
smooth_muscle_pericyte,adipogenic FAP,WNT5A,FZD4,WNT,0.14397923188975187,1.6561963175184302,0.23845787365493917
satellite_cell,schwann_cell,TGFB1,TGFBR2,TGFB,0.24973409790303736,0.9543259710483836,0.23832773548520822
satellite_cell,b_cell,IL6,IL6ST,IL6,0.3163287741599974,0.7521923520603448,0.23794008465977406
macrophage_monocyte,DA-FAP,PDGFA,PDGFRA,PDGF,0.06514546869188097,3.6486532997414245,0.23769322930583314
ECM-remodeling FAP,macrophage_monocyte,IL6,IL6ST,IL6,0.15284447196545328,1.5515375768589044,0.23714394166955813
adipocyte,inflammatory FAP,CXCL12,CXCR4,CXCL12,3.2737876416489753,0.07234803511119856,0.23685210324462797
endothelial,myonuclei_muscle_fiber,TGFB1,TGFBR1,TGFB,0.9017331634870771,0.26163699326434947,0.23592675362150894
unassigned,b_cell,FN1,ITGB1,ECM_integrin,0.1305735344425986,1.802859462964509,0.2354057321825611
smooth_muscle_pericyte,smooth_muscle_pericyte,TGFB1,TGFBR1,TGFB,0.4134805576391167,0.5692835608480654,0.2353876841942401
smooth_muscle_pericyte,DA-FAP,JAG1,NOTCH1,NOTCH,2.081053377974546,0.11265708957384714,0.2344454168104356
satellite_cell,macrophage_monocyte,TGFB1,TGFBR1,TGFB,0.24973409790303736,0.9385889775240909,0.23439767160371303
t_cell,ECM-remodeling FAP,PDGFA,PDGFRA,PDGF,0.055103555814550814,4.249269562692163,0.23414986251887954
schwann_cell,myonuclei_muscle_fiber,SPP1,CD44,SPP1,1.0647965528538763,0.2192239257680664,0.2334288804609312
unassigned,adipocyte,TNF,TNFRSF1A,TNF,0.22639419998970053,1.0304555448563801,0.23328915870271116
b_cell,t_cell,FN1,ITGB1,ECM_integrin,0.06194349060138232,3.7090990054515887,0.229754539383787
endothelial,unassigned,TNF,TNFRSF1A,TNF,0.11880594974112618,1.9333877306720861,0.22969796556033786
schwann_cell,adipocyte,TNF,TNFRSF1A,TNF,0.22263628997061602,1.0304555448563801,0.22941679948647417
adipogenic FAP,homeostatic FAP,CXCL12,CXCR4,CXCL12,3.8582370371223336,0.05935646971589989,0.22901132985071512
t_cell,DA-FAP,PDGFB,PDGFRB,PDGF,0.08350427351246759,2.7422841587699134,0.22899244644282993
satellite_cell,adipogenic FAP,CXCL12,CXCR4,CXCL12,1.062568632920575,0.2150682846930639,0.22852481325088195
myonuclei_muscle_fiber,satellite_cell,FN1,ITGA5,ECM_integrin,0.8348231573330259,0.2736609232921634,0.22845847602143488
adipogenic FAP,DA-FAP,IL6,IL6R,IL6,0.27420289202210624,0.8317403462815625,0.22806560836187253
macrophage_monocyte,smooth_muscle_pericyte,COL1A1,ITGA1,ECM_integrin,0.11972789169691629,1.9022581954484825,0.22775336320422734
schwann_cell,adipogenic FAP,PDGFB,PDGFRB,PDGF,0.09539084527738038,2.3860566423544025,0.22760795999389455
myonuclei_muscle_fiber,endothelial,TGFB1,TGFBR2,TGFB,0.07629339915116821,2.9821270846822783,0.22751661199117468
DA-FAP,endothelial,TGFB1,TGFBR1,TGFB,0.7028314625836879,0.32246654108137585,0.22663963070252627
homeostatic FAP,inflammatory FAP,IL6,IL6R,IL6,0.3345602152095283,0.6704619881926974,0.22430990705955706
inflammatory FAP,DA-FAP,PDGFA,PDGFRA,PDGF,0.06146935868023552,3.6486532997414245,0.2242803783816305
b_cell,adipocyte,IL6,IL6R,IL6,0.8641135982365176,0.25894850960117244,0.22376092838945252
adipocyte,schwann_cell,TNF,TNFRSF1A,TNF,0.1614008757144908,1.3850017017767406,0.22354048753282596
smooth_muscle_pericyte,homeostatic FAP,WNT5A,FZD4,WNT,0.14397923188975187,1.5486852012099066,0.22297850570922817
inflammatory FAP,endothelial,TGFB1,TGFBR1,TGFB,0.6903533478343598,0.32246654108137585,0.22261585620009391
t_cell,inflammatory FAP,PDGFA,PDGFRA,PDGF,0.055103555814550814,4.02084828846314,0.22156303808516972
endothelial,satellite_cell,PDGFA,PDGFRA,PDGF,0.31131382140999975,0.7112091804838089,0.22140924779828874
ECM-remodeling FAP,homeostatic FAP,IL6,IL6R,IL6,0.15284447196545328,1.447118863448856,0.2211841185550873
homeostatic FAP,schwann_cell,TGFB1,TGFBR1,TGFB,0.33921461922644935,0.6518580516666832,0.2211197807858091
homeostatic FAP,satellite_cell,TGFB1,TGFBR1,TGFB,0.33921461922644935,0.6517209903725698,0.22107328759111575
myonuclei_muscle_fiber,smooth_muscle_pericyte,PDGFA,PDGFRA,PDGF,0.4475695461395059,0.4910047815420876,0.2197587872271194
smooth_muscle_pericyte,endothelial,WNT5A,FZD4,WNT,0.14397923188975187,1.5214582465992588,0.21905838969768995
smooth_muscle_pericyte,adipocyte,PDGFA,PDGFRA,PDGF,0.8682712693446457,0.2518612025716909,0.21868384605559102
ECM-remodeling FAP,DA-FAP,JAG1,NOTCH1,NOTCH,1.9390346812954538,0.11265708957384714,0.21844600377749807
endothelial,inflammatory FAP,CXCL12,CXCR4,CXCL12,3.0110058996400517,0.07234803511119856,0.21784036054718445
b_cell,b_cell,TNF,TNFRSF1A,TNF,0.5657466031107439,0.3844701237179918,0.2175126664910213
macrophage_monocyte,schwann_cell,SPP1,CD44,SPP1,0.1802246025694198,1.2064954544612572,0.2174401637820916
homeostatic FAP,t_cell,TGFB1,TGFBR1,TGFB,0.33921461922644935,0.6397271780683619,0.21700481111727032
inflammatory FAP,adipocyte,IL6,IL6R,IL6,0.835768433075461,0.25894850960117244,0.21642099011659785
t_cell,smooth_muscle_pericyte,COL1A1,ITGA1,ECM_integrin,0.11367776805245931,1.9022581954484825,0.2162444659180824
t_cell,inflammatory FAP,PDGFB,PDGFRB,PDGF,0.08350427351246759,2.5891315593267925,0.21620354988978618
macrophage_monocyte,b_cell,COL1A1,ITGB1,ECM_integrin,0.11972789169691629,1.802859462964509,0.2158525625265754
smooth_muscle_pericyte,adipocyte,PDGFB,PDGFRB,PDGF,0.2547225184263724,0.8428111834299699,0.21468298720119322
b_cell,b_cell,IL6,IL6R,IL6,0.8641135982365176,0.24759931701419544,0.21395393674604063
t_cell,adipogenic FAP,FN1,ITGA5,ECM_integrin,0.089786800072965,2.380264850699271,0.21371636427044133
ECM-remodeling FAP,DA-FAP,CXCL12,CXCR4,CXCL12,2.576647371235875,0.08277043775050516,0.21327023084588173
smooth_muscle_pericyte,endothelial,PDGFA,PDGFRA,PDGF,0.8682712693446457,0.24524814268320855,0.21294191615196628
satellite_cell,homeostatic FAP,COL1A1,ITGA1,ECM_integrin,1.2200959524676651,0.17442995850948448,0.21282128636652478
homeostatic FAP,satellite_cell,PDGFA,PDGFRA,PDGF,0.2984734361435038,0.7112091804838089,0.2122770479158078
unassigned,myonuclei_muscle_fiber,FN1,ITGB1,ECM_integrin,0.1305735344425986,1.624832279599497,0.2121600936237309
macrophage_monocyte,smooth_muscle_pericyte,FN1,ITGA5,ECM_integrin,0.4486320087929504,0.4728178348421229,0.21212121503835507
satellite_cell,inflammatory FAP,IL6,IL6R,IL6,0.3163287741599974,0.6704619881926974,0.21208641884587062
satellite_cell,inflammatory FAP,COL1A1,ITGA1,ECM_integrin,1.2200959524676651,0.17338819021585566,0.21155022908805912
myonuclei_muscle_fiber,adipocyte,JAG1,NOTCH1,NOTCH,0.2647498457137947,0.7962493321094488,0.21080688782568863
DA-FAP,adipocyte,TGFB1,TGFBR1,TGFB,0.7028314625836879,0.2987653398930812,0.2099816808063669
b_cell,endothelial,IL6,IL6R,IL6,0.8641135982365176,0.24184808126642582,0.20898421572972892
satellite_cell,unassigned,TGFB1,TGFBR1,TGFB,0.24973409790303736,0.8360977593507618,0.2088021196902133
schwann_cell,satellite_cell,FN1,ITGA5,ECM_integrin,0.7622824903796157,0.2736609232921634,0.2086069301267353
inflammatory FAP,unassigned,COL1A1,ITGA1,ECM_integrin,2.581875453457119,0.08067536113426722,0.20829373461135303
homeostatic FAP,myonuclei_muscle_fiber,JAG1,NOTCH1,NOTCH,1.6343054536371846,0.127434295982386,0.20826656490442863
satellite_cell,b_cell,TGFB1,TGFBR2,TGFB,0.24973409790303736,0.832618945062632,0.20793334114219503
endothelial,endothelial,TNF,TNFRSF1A,TNF,0.11880594974112618,1.7456052715481678,0.20738829215939655
inflammatory FAP,b_cell,IL6,IL6R,IL6,0.835768433075461,0.24759931701419544,0.20693569321150845
inflammatory FAP,adipocyte,TGFB1,TGFBR1,TGFB,0.6903533478343598,0.2987653398930812,0.206253652612059
adipogenic FAP,b_cell,IL6,IL6ST,IL6,0.27420289202210624,0.7521923520603448,0.20625331829185686
unassigned,inflammatory FAP,FN1,ITGA5,ECM_integrin,0.1305735344425986,1.5743821358494883,0.20557264004115508
ECM-remodeling FAP,unassigned,IL6,IL6R,IL6,0.15284447196545328,1.3421099946041897,0.20513409344483471
t_cell,b_cell,COL1A1,ITGB1,ECM_integrin,0.11367776805245931,1.802859462964509,0.2049450398620608
unassigned,homeostatic FAP,PDGFA,PDGFRA,PDGF,0.03628134958693189,5.641947012737733,0.20469745192008373
adipocyte,endothelial,TGFB1,TGFBR1,TGFB,0.6346072104030224,0.32246654108137585,0.20463959208396354
adipocyte,ECM-remodeling FAP,CXCL12,CXCR4,CXCL12,3.2737876416489753,0.06247529718922101,0.20453085584641872
smooth_muscle_pericyte,homeostatic FAP,TNF,TNFRSF1A,TNF,0.09676041317906764,2.0915663183626334,0.20238082115618974
inflammatory FAP,endothelial,IL6,IL6R,IL6,0.835768433075461,0.24184808126642582,0.20212899192234746
b_cell,smooth_muscle_pericyte,COL1A1,ITGA1,ECM_integrin,0.10585858383917068,1.9022581954484825,0.20137035866663272
smooth_muscle_pericyte,DA-FAP,CXCL12,CXCR4,CXCL12,2.432793070389611,0.08277043775050516,0.2013633473925436
smooth_muscle_pericyte,myonuclei_muscle_fiber,TGFB1,TGFBR2,TGFB,0.4134805576391167,0.48672930596096875,0.2012531048480416
t_cell,DA-FAP,PDGFA,PDGFRA,PDGF,0.055103555814550814,3.6486532997414245,0.20105377075024658
endothelial,satellite_cell,PDGFB,PDGFRB,PDGF,1.1883417471033395,0.16896125543218754,0.20078371347305934
t_cell,adipogenic FAP,PDGFB,PDGFRB,PDGF,0.08350427351246759,2.3860566423544025,0.1992459264794021
adipogenic FAP,endothelial,TGFB1,TGFBR1,TGFB,0.6146881844143516,0.32246654108137585,0.19821637267168685
DA-FAP,schwann_cell,CCL2,CCR2,CCL,4.394311676523798,0.04477808295596574,0.1967688527857515
satellite_cell,t_cell,COL1A1,ITGA1,ECM_integrin,1.2200959524676651,0.16117686830010314,0.19665124464436975
homeostatic FAP,inflammatory FAP,TGFB1,TGFBR1,TGFB,0.33921461922644935,0.5785103027300682,0.19623915205915804
unassigned,endothelial,FN1,ITGA5,ECM_integrin,0.1305735344425986,1.5009326982454871,0.19598208737037956
macrophage_monocyte,myonuclei_muscle_fiber,COL1A1,ITGB1,ECM_integrin,0.11972789169691629,1.624832279599497,0.1945377431975422
macrophage_monocyte,adipocyte,SPP1,CD44,SPP1,0.1802246025694198,1.078995143418856,0.19446147089699745
adipocyte,homeostatic FAP,CXCL12,CXCR4,CXCL12,3.2737876416489753,0.05935646971589989,0.19432047700782473
schwann_cell,smooth_muscle_pericyte,IL6,IL6ST,IL6,0.07951801331927251,2.4319811177368806,0.1933863069124205
schwann_cell,adipocyte,IL6,IL6ST,IL6,0.07951801331927251,2.430215557697972,0.19324591308573058
homeostatic FAP,smooth_muscle_pericyte,TGFB1,TGFBR1,TGFB,0.33921461922644935,0.5692835608480654,0.1931093063249537
adipogenic FAP,myonuclei_muscle_fiber,JAG1,NOTCH1,NOTCH,1.5105892717662892,0.127434295982386,0.19250088036608223
adipogenic FAP,ECM-remodeling FAP,TNF,TNFRSF1A,TNF,0.05122178099667866,3.7461060772991934,0.19188222508174627
b_cell,b_cell,COL1A1,ITGB1,ECM_integrin,0.10585858383917068,1.802859462964509,0.1908481496104707
DA-FAP,smooth_muscle_pericyte,PDGFA,PDGFRA,PDGF,0.386583885416965,0.4910047815420876,0.18981453620684832
adipocyte,adipocyte,TGFB1,TGFBR1,TGFB,0.6346072104030224,0.2987653398930812,0.18959863891465906
schwann_cell,myonuclei_muscle_fiber,PDGFA,PDGFRA,PDGF,0.5598983109884971,0.33798758415781355,0.1892386775050423
b_cell,macrophage_monocyte,FN1,ITGB1,ECM_integrin,0.06194349060138232,3.049127603306565,0.18887360703783562
smooth_muscle_pericyte,unassigned,TGFB1,TGFBR2,TGFB,0.4134805576391167,0.45544096789429533,0.18831598537663227
endothelial,ECM-remodeling FAP,CXCL12,CXCR4,CXCL12,3.0110058996400517,0.06247529718922101,0.18811348841851
endothelial,myonuclei_muscle_fiber,JAG1,NOTCH1,NOTCH,1.474334072876967,0.127434295982386,0.18788072461992006
schwann_cell,satellite_cell,JAG1,NOTCH1,NOTCH,0.3661447942916008,0.5126798481511321,0.1877150575387454
smooth_muscle_pericyte,unassigned,TNF,TNFRSF1A,TNF,0.09676041317906764,1.9333877306720861,0.187075395655171
macrophage_monocyte,t_cell,FN1,ITGA5,ECM_integrin,0.4486320087929504,0.416285548080337,0.18675902166675593
ECM-remodeling FAP,inflammatory FAP,CXCL12,CXCR4,CXCL12,2.576647371235875,0.07234803511119856,0.18641537448335052
satellite_cell,b_cell,TGFB1,TGFBR1,TGFB,0.24973409790303736,0.7456882248829969,0.18622377615807248
endothelial,smooth_muscle_pericyte,TNF,TNFRSF1A,TNF,0.11880594974112618,1.5567120360784859,0.1849466519197468
t_cell,myonuclei_muscle_fiber,COL1A1,ITGB1,ECM_integrin,0.11367776805245931,1.624832279599497,0.18470730700446034
unassigned,DA-FAP,FN1,ITGA5,ECM_integrin,0.1305735344425986,1.4121910106292028,0.18439477156592032
homeostatic FAP,DA-FAP,JAG1,NOTCH1,NOTCH,1.6343054536371846,0.11265708957384714,0.18411609588143119
DA-FAP,myonuclei_muscle_fiber,TGFB1,TGFBR1,TGFB,0.7028314625836879,0.26163699326434947,0.18388671064198123
adipogenic FAP,inflammatory FAP,IL6,IL6R,IL6,0.27420289202210624,0.6704619881926974,0.1838426161533289
adipogenic FAP,adipocyte,TGFB1,TGFBR1,TGFB,0.6146881844143516,0.2987653398930812,0.1836475243448147
adipocyte,myonuclei_muscle_fiber,COL1A1,ITGA1,ECM_integrin,0.6058540047639327,0.30300246315056983,0.18357525575310868
satellite_cell,macrophage_monocyte,COL1A1,ITGA1,ECM_integrin,1.2200959524676651,0.14999251157086438,0.18300525626807104
inflammatory FAP,myonuclei_muscle_fiber,TGFB1,TGFBR1,TGFB,0.6903533478343598,0.26163699326434947,0.18062197421735948
unassigned,homeostatic FAP,IL6,IL6ST,IL6,0.039198908728989144,4.602391633259439,0.1804087295672
adipogenic FAP,unassigned,COL1A1,ITGA1,ECM_integrin,2.2287172003909954,0.08067536113426722,0.17980256500769656
DA-FAP,b_cell,COL1A1,ITGA1,ECM_integrin,5.840368430366636,0.03069199497972761,0.17925255854457242
ECM-remodeling FAP,smooth_muscle_pericyte,PDGFA,PDGFRA,PDGF,0.3646809216853234,0.4910047815420876,0.17906007628466938
schwann_cell,schwann_cell,IL6,IL6ST,IL6,0.07951801331927251,2.2510696756694233,0.17900058845249164
endothelial,homeostatic FAP,CXCL12,CXCR4,CXCL12,3.0110058996400517,0.05935646971589989,0.17872268049638063
schwann_cell,macrophage_monocyte,JAG1,NOTCH1,NOTCH,0.3661447942916008,0.48761209433966923,0.17853662997609482
unassigned,ECM-remodeling FAP,IL6,IL6ST,IL6,0.039198908728989144,4.552648419810252,0.17845884988331873
unassigned,adipogenic FAP,IL6,IL6ST,IL6,0.039198908728989144,4.551672100348742,0.17842057922585663
endothelial,satellite_cell,TNF,TNFRSF1A,TNF,0.11880594974112618,1.5008126089791556,0.17830546739322603
endothelial,b_cell,PDGFB,PDGFRB,PDGF,1.1883417471033395,0.1500450471143682,0.17830479343209119
myonuclei_muscle_fiber,adipogenic FAP,WNT5A,FZD4,WNT,0.10724402316801838,1.6561963175184302,0.17761715624673327
b_cell,ECM-remodeling FAP,FN1,ITGA5,ECM_integrin,0.06194349060138232,2.8513649692564207,0.17662349917424588
smooth_muscle_pericyte,inflammatory FAP,CXCL12,CXCR4,CXCL12,2.432793070389611,0.07234803511119856,0.1760077984748281
homeostatic FAP,unassigned,WNT5A,FZD4,WNT,2.4045408374272883,0.07249058725261714,0.17430657737800395
b_cell,myonuclei_muscle_fiber,COL1A1,ITGB1,ECM_integrin,0.10585858383917068,1.624832279599497,0.17200244409457416
adipocyte,adipogenic FAP,COL1A1,ITGA1,ECM_integrin,0.6058540047639327,0.28324564235193234,0.1716055067508508
endothelial,t_cell,PDGFB,PDGFRB,PDGF,1.1883417471033395,0.14422613208621282,0.17138993378128717
macrophage_monocyte,satellite_cell,JAG1,NOTCH1,NOTCH,0.33224684850803393,0.5126798481511321,0.170336263841791
adipogenic FAP,DA-FAP,JAG1,NOTCH1,NOTCH,1.5105892717662892,0.11265708957384714,0.17017859089866735
endothelial,macrophage_monocyte,PDGFB,PDGFRB,PDGF,1.1883417471033395,0.14320233862836718,0.17017331727491788
satellite_cell,schwann_cell,PDGFA,PDGFRA,PDGF,1.3906269159579585,0.12218767932812631,0.16991747567213228
endothelial,myonuclei_muscle_fiber,COL1A1,ITGA1,ECM_integrin,0.5593944596856071,0.30300246315056983,0.1694978991575211
schwann_cell,schwann_cell,COL1A1,ITGA1,ECM_integrin,0.29332353540737777,0.5762382303029131,0.16902423494934124
smooth_muscle_pericyte,endothelial,TNF,TNFRSF1A,TNF,0.09676041317906764,1.7456052715481678,0.16890548732255928
t_cell,unassigned,CXCL12,CXCR4,CXCL12,0.04137666252763046,4.071164537925211,0.16845120118018805
macrophage_monocyte,endothelial,CXCL12,CXCR4,CXCL12,0.6767710308881131,0.2488465338662752,0.16841212525761282
adipogenic FAP,inflammatory FAP,TNF,TNFRSF1A,TNF,0.05122178099667866,3.278209645622694,0.16791573652928518
schwann_cell,schwann_cell,JAG1,NOTCH1,NOTCH,0.3661447942916008,0.45598061952044994,0.16695493013527182
adipocyte,adipocyte,TNF,TNFRSF1A,TNF,0.1614008757144908,1.0304555448563801,0.1663164273246725
macrophage_monocyte,satellite_cell,IL6,IL6R,IL6,0.3758630160242215,0.44215124286966034,0.1661882996838486
endothelial,DA-FAP,JAG1,NOTCH1,NOTCH,1.474334072876967,0.11265708957384714,0.16609418570987533
myonuclei_muscle_fiber,homeostatic FAP,WNT5A,FZD4,WNT,0.10724402316801838,1.5486852012099066,0.16608723159852243
adipocyte,myonuclei_muscle_fiber,TGFB1,TGFBR1,TGFB,0.6346072104030224,0.26163699326434947,0.16603672243372317
smooth_muscle_pericyte,adipocyte,WNT5A,FZD4,WNT,0.14397923188975187,1.1517362687629717,0.16582610331606149
satellite_cell,myonuclei_muscle_fiber,JAG1,NOTCH1,NOTCH,1.2982248262543947,0.127434295982386,0.16543836676058418
homeostatic FAP,myonuclei_muscle_fiber,TGFB1,TGFBR2,TGFB,0.33921461922644935,0.48672930596096875,0.165105696187904
myonuclei_muscle_fiber,schwann_cell,COL1A1,ITGA1,ECM_integrin,0.28618714599343914,0.5762382303029131,0.1649119745427008
endothelial,schwann_cell,TNF,TNFRSF1A,TNF,0.11880594974112618,1.3850017017767406,0.16454644257266168
myonuclei_muscle_fiber,endothelial,WNT5A,FZD4,WNT,0.10724402316801838,1.5214582465992588,0.16316730344746352
satellite_cell,schwann_cell,TGFB1,TGFBR1,TGFB,0.24973409790303736,0.6518580516666832,0.16279118249381064
satellite_cell,satellite_cell,TGFB1,TGFBR1,TGFB,0.24973409790303736,0.6517209903725698,0.16275695361516782
ECM-remodeling FAP,adipogenic FAP,IL6,IL6R,IL6,0.15284447196545328,1.0645857642360976,0.16271604899660488
macrophage_monocyte,macrophage_monocyte,JAG1,NOTCH1,NOTCH,0.33224684850803393,0.48761209433966923,0.16200758163875723
unassigned,adipogenic FAP,PDGFA,PDGFRA,PDGF,0.03628134958693189,4.462824316639407,0.16191728917705472
t_cell,b_cell,FN1,ITGB1,ECM_integrin,0.089786800072965,1.802859462964509,0.1618729821608474
ECM-remodeling FAP,ECM-remodeling FAP,CXCL12,CXCR4,CXCL12,2.576647371235875,0.06247529718922101,0.16097681026978636
adipogenic FAP,myonuclei_muscle_fiber,TGFB1,TGFBR1,TGFB,0.6146881844143516,0.26163699326434947,0.1608251683652929
smooth_muscle_pericyte,schwann_cell,CCL2,CCR2,CCL,3.5798670374910477,0.04477808295596574,0.16029958317610146
satellite_cell,t_cell,TGFB1,TGFBR1,TGFB,0.24973409790303736,0.6397271780683619,0.1597616897189581
macrophage_monocyte,smooth_muscle_pericyte,IL6,IL6R,IL6,0.3758630160242215,0.4229797133495883,0.15898243077663693
ECM-remodeling FAP,t_cell,IL6,IL6ST,IL6,0.15284447196545328,1.037456807318021,0.15856953790148792
endothelial,adipogenic FAP,COL1A1,ITGA1,ECM_integrin,0.5593944596856071,0.28324564235193234,0.15844604306176188
smooth_muscle_pericyte,ECM-remodeling FAP,WNT5A,FZD4,WNT,0.14397923188975187,1.0994972114337298,0.1583047639671525
adipocyte,satellite_cell,PDGFB,PDGFRB,PDGF,0.9269350270514369,0.16896125543218754,0.1566161058746795
b_cell,unassigned,CXCL12,CXCR4,CXCL12,0.03839879988282142,4.071164537925211,0.1563278323818293
homeostatic FAP,b_cell,COL1A1,ITGA1,ECM_integrin,5.084146432195795,0.03069199497972761,0.15604259677315338
schwann_cell,smooth_muscle_pericyte,JAG1,NOTCH1,NOTCH,0.3661447942916008,0.4233719222603423,0.15501542538485263
myonuclei_muscle_fiber,myonuclei_muscle_fiber,FN1,ITGA5,ECM_integrin,0.8348231573330259,0.18526119388187495,0.1546603348077527
ECM-remodeling FAP,ECM-remodeling FAP,IL6,IL6R,IL6,0.15284447196545328,1.0115513940007823,0.15461003868196777
homeostatic FAP,unassigned,TGFB1,TGFBR2,TGFB,0.33921461922644935,0.45544096789429533,0.15449223450438893
unassigned,ECM-remodeling FAP,PDGFA,PDGFRA,PDGF,0.03628134958693189,4.249269562692163,0.15416923449314357
ECM-remodeling FAP,homeostatic FAP,CXCL12,CXCR4,CXCL12,2.576647371235875,0.05935646971589989,0.15294069165931526
macrophage_monocyte,myonuclei_muscle_fiber,PDGFB,PDGFRB,PDGF,0.37405053735201593,0.4088158381685128,0.152917783944947
endothelial,smooth_muscle_pericyte,PDGFA,PDGFRA,PDGF,0.31131382140999975,0.4910047815420876,0.15285657487244939
smooth_muscle_pericyte,DA-FAP,WNT5A,FZD4,WNT,0.14397923188975187,1.0584055064437186,0.1523884118456504
smooth_muscle_pericyte,ECM-remodeling FAP,CXCL12,CXCR4,CXCL12,2.432793070389611,0.06247529718922101,0.1519894700724684
adipocyte,adipogenic FAP,WNT5A,FZD4,WNT,0.09174098983401471,1.6561963175184302,0.15194108952859092
macrophage_monocyte,schwann_cell,JAG1,NOTCH1,NOTCH,0.33224684850803393,0.45598061952044994,0.1514981238164104
unassigned,t_cell,TNF,TNFRSF1A,TNF,0.22639419998970053,0.6682549804617375,0.151289051690768
myonuclei_muscle_fiber,myonuclei_muscle_fiber,PDGFA,PDGFRA,PDGF,0.4475695461395059,0.33798758415781355,0.15127294964230067
unassigned,homeostatic FAP,FN1,ITGA5,ECM_integrin,0.1305735344425986,1.1561668961759801,0.15096479803922663
t_cell,homeostatic FAP,IL6,IL6ST,IL6,0.03276613539572399,4.602391633259439,0.15080258739952604
smooth_muscle_pericyte,smooth_muscle_pericyte,TNF,TNFRSF1A,TNF,0.09676041317906764,1.5567120360784859,0.15062809981178193
t_cell,macrophage_monocyte,CXCL12,CXCR4,CXCL12,0.04137666252763046,3.634498012965207,0.15038339773980486
adipogenic FAP,adipogenic FAP,TNF,TNFRSF1A,TNF,0.05122178099667866,2.9271042802307075,0.149931494396418
adipocyte,schwann_cell,CCL2,CCR2,CCL,3.3379445531361287,0.04477808295596574,0.14946675810274357
myonuclei_muscle_fiber,satellite_cell,TGFB1,TGFBR2,TGFB,0.07629339915116821,1.9565788073953496,0.14927404792333007
t_cell,ECM-remodeling FAP,IL6,IL6ST,IL6,0.03276613539572399,4.552648419810252,0.1491726945326316
t_cell,adipogenic FAP,IL6,IL6ST,IL6,0.03276613539572399,4.551672100348742,0.14914070431696627
endothelial,schwann_cell,CCL2,CCR2,CCL,3.3301823187955066,0.04477808295596574,0.14911918012951556
macrophage_monocyte,schwann_cell,FN1,ITGA5,ECM_integrin,0.4486320087929504,0.33218559188741703,0.1490290893805271
schwann_cell,t_cell,TNF,TNFRSF1A,TNF,0.22263628997061602,0.6682549804617375,0.14877780960438772
ECM-remodeling FAP,myonuclei_muscle_fiber,IL6,IL6R,IL6,0.15284447196545328,0.9732220802046789,0.14875161495400419
homeostatic FAP,satellite_cell,IL6,IL6R,IL6,0.3345602152095283,0.44215124286966034,0.14792621496963396
b_cell,adipogenic FAP,FN1,ITGA5,ECM_integrin,0.06194349060138232,2.380264850699271,0.14744191340809099
smooth_muscle_pericyte,unassigned,COL1A1,ITGA1,ECM_integrin,1.8258434336364373,0.08067536113426722,0.14730057838325006
homeostatic FAP,smooth_muscle_pericyte,PDGFA,PDGFRA,PDGF,0.2984734361435038,0.4910047815420876,0.14655188430975732
satellite_cell,DA-FAP,JAG1,NOTCH1,NOTCH,1.2982248262543947,0.11265708957384714,0.14625423053833347
smooth_muscle_pericyte,adipogenic FAP,JAG1,NOTCH1,NOTCH,2.081053377974546,0.07014181446370683,0.145968859926961
t_cell,myonuclei_muscle_fiber,FN1,ITGB1,ECM_integrin,0.089786800072965,1.624832279599497,0.1458884910405
unassigned,inflammatory FAP,PDGFA,PDGFRA,PDGF,0.03628134958693189,4.02084828846314,0.14588180238974793
schwann_cell,unassigned,JAG1,NOTCH1,NOTCH,0.3661447942916008,0.397996860625663,0.14572447866248628
macrophage_monocyte,adipogenic FAP,CXCL12,CXCR4,CXCL12,0.6767710308881131,0.2150682846930639,0.14555198474306305
ECM-remodeling FAP,b_cell,COL1A1,ITGA1,ECM_integrin,4.732179975233685,0.03069199497972761,0.14524004404303978
smooth_muscle_pericyte,satellite_cell,TNF,TNFRSF1A,TNF,0.09676041317906764,1.5008126089791556,0.14521924814917758
macrophage_monocyte,schwann_cell,IL6,IL6R,IL6,0.3758630160242215,0.38608520159860193,0.1451151483151701
satellite_cell,inflammatory FAP,TGFB1,TGFBR1,TGFB,0.24973409790303736,0.5785103027300682,0.14447374857990664
smooth_muscle_pericyte,homeostatic FAP,CXCL12,CXCR4,CXCL12,2.432793070389611,0.05935646971589989,0.14440200820763205
myonuclei_muscle_fiber,b_cell,FN1,ITGA5,ECM_integrin,0.8348231573330259,0.1729038548259379,0.14434414200084061
satellite_cell,schwann_cell,CCL2,CCR2,CCL,3.198612315159484,0.04477808295596574,0.14322772759218502
satellite_cell,smooth_muscle_pericyte,TGFB1,TGFBR1,TGFB,0.24973409790303736,0.5692835608480654,0.1421695165194205
b_cell,smooth_muscle_pericyte,PDGFB,PDGFRB,PDGF,0.03594058224456783,3.9554246786240435,0.14216026597428072
adipocyte,homeostatic FAP,WNT5A,FZD4,WNT,0.09174098983401471,1.5486852012099066,0.14207791330028707
homeostatic FAP,smooth_muscle_pericyte,IL6,IL6R,IL6,0.3345602152095283,0.4229797133495883,0.14151218392750284
schwann_cell,satellite_cell,COL1A1,ITGA1,ECM_integrin,0.29332353540737777,0.48204560144123576,0.14139532004231903
t_cell,inflammatory FAP,FN1,ITGA5,ECM_integrin,0.089786800072965,1.5743821358494883,0.14135873406996563
schwann_cell,myonuclei_muscle_fiber,FN1,ITGA5,ECM_integrin,0.7622824903796157,0.18526119388187495,0.14122136424297646
schwann_cell,adipocyte,PDGFA,PDGFRA,PDGF,0.5598983109884971,0.2518612025716909,0.14101666192342147
macrophage_monocyte,smooth_muscle_pericyte,JAG1,NOTCH1,NOTCH,0.33224684850803393,0.4233719222603423,0.14066398691778706
satellite_cell,satellite_cell,IL6,IL6R,IL6,0.3163287741599974,0.44215124286966034,0.13986516065027893
adipocyte,endothelial,WNT5A,FZD4,WNT,0.09174098983401471,1.5214582465992588,0.13958008553414045
b_cell,macrophage_monocyte,CXCL12,CXCR4,CXCL12,0.03839879988282142,3.634498012965207,0.13956036187436308
adipocyte,b_cell,PDGFB,PDGFRB,PDGF,0.9269350270514369,0.1500450471143682,0.139082009805891
myonuclei_muscle_fiber,smooth_muscle_pericyte,TGFB1,TGFBR2,TGFB,0.07629339915116821,1.8091158238473821,0.13802359565948286
myonuclei_muscle_fiber,satellite_cell,COL1A1,ITGA1,ECM_integrin,0.28618714599343914,0.48204560144123576,0.13795525491515812
schwann_cell,endothelial,PDGFA,PDGFRA,PDGF,0.5598983109884971,0.24524814268320855,0.1373140208613944
unassigned,DA-FAP,IL6,IL6ST,IL6,0.039198908728989144,3.4882311781724638,0.13673485557879667
schwann_cell,myonuclei_muscle_fiber,IL6,IL6ST,IL6,0.07951801331927251,1.7159025138850577,0.1364451589536852
ECM-remodeling FAP,adipogenic FAP,JAG1,NOTCH1,NOTCH,1.9390346812954538,0.07014181446370683,0.13600741085411863
myonuclei_muscle_fiber,satellite_cell,JAG1,NOTCH1,NOTCH,0.2647498457137947,0.5126798481511321,0.1357319106985839
homeostatic FAP,ECM-remodeling FAP,TNF,TNFRSF1A,TNF,0.03608140528943205,3.7461060772991934,0.13516477163223667
t_cell,endothelial,FN1,ITGA5,ECM_integrin,0.089786800072965,1.5009326982454871,0.13476394410034345
schwann_cell,t_cell,JAG1,NOTCH1,NOTCH,0.3661447942916008,0.36748406365985364,0.13455237689417865
macrophage_monocyte,unassigned,IL6,IL6ST,IL6,0.3758630160242215,0.3578708651745554,0.13451042273170594
unassigned,macrophage_monocyte,FN1,ITGA5,ECM_integrin,0.1305735344425986,1.0276590164232902,0.13418506997619348
smooth_muscle_pericyte,schwann_cell,TNF,TNFRSF1A,TNF,0.09676041317906764,1.3850017017767406,0.13401333691762923
satellite_cell,smooth_muscle_pericyte,IL6,IL6R,IL6,0.3163287741599974,0.4229797133495883,0.13380065421842235
adipocyte,t_cell,PDGFB,PDGFRB,PDGF,0.9269350270514369,0.14422613208621282,0.1336882536468578
adipogenic FAP,macrophage_monocyte,TNF,TNFRSF1A,TNF,0.05122178099667866,2.609839413632586,0.13368062288158855
smooth_muscle_pericyte,endothelial,TGFB1,TGFBR1,TGFB,0.4134805576391167,0.32246654108137585,0.1333336452262844
adipocyte,macrophage_monocyte,PDGFB,PDGFRB,PDGF,0.9269350270514369,0.14320233862836718,0.13273926363031455
myonuclei_muscle_fiber,macrophage_monocyte,TGFB1,TGFBR2,TGFB,0.07629339915116821,1.7371214173296554,0.13253089766637446
unassigned,DA-FAP,PDGFA,PDGFRA,PDGF,0.03628134958693189,3.6486532997414245,0.1323780658894312
macrophage_monocyte,unassigned,JAG1,NOTCH1,NOTCH,0.33224684850803393,0.397996860625663,0.13223320265896774
schwann_cell,b_cell,FN1,ITGA5,ECM_integrin,0.7622824903796157,0.1729038548259379,0.13180158105295148
homeostatic FAP,schwann_cell,WNT5A,FZD4,WNT,2.4045408374272883,0.054638774207362906,0.13138116388857293
DA-FAP,myonuclei_muscle_fiber,PDGFA,PDGFRA,PDGF,0.386583885416965,0.33798758415781355,0.130660553506421
myonuclei_muscle_fiber,adipocyte,TGFB1,TGFBR2,TGFB,0.07629339915116821,1.7117976647514914,0.13059886250292316
b_cell,ECM-remodeling FAP,PDGFB,PDGFRB,PDGF,0.03594058224456783,3.6235286932111044,0.1302317310139051
unassigned,endothelial,IL6,IL6ST,IL6,0.039198908728989144,3.298850720621392,0.12931134830819802
adipogenic FAP,DA-FAP,TNF,TNFRSF1A,TNF,0.05122178099667866,2.522350703182164,0.1291992953152152
homeostatic FAP,schwann_cell,IL6,IL6R,IL6,0.3345602152095283,0.38608520159860193,0.12916874813604237
myonuclei_muscle_fiber,macrophage_monocyte,JAG1,NOTCH1,NOTCH,0.2647498457137947,0.48761209433966923,0.12909522674460772
adipocyte,satellite_cell,PDGFA,PDGFRA,PDGF,0.18131971142777284,0.7112091804838089,0.12895624337010703
unassigned,satellite_cell,IL6,IL6ST,IL6,0.039198908728989144,3.285703968686027,0.12879600997900098
schwann_cell,b_cell,JAG1,NOTCH1,NOTCH,0.3661447942916008,0.3512957475548897,0.1286251092239992
adipocyte,ECM-remodeling FAP,COL1A1,ITGA1,ECM_integrin,0.6058540047639327,0.2122363000576248,0.12858421234619166
unassigned,inflammatory FAP,IL6,IL6ST,IL6,0.039198908728989144,3.2739799276040427,0.12833644036269334
DA-FAP,myonuclei_muscle_fiber,JAG1,NOTCH1,NOTCH,1.0022036096703049,0.127434295982386,0.12771511142934128
ECM-remodeling FAP,DA-FAP,IL6,IL6R,IL6,0.15284447196545328,0.8317403462815625,0.12712691403976867
t_cell,DA-FAP,FN1,ITGA5,ECM_integrin,0.089786800072965,1.4121910106292028,0.1267961119362026
schwann_cell,DA-FAP,COL1A1,ITGA1,ECM_integrin,0.29332353540737777,0.4312271655258082,0.12648907675573257
schwann_cell,macrophage_monocyte,IL6,IL6R,IL6,0.07951801331927251,1.564121644357306,0.12437584574896668
smooth_muscle_pericyte,adipocyte,TGFB1,TGFBR1,TGFB,0.4134805576391167,0.2987653398930812,0.12353365934223144
myonuclei_muscle_fiber,adipocyte,WNT5A,FZD4,WNT,0.10724402316801838,1.1517362687629717,0.12351683109066319
satellite_cell,adipogenic FAP,WNT5A,FZD4,WNT,0.07453414538266893,1.6561963175184302,0.1234431771121596
myonuclei_muscle_fiber,DA-FAP,COL1A1,ITGA1,ECM_integrin,0.28618714599343914,0.4312271655258082,0.12341167177667142
schwann_cell,macrophage_monocyte,IL6,IL6ST,IL6,0.07951801331927251,1.5515375768589044,0.12337518570201815
ECM-remodeling FAP,myonuclei_muscle_fiber,PDGFA,PDGFRA,PDGF,0.3646809216853234,0.33798758415781355,0.12325762370886725
macrophage_monocyte,satellite_cell,FN1,ITGA5,ECM_integrin,0.4486320087929504,0.2736609232921634,0.12277304974469677
endothelial,adipocyte,TNF,TNFRSF1A,TNF,0.11880594974112618,1.0304555448563801,0.12242424967267189
satellite_cell,schwann_cell,IL6,IL6R,IL6,0.3163287741599974,0.38608520159860193,0.12212985854300121
macrophage_monocyte,t_cell,JAG1,NOTCH1,NOTCH,0.33224684850803393,0.36748406365985364,0.12209542202791208
inflammatory FAP,schwann_cell,CCL2,CCR2,CCL,2.7240224263471378,0.04477808295596574,0.12197650218088321
satellite_cell,myonuclei_muscle_fiber,TGFB1,TGFBR2,TGFB,0.24973409790303736,0.48672930596096875,0.12155290414713399
adipogenic FAP,satellite_cell,IL6,IL6R,IL6,0.27420289202210624,0.44215124286966034,0.12123914950602954
myonuclei_muscle_fiber,schwann_cell,JAG1,NOTCH1,NOTCH,0.2647498457137947,0.45598061952044994,0.12072079866651964
smooth_muscle_pericyte,inflammatory FAP,WNT5A,FZD4,WNT,0.14397923188975187,0.8330476977480459,0.11994156764928983
adipocyte,myonuclei_muscle_fiber,JAG1,NOTCH1,NOTCH,0.9401707198314758,0.127434295982386,0.1198099937849772
macrophage_monocyte,endothelial,PDGFB,PDGFRB,PDGF,0.37405053735201593,0.3202374231395514,0.1197849802055741
homeostatic FAP,unassigned,IL6,IL6ST,IL6,0.3345602152095283,0.3578708651745554,0.11972935367001934
endothelial,ECM-remodeling FAP,COL1A1,ITGA1,ECM_integrin,0.5593944596856071,0.2122363000576248,0.1187238103964074
homeostatic FAP,inflammatory FAP,TNF,TNFRSF1A,TNF,0.03608140528943205,3.278209645622694,0.11828241084743783
macrophage_monocyte,t_cell,IL6,IL6R,IL6,0.3758630160242215,0.314692399686627,0.1182812344661154
myonuclei_muscle_fiber,ECM-remodeling FAP,WNT5A,FZD4,WNT,0.10724402316801838,1.0994972114337298,0.11791450441617053
macrophage_monocyte,b_cell,JAG1,NOTCH1,NOTCH,0.33224684850803393,0.3512957475548897,0.11671690501938596
adipogenic FAP,smooth_muscle_pericyte,IL6,IL6R,IL6,0.27420289202210624,0.4229797133495883,0.1159822606671386
satellite_cell,homeostatic FAP,WNT5A,FZD4,WNT,0.07453414538266893,1.5486852012099066,0.11542992793896707
smooth_muscle_pericyte,smooth_muscle_pericyte,WNT5A,FZD4,WNT,0.14397923188975187,0.8000048185452701,0.1151840792822483
schwann_cell,homeostatic FAP,IL6,IL6R,IL6,0.07951801331927251,1.447118863448856,0.11507201705829663
unassigned,myonuclei_muscle_fiber,TNF,TNFRSF1A,TNF,0.22639419998970053,0.5082156347380845,0.1150570720487865
ECM-remodeling FAP,b_cell,IL6,IL6ST,IL6,0.15284447196545328,0.7521923520603448,0.11496844286711574
homeostatic FAP,adipogenic FAP,JAG1,NOTCH1,NOTCH,1.6343054536371846,0.07014181446370683,0.11463314990604363
t_cell,DA-FAP,IL6,IL6ST,IL6,0.03276613539572399,3.4882311781724638,0.11429585507558476
satellite_cell,unassigned,TGFB1,TGFBR2,TGFB,0.24973409790303736,0.45544096789429533,0.11373913926516804
myonuclei_muscle_fiber,DA-FAP,WNT5A,FZD4,WNT,0.10724402316801838,1.0584055064437186,0.11350766465420839
satellite_cell,endothelial,WNT5A,FZD4,WNT,0.07453414538266893,1.5214582465992588,0.11340059014568972
ECM-remodeling FAP,ECM-remodeling FAP,TNF,TNFRSF1A,TNF,0.030227042838924887,3.7461060772991934,0.11323370887767958
satellite_cell,unassigned,IL6,IL6ST,IL6,0.3163287741599974,0.3578708651745554,0.11320485208824481
schwann_cell,myonuclei_muscle_fiber,TNF,TNFRSF1A,TNF,0.22263628997061602,0.5082156347380845,0.11314724342314886
DA-FAP,DA-FAP,JAG1,NOTCH1,NOTCH,1.0022036096703049,0.11265708957384714,0.11290534182586047
myonuclei_muscle_fiber,adipocyte,PDGFA,PDGFRA,PDGF,0.4475695461395059,0.2518612025716909,0.11272540412516185
b_cell,homeostatic FAP,PDGFB,PDGFRB,PDGF,0.03594058224456783,3.126010886503331,0.11235065136378737
myonuclei_muscle_fiber,smooth_muscle_pericyte,JAG1,NOTCH1,NOTCH,0.2647498457137947,0.4233719222603423,0.1120876510979783
unassigned,unassigned,FN1,ITGB1,ECM_integrin,0.1305735344425986,0.857836844767653,0.11201078879639924
b_cell,b_cell,FN1,ITGB1,ECM_integrin,0.06194349060138232,1.802859462964509,0.11167540819975524
myonuclei_muscle_fiber,homeostatic FAP,TGFB1,TGFBR1,TGFB,0.07629339915116821,1.4632747626744356,0.11163820553655165
myonuclei_muscle_fiber,endothelial,PDGFA,PDGFRA,PDGF,0.4475695461395059,0.24524814268320855,0.10976559991228044
homeostatic FAP,endothelial,TGFB1,TGFBR1,TGFB,0.33921461922644935,0.32246654108137585,0.1093853649461891
inflammatory FAP,myonuclei_muscle_fiber,CXCL12,CXCR4,CXCL12,5.991529651187526,0.01813705829410155,0.10866872255442608
smooth_muscle_pericyte,myonuclei_muscle_fiber,TGFB1,TGFBR1,TGFB,0.4134805576391167,0.26163699326434947,0.10818180987396503
t_cell,endothelial,IL6,IL6ST,IL6,0.03276613539572399,3.298850720621392,0.10809058936216219
adipocyte,t_cell,TNF,TNFRSF1A,TNF,0.1614008757144908,0.6682549804617375,0.10785693904709437
t_cell,satellite_cell,IL6,IL6ST,IL6,0.03276613539572399,3.285703968686027,0.10765982110823402
t_cell,inflammatory FAP,IL6,IL6ST,IL6,0.03276613539572399,3.2739799276040427,0.10727566959075668
adipogenic FAP,homeostatic FAP,TNF,TNFRSF1A,TNF,0.05122178099667866,2.0915663183626334,0.10713375189920028
schwann_cell,unassigned,IL6,IL6R,IL6,0.07951801331927251,1.3421099946041897,0.10672192042686471
smooth_muscle_pericyte,homeostatic FAP,JAG1,NOTCH1,NOTCH,2.081053377974546,0.05102059749133455,0.10617658675562142
smooth_muscle_pericyte,schwann_cell,PDGFA,PDGFRA,PDGF,0.8682712693446457,0.12218767932812631,0.10609205142850876
adipogenic FAP,adipogenic FAP,JAG1,NOTCH1,NOTCH,1.5105892717662892,0.07014181446370683,0.10595547243109708
adipocyte,DA-FAP,JAG1,NOTCH1,NOTCH,0.9401707198314758,0.11265708957384714,0.10591689699876292
adipogenic FAP,schwann_cell,IL6,IL6R,IL6,0.27420289202210624,0.38608520159860193,0.10586567884527456
adipocyte,homeostatic FAP,COL1A1,ITGA1,ECM_integrin,0.6058540047639327,0.17442995850948448,0.1056790889137778
adipocyte,adipocyte,WNT5A,FZD4,WNT,0.09174098983401471,1.1517362687629717,0.10566142532404983
homeostatic FAP,adipogenic FAP,TNF,TNFRSF1A,TNF,0.03608140528943205,2.9271042802307075,0.10561403585943545
adipocyte,ECM-remodeling FAP,SPP1,CD44,SPP1,0.01829831118952408,5.769134044139827,0.10556541003374811
myonuclei_muscle_fiber,unassigned,JAG1,NOTCH1,NOTCH,0.2647498457137947,0.397996860625663,0.10536960744521892
homeostatic FAP,t_cell,IL6,IL6R,IL6,0.3345602152095283,0.314692399686627,0.10528355696396081
endothelial,myonuclei_muscle_fiber,PDGFA,PDGFRA,PDGF,0.31131382140999975,0.33798758415781355,0.10522020641330283
adipocyte,inflammatory FAP,COL1A1,ITGA1,ECM_integrin,0.6058540047639327,0.17338819021585566,0.10504792942104668
myonuclei_muscle_fiber,t_cell,TGFB1,TGFBR2,TGFB,0.07629339915116821,1.37096690353889,0.10459572519473367
smooth_muscle_pericyte,myonuclei_muscle_fiber,PDGFB,PDGFRB,PDGF,0.2547225184263724,0.4088158381685128,0.10413459987087187
homeostatic FAP,macrophage_monocyte,WNT5A,FZD4,WNT,2.4045408374272883,0.043268854070199037,0.10404172660047552
t_cell,homeostatic FAP,FN1,ITGA5,ECM_integrin,0.089786800072965,1.1561668961759801,0.1038085259579332
endothelial,adipogenic FAP,JAG1,NOTCH1,NOTCH,1.474334072876967,0.07014181446370683,0.10341246699725744
endothelial,ECM-remodeling FAP,SPP1,CD44,SPP1,0.01782576593280195,5.769134044139827,0.10283923310579568
macrophage_monocyte,unassigned,COL1A1,ITGB1,ECM_integrin,0.11972789169691629,0.857836844767653,0.10270699684396595
ECM-remodeling FAP,inflammatory FAP,IL6,IL6R,IL6,0.15284447196545328,0.6704619881926974,0.10247640855822081
myonuclei_muscle_fiber,ECM-remodeling FAP,TGFB1,TGFBR1,TGFB,0.07629339915116821,1.3425599544521776,0.1024284624893942
homeostatic FAP,adipocyte,TGFB1,TGFBR1,TGFB,0.33921461922644935,0.2987653398930812,0.10134557100989225
satellite_cell,adipocyte,PDGFB,PDGFRB,PDGF,0.12019068950771747,0.8428111834299699,0.10129805726126342
homeostatic FAP,myonuclei_muscle_fiber,PDGFA,PDGFRA,PDGF,0.2984734361435038,0.33798758415781355,0.10088031561742428
adipocyte,ECM-remodeling FAP,WNT5A,FZD4,WNT,0.09174098983401471,1.0994972114337298,0.10086896249666934
b_cell,myonuclei_muscle_fiber,FN1,ITGB1,ECM_integrin,0.06194349060138232,1.624832279599497,0.10064778304019405
smooth_muscle_pericyte,adipocyte,TNF,TNFRSF1A,TNF,0.09676041317906764,1.0304555448563801,0.0997073042829646
satellite_cell,t_cell,IL6,IL6R,IL6,0.3163287741599974,0.314692399686627,0.09954626103033866
ECM-remodeling FAP,inflammatory FAP,TNF,TNFRSF1A,TNF,0.030227042838924887,3.278209645622694,0.09909058339321394
adipogenic FAP,unassigned,TNF,TNFRSF1A,TNF,0.05122178099667866,1.9333877306720861,0.09903156292215114
ECM-remodeling FAP,homeostatic FAP,JAG1,NOTCH1,NOTCH,1.9390346812954538,0.05102059749133455,0.09893070799611352
b_cell,DA-FAP,PDGFB,PDGFRB,PDGF,0.03594058224456783,2.7422841587699134,0.09855928934624558
satellite_cell,unassigned,COL1A1,ITGA1,ECM_integrin,1.2200959524676651,0.08067536113426722,0.09843168158378662
adipogenic FAP,unassigned,IL6,IL6ST,IL6,0.27420289202210624,0.3578708651745554,0.09812922620131635
adipocyte,t_cell,COL1A1,ITGA1,ECM_integrin,0.6058540047639327,0.16117686830010314,0.09764965113492644
endothelial,homeostatic FAP,COL1A1,ITGA1,ECM_integrin,0.5593944596856071,0.17442995850948448,0.09757515239339593
b_cell,inflammatory FAP,FN1,ITGA5,ECM_integrin,0.06194349060138232,1.5743821358494883,0.097522725034977
t_cell,unassigned,COL1A1,ITGB1,ECM_integrin,0.11367776805245931,0.857836844767653,0.0975169778663508
DA-FAP,adipocyte,PDGFA,PDGFRA,PDGF,0.386583885416965,0.2518612025716909,0.09736548227595357
macrophage_monocyte,adipocyte,IL6,IL6R,IL6,0.3758630160242215,0.25894850960117244,0.09732916781367375
myonuclei_muscle_fiber,t_cell,JAG1,NOTCH1,NOTCH,0.2647498457137947,0.36748406365985364,0.09729134915622455
adipocyte,DA-FAP,WNT5A,FZD4,WNT,0.09174098983401471,1.0584055064437186,0.09709916880691838
endothelial,inflammatory FAP,COL1A1,ITGA1,ECM_integrin,0.5593944596856071,0.17338819021585566,0.09699239298166384
macrophage_monocyte,schwann_cell,PDGFB,PDGFRB,PDGF,0.37405053735201593,0.258392576201786,0.09665188197604978
unassigned,smooth_muscle_pericyte,IL6,IL6ST,IL6,0.039198908728989144,2.4319811177368806,0.09533100586479298
unassigned,adipocyte,IL6,IL6ST,IL6,0.039198908728989144,2.430215557697972,0.09526179783797224
adipogenic FAP,satellite_cell,PDGFA,PDGFRA,PDGF,0.13369384178440924,0.7112091804838089,0.0950842876512217
DA-FAP,endothelial,PDGFA,PDGFRA,PDGF,0.386583885416965,0.24524814268320855,0.09480897988976897
myonuclei_muscle_fiber,DA-FAP,CXCL12,CXCR4,CXCL12,1.1398234272417804,0.08277043775050516,0.09434368403108323
homeostatic FAP,macrophage_monocyte,TNF,TNFRSF1A,TNF,0.03608140528943205,2.609839413632586,0.09416667362361103
schwann_cell,smooth_muscle_pericyte,CXCL12,CXCR4,CXCL12,0.237134550449131,0.39692406930879404,0.0941244107379806
myonuclei_muscle_fiber,adipocyte,PDGFB,PDGFRB,PDGF,0.11128408945066876,0.8428111834299699,0.09379147512684476
DA-FAP,ECM-remodeling FAP,TNF,TNFRSF1A,TNF,0.024843115218009814,3.7461060772991934,0.09306494489723065
macrophage_monocyte,b_cell,IL6,IL6R,IL6,0.3758630160242215,0.24759931701419544,0.09306342605849284
inflammatory FAP,myonuclei_muscle_fiber,JAG1,NOTCH1,NOTCH,0.7302812365196376,0.127434295982386,0.09306287524502634
b_cell,inflammatory FAP,PDGFB,PDGFRB,PDGF,0.03594058224456783,2.5891315593267925,0.09305489574999073
myonuclei_muscle_fiber,b_cell,JAG1,NOTCH1,NOTCH,0.2647498457137947,0.3512957475548897,0.0930054949650692
b_cell,endothelial,FN1,ITGA5,ECM_integrin,0.06194349060138232,1.5009326982454871,0.09297301048707675
smooth_muscle_pericyte,myonuclei_muscle_fiber,WNT5A,FZD4,WNT,0.14397923188975187,0.6442254132051389,0.0927550801571339
t_cell,macrophage_monocyte,FN1,ITGA5,ECM_integrin,0.089786800072965,1.0276590164232902,0.09227021465077781
homeostatic FAP,myonuclei_muscle_fiber,CXCL12,CXCR4,CXCL12,5.067519483467946,0.01813705829410155,0.0919098962781535
ECM-remodeling FAP,adipocyte,PDGFA,PDGFRA,PDGF,0.3646809216853234,0.2518612025716909,0.09184897549061818
satellite_cell,adipogenic FAP,JAG1,NOTCH1,NOTCH,1.2982248262543947,0.07014181446370683,0.0910598448953138
homeostatic FAP,DA-FAP,TNF,TNFRSF1A,TNF,0.03608140528943205,2.522350703182164,0.09100995800359958
macrophage_monocyte,endothelial,IL6,IL6R,IL6,0.3758630160242215,0.24184808126642582,0.09090174924446984
adipocyte,macrophage_monocyte,SPP1,CD44,SPP1,0.01829831118952408,4.967461870217856,0.09089616312334162
adipocyte,macrophage_monocyte,COL1A1,ITGA1,ECM_integrin,0.6058540047639327,0.14999251157086438,0.0908735638198087
b_cell,unassigned,COL1A1,ITGB1,ECM_integrin,0.10585858383917068,0.857836844767653,0.09080939355216625
adipocyte,t_cell,SPP1,CD44,SPP1,0.01829831118952408,4.957426809703607,0.09071253846324619
endothelial,t_cell,COL1A1,ITGA1,ECM_integrin,0.5593944596856071,0.16117686830010314,0.09016144715655444
ECM-remodeling FAP,endothelial,PDGFA,PDGFRA,PDGF,0.3646809216853234,0.24524814268320855,0.08943731871532619
adipogenic FAP,endothelial,TNF,TNFRSF1A,TNF,0.05122178099667866,1.7456052715481678,0.08941301092588803
myonuclei_muscle_fiber,inflammatory FAP,WNT5A,FZD4,WNT,0.10724402316801838,0.8330476977480459,0.08933938659735581
t_cell,schwann_cell,CXCL12,CXCR4,CXCL12,0.04137666252763046,2.15520689292098,0.0891752682856144
adipocyte,smooth_muscle_pericyte,PDGFA,PDGFRA,PDGF,0.18131971142777284,0.4910047815420876,0.08902884529886797
schwann_cell,myonuclei_muscle_fiber,COL1A1,ITGA1,ECM_integrin,0.29332353540737777,0.30300246315056983,0.08887775372846884
homeostatic FAP,myonuclei_muscle_fiber,TGFB1,TGFBR1,TGFB,0.33921461922644935,0.26163699326434947,0.0887510930457194
DA-FAP,smooth_muscle_pericyte,PDGFB,PDGFRB,PDGF,0.022419124201480643,3.9554246786240435,0.08867715713967408
DA-FAP,ECM-remodeling FAP,SPP1,CD44,SPP1,0.015368449005934154,5.769134044139827,0.08866264236576162
endothelial,macrophage_monocyte,SPP1,CD44,SPP1,0.01782576593280195,4.967461870217856,0.08854881257862213
DA-FAP,unassigned,WNT5A,FZD4,WNT,1.2207413111664382,0.07249058725261714,0.08849225452998495
ECM-remodeling FAP,adipogenic FAP,TNF,TNFRSF1A,TNF,0.030227042838924887,2.9271042802307075,0.08847770647253399
endothelial,t_cell,SPP1,CD44,SPP1,0.01782576593280195,4.957426809703607,0.08836992993877361
unassigned,schwann_cell,IL6,IL6ST,IL6,0.039198908728989144,2.2510696756694233,0.08823947475916091
satellite_cell,DA-FAP,CXCL12,CXCR4,CXCL12,1.062568632920575,0.08277043775050516,0.08794927088679182
b_cell,DA-FAP,FN1,ITGA5,ECM_integrin,0.06194349060138232,1.4121910106292028,0.08747604059426663
t_cell,satellite_cell,CXCL12,CXCR4,CXCL12,0.04137666252763046,2.1064633861075124,0.08715842465378028
unassigned,b_cell,TNF,TNFRSF1A,TNF,0.22639419998970053,0.3844701237179918,0.08704180607907594
schwann_cell,adipocyte,CXCL12,CXCR4,CXCL12,0.237134550449131,0.36674943996290255,0.08696896357307346
myonuclei_muscle_fiber,myonuclei_muscle_fiber,COL1A1,ITGA1,ECM_integrin,0.28618714599343914,0.30300246315056983,0.08671541015804379
homeostatic FAP,adipocyte,IL6,IL6R,IL6,0.3345602152095283,0.25894850960117244,0.08663386910035485
adipogenic FAP,t_cell,IL6,IL6R,IL6,0.27420289202210624,0.314692399686627,0.08628956609144968
satellite_cell,adipocyte,WNT5A,FZD4,WNT,0.07453414538266893,1.1517362687629717,0.08584367849847199
myonuclei_muscle_fiber,smooth_muscle_pericyte,WNT5A,FZD4,WNT,0.10724402316801838,0.8000048185452701,0.08579573529459529
b_cell,adipogenic FAP,PDGFB,PDGFRB,PDGF,0.03594058224456783,2.3860566423544025,0.08575626499473578
schwann_cell,b_cell,TNF,TNFRSF1A,TNF,0.22263628997061602,0.3844701237179918,0.08559700194911743
homeostatic FAP,schwann_cell,CCL2,CCR2,CCL,1.9093767089035765,0.04477808295596574,0.0854982286654732
schwann_cell,adipogenic FAP,IL6,IL6R,IL6,0.07951801331927251,1.0645857642360976,0.08465374498003392
b_cell,endothelial,JAG1,NOTCH1,NOTCH,0.05787892581253873,1.4521323491103546,0.0840478605041458
endothelial,macrophage_monocyte,COL1A1,ITGA1,ECM_integrin,0.5593944596856071,0.14999251157086438,0.08390497996707084
homeostatic FAP,homeostatic FAP,JAG1,NOTCH1,NOTCH,1.6343054536371846,0.05102059749133455,0.08338324072791571
macrophage_monocyte,myonuclei_muscle_fiber,FN1,ITGA5,ECM_integrin,0.4486320087929504,0.18526119388187495,0.08311410156260582
schwann_cell,adipogenic FAP,COL1A1,ITGA1,ECM_integrin,0.29332353540737777,0.28324564235193234,0.08308261320340249
homeostatic FAP,b_cell,IL6,IL6R,IL6,0.3345602152095283,0.24759931701419544,0.08283688078600145
b_cell,schwann_cell,CXCL12,CXCR4,CXCL12,0.03839879988282142,2.15520689292098,0.08275735818735004
DA-FAP,myonuclei_muscle_fiber,CXCL12,CXCR4,CXCL12,4.561811492620522,0.01813705829410155,0.0827378409683608
schwann_cell,t_cell,IL6,IL6ST,IL6,0.07951801331927251,1.037456807318021,0.08249650422248433
myonuclei_muscle_fiber,inflammatory FAP,CXCL12,CXCR4,CXCL12,1.1398234272417804,0.07234803511119856,0.082463985334655
inflammatory FAP,DA-FAP,JAG1,NOTCH1,NOTCH,0.7302812365196376,0.11265708957384714,0.08227135867669266
unassigned,adipocyte,FN1,ITGA5,ECM_integrin,0.1305735344425986,0.629206017470737,0.08215765359370557
adipocyte,myonuclei_muscle_fiber,TNF,TNFRSF1A,TNF,0.1614008757144908,0.5082156347380845,0.08202644849852263
unassigned,endothelial,JAG1,NOTCH1,NOTCH,0.05644994884448335,1.4521323491103546,0.08197279682269895
satellite_cell,ECM-remodeling FAP,WNT5A,FZD4,WNT,0.07453414538266893,1.0994972114337298,0.0819500850048407
satellite_cell,adipocyte,IL6,IL6R,IL6,0.3163287741599974,0.25894850960117244,0.08191286461269719
smooth_muscle_pericyte,endothelial,PDGFB,PDGFRB,PDGF,0.2547225184263724,0.3202374231395514,0.08157168291647839
smooth_muscle_pericyte,inflammatory FAP,JAG1,NOTCH1,NOTCH,2.081053377974546,0.03917970674653412,0.08153506107292695
DA-FAP,inflammatory FAP,TNF,TNFRSF1A,TNF,0.024843115218009814,3.278209645622694,0.08144093993499571
adipocyte,DA-FAP,SPP1,CD44,SPP1,0.01829831118952408,4.441305456163125,0.08126838932460406
DA-FAP,ECM-remodeling FAP,PDGFB,PDGFRB,PDGF,0.022419124201480643,3.6235286932111044,0.0812363398207286
adipocyte,inflammatory FAP,SPP1,CD44,SPP1,0.01829831118952408,4.435285456815737,0.08115823350318482
myonuclei_muscle_fiber,adipogenic FAP,COL1A1,ITGA1,ECM_integrin,0.28618714599343914,0.28324564235193234,0.08106126199977791
homeostatic FAP,endothelial,IL6,IL6R,IL6,0.3345602152095283,0.24184808126642582,0.08091274611650691
b_cell,satellite_cell,CXCL12,CXCR4,CXCL12,0.03839879988282142,2.1064633861075124,0.08088566602363276
b_cell,b_cell,CCL2,CCR2,CCL,0.22411356264329085,0.35960828336912404,0.08059309354189247
satellite_cell,endothelial,TGFB1,TGFBR1,TGFB,0.24973409790303736,0.32246654108137585,0.08053089074087014
schwann_cell,ECM-remodeling FAP,IL6,IL6R,IL6,0.07951801331927251,1.0115513940007823,0.08043655722128289
schwann_cell,adipocyte,PDGFB,PDGFRB,PDGF,0.09539084527738038,0.8428111834299699,0.08039647119661411
adipogenic FAP,smooth_muscle_pericyte,TNF,TNFRSF1A,TNF,0.05122178099667866,1.5567120360784859,0.07973756298690593
t_cell,smooth_muscle_pericyte,IL6,IL6ST,IL6,0.03276613539572399,2.4319811177368806,0.0796866225836108
t_cell,adipocyte,IL6,IL6ST,IL6,0.03276613539572399,2.430215557697972,0.07962877200432664
b_cell,macrophage_monocyte,CCL2,CCR2,CCL,0.22411356264329085,0.3545614252886568,0.07946202419732387
endothelial,t_cell,TNF,TNFRSF1A,TNF,0.11880594974112618,0.6682549804617375,0.07939266762299445
inflammatory FAP,b_cell,COL1A1,ITGA1,ECM_integrin,2.581875453457119,0.03069199497972761,0.07924290845578784
endothelial,DA-FAP,SPP1,CD44,SPP1,0.01782576593280195,4.441305456163125,0.07916967149764007
endothelial,inflammatory FAP,SPP1,CD44,SPP1,0.01782576593280195,4.435285456815737,0.0790623603983579
ECM-remodeling FAP,macrophage_monocyte,TNF,TNFRSF1A,TNF,0.030227042838924887,2.609839413632586,0.07888772775858678
satellite_cell,DA-FAP,WNT5A,FZD4,WNT,0.07453414538266893,1.0584055064437186,0.07888734989109346
endothelial,adipocyte,PDGFA,PDGFRA,PDGF,0.31131382140999975,0.2518612025716909,0.07840787343751116
myonuclei_muscle_fiber,adipogenic FAP,TGFB1,TGFBR1,TGFB,0.07629339915116821,1.0267164545353906,0.07833168828094081
satellite_cell,b_cell,IL6,IL6R,IL6,0.3163287741599974,0.24759931701419544,0.07832278843395303
unassigned,homeostatic FAP,COL1A1,ITGB1,ECM_integrin,0.014054344686345165,5.5723345420717365,0.07831551036190353
myonuclei_muscle_fiber,DA-FAP,TGFB1,TGFBR1,TGFB,0.07629339915116821,1.0170521028081556,0.07759436203707759
macrophage_monocyte,b_cell,FN1,ITGA5,ECM_integrin,0.4486320087929504,0.1729038548259379,0.0775702037186052
schwann_cell,myonuclei_muscle_fiber,IL6,IL6R,IL6,0.07951801331927251,0.9732220802046789,0.07738868633632576
adipogenic FAP,homeostatic FAP,JAG1,NOTCH1,NOTCH,1.5105892717662892,0.05102059749133455,0.07707116720951603
t_cell,unassigned,FN1,ITGB1,ECM_integrin,0.089786800072965,0.857836844767653,0.07702242527637637
satellite_cell,inflammatory FAP,CXCL12,CXCR4,CXCL12,1.062568632920575,0.07234803511119856,0.076874752762596
adipogenic FAP,satellite_cell,TNF,TNFRSF1A,TNF,0.05122178099667866,1.5008126089791556,0.07687429477418423
satellite_cell,endothelial,IL6,IL6R,IL6,0.3163287741599974,0.24184808126642582,0.0765035070799559
adipocyte,inflammatory FAP,WNT5A,FZD4,WNT,0.09174098983401471,0.8330476977480459,0.07642462037035284
endothelial,endothelial,PDGFA,PDGFRA,PDGF,0.31131382140999975,0.24524814268320855,0.07634913649241452
DA-FAP,macrophage_monocyte,SPP1,CD44,SPP1,0.015368449005934154,4.967461870217856,0.07634218444136542
ECM-remodeling FAP,DA-FAP,TNF,TNFRSF1A,TNF,0.030227042838924887,2.522350703182164,0.07624320275987959
DA-FAP,t_cell,SPP1,CD44,SPP1,0.015368449005934154,4.957426809703607,0.07618796112558072
ECM-remodeling FAP,inflammatory FAP,JAG1,NOTCH1,NOTCH,1.9390346812954538,0.03917970674653412,0.07597081018451513
homeostatic FAP,homeostatic FAP,TNF,TNFRSF1A,TNF,0.03608140528943205,2.0915663183626334,0.07546665202256744
endothelial,homeostatic FAP,JAG1,NOTCH1,NOTCH,1.474334072876967,0.05102059749133455,0.07522140530001563
macrophage_monocyte,endothelial,SPP1,CD44,SPP1,0.1802246025694198,0.41727118612232045,0.0752025336825656
homeostatic FAP,adipocyte,PDGFA,PDGFRA,PDGF,0.2984734361435038,0.2518612025716909,0.07517387856280766
unassigned,ECM-remodeling FAP,COL1A1,ITGB1,ECM_integrin,0.014054344686345165,5.318346942231802,0.07474588108769557
satellite_cell,adipocyte,TGFB1,TGFBR1,TGFB,0.24973409790303736,0.2987653398930812,0.07461189264289297
t_cell,schwann_cell,IL6,IL6ST,IL6,0.03276613539572399,2.2510696756694233,0.07375885377819281
unassigned,unassigned,FN1,ITGA5,ECM_integrin,0.1305735344425986,0.5643712961462256,0.0736919548757632
adipocyte,smooth_muscle_pericyte,WNT5A,FZD4,WNT,0.09174098983401471,0.8000048185452701,0.0733932339253244
homeostatic FAP,endothelial,PDGFA,PDGFRA,PDGF,0.2984734361435038,0.24524814268320855,0.07320005585446955
satellite_cell,ECM-remodeling FAP,TNF,TNFRSF1A,TNF,0.019457991627902262,3.7461060772991934,0.07289170068932149
myonuclei_muscle_fiber,schwann_cell,TGFB1,TGFBR2,TGFB,0.07629339915116821,0.9543259710483836,0.07280877222952054
DA-FAP,adipogenic FAP,TNF,TNFRSF1A,TNF,0.024843115218009814,2.9271042802307075,0.07271838888890116
adipogenic FAP,smooth_muscle_pericyte,PDGFB,PDGFRB,PDGF,0.018384315837855568,3.9554246786240435,0.07271777656467278
unassigned,smooth_muscle_pericyte,COL1A1,ITGB1,ECM_integrin,0.014054344686345165,5.132820103737006,0.07213842295092183
b_cell,homeostatic FAP,FN1,ITGA5,ECM_integrin,0.06194349060138232,1.1561668961759801,0.0716170132669062
myonuclei_muscle_fiber,macrophage_monocyte,TGFB1,TGFBR1,TGFB,0.07629339915116821,0.9385889775240909,0.07160814350113232
myonuclei_muscle_fiber,ECM-remodeling FAP,CXCL12,CXCR4,CXCL12,1.1398234272417804,0.06247529718922101,0.07121080736016666
adipogenic FAP,adipocyte,IL6,IL6R,IL6,0.27420289202210624,0.25894850960117244,0.07100443021745563
adipogenic FAP,schwann_cell,TNF,TNFRSF1A,TNF,0.05122178099667866,1.3850017017767406,0.07094225384843546
t_cell,adipocyte,PDGFB,PDGFRB,PDGF,0.08350427351246759,0.8428111834299699,0.07037833558050269
DA-FAP,adipogenic FAP,JAG1,NOTCH1,NOTCH,1.0022036096703049,0.07014181446370683,0.07029637964435179
DA-FAP,homeostatic FAP,PDGFB,PDGFRB,PDGF,0.022419124201480643,3.126010886503331,0.0700824263196988
adipogenic FAP,myonuclei_muscle_fiber,CXCL12,CXCR4,CXCL12,3.8582370371223336,0.01813705829410155,0.06997707005474942
homeostatic FAP,unassigned,TNF,TNFRSF1A,TNF,0.03608140528943205,1.9333877306720861,0.06975934629199484
endothelial,adipogenic FAP,WNT5A,FZD4,WNT,0.04196554815044741,1.6561963175184302,0.06950318630941336
myonuclei_muscle_fiber,myonuclei_muscle_fiber,WNT5A,FZD4,WNT,0.10724402316801838,0.6442254132051389,0.06908932513919813
macrophage_monocyte,schwann_cell,COL1A1,ITGA1,ECM_integrin,0.11972789169691629,0.5762382303029131,0.06899178842932989
b_cell,t_cell,CCL2,CCR2,CCL,0.22411356264329085,0.30653437922087573,0.06869851179984
unassigned,b_cell,CXCL12,CXCR4,CXCL12,0.01001565066110896,6.832470813084927,0.06843164081608173
schwann_cell,schwann_cell,PDGFA,PDGFRA,PDGF,0.5598983109884971,0.12218767932812631,0.06841267527942202
adipogenic FAP,b_cell,COL1A1,ITGA1,ECM_integrin,2.2287172003909954,0.03069199497972761,0.068403777125633
adipocyte,adipogenic FAP,SPP1,CD44,SPP1,0.01829831118952408,3.730187973215746,0.06825614032932184
DA-FAP,DA-FAP,SPP1,CD44,SPP1,0.015368449005934154,4.441305456163125,0.06825597642282011
DA-FAP,inflammatory FAP,SPP1,CD44,SPP1,0.015368449005934154,4.435285456815737,0.06816345836983402
unassigned,t_cell,CXCL12,CXCR4,CXCL12,0.01001565066110896,6.796764908230814,0.06807402294652413
adipogenic FAP,b_cell,IL6,IL6R,IL6,0.27420289202210624,0.24759931701419544,0.06789244878799068
myonuclei_muscle_fiber,homeostatic FAP,CXCL12,CXCR4,CXCL12,1.1398234272417804,0.05935646971589989,0.06765589474054996
ECM-remodeling FAP,satellite_cell,IL6,IL6R,IL6,0.15284447196545328,0.44215124286966034,0.06758037324528213
t_cell,endothelial,JAG1,NOTCH1,NOTCH,0.04633096311092012,1.4521323491103546,0.06727869029880562
unassigned,myonuclei_muscle_fiber,IL6,IL6ST,IL6,0.039198908728989144,1.7159025138850577,0.0672615060296234
adipocyte,homeostatic FAP,SPP1,CD44,SPP1,0.01829831118952408,3.673274945417006,0.06721472803592246
DA-FAP,schwann_cell,WNT5A,FZD4,WNT,1.2207413111664382,0.054638774207362906,0.06669980886642315
adipogenic FAP,ECM-remodeling FAP,PDGFB,PDGFRB,PDGF,0.018384315837855568,3.6235286932111044,0.066616095943525
endothelial,adipogenic FAP,SPP1,CD44,SPP1,0.01782576593280195,3.730187973215746,0.0664934576958968
adipogenic FAP,schwann_cell,CCL2,CCR2,CCL,1.4826295616753558,0.04477808295596574,0.06638930950566621
satellite_cell,ECM-remodeling FAP,CXCL12,CXCR4,CXCL12,1.062568632920575,0.06247529718922101,0.06638429112565722
adipogenic FAP,endothelial,IL6,IL6R,IL6,0.27420289202210624,0.24184808126642582,0.06631544331325133
satellite_cell,homeostatic FAP,JAG1,NOTCH1,NOTCH,1.2982248262543947,0.05102059749133455,0.0662362063135832
schwann_cell,DA-FAP,IL6,IL6R,IL6,0.07951801331927251,0.8317403462815625,0.06613833993379362
adipocyte,adipogenic FAP,JAG1,NOTCH1,NOTCH,0.9401707198314758,0.07014181446370683,0.06594528019462907
smooth_muscle_pericyte,schwann_cell,PDGFB,PDGFRB,PDGF,0.2547225184263724,0.258392576201786,0.06581840775279726
adipogenic FAP,smooth_muscle_pericyte,PDGFA,PDGFRA,PDGF,0.13369384178440924,0.4910047815420876,0.06564431557887627
t_cell,schwann_cell,COL1A1,ITGA1,ECM_integrin,0.11367776805245931,0.5762382303029131,0.06550547588733419
endothelial,homeostatic FAP,SPP1,CD44,SPP1,0.01782576593280195,3.673274945417006,0.06547893938382941
satellite_cell,myonuclei_muscle_fiber,TGFB1,TGFBR1,TGFB,0.24973409790303736,0.26163699326434947,0.06533967849093537
adipocyte,b_cell,SPP1,CD44,SPP1,0.01829831118952408,3.563833573157496,0.0652121357493094
endothelial,homeostatic FAP,WNT5A,FZD4,WNT,0.04196554815044741,1.5486852012099066,0.06499142338125967
DA-FAP,macrophage_monocyte,TNF,TNFRSF1A,TNF,0.024843115218009814,2.609839413632586,0.06483654125337751
macrophage_monocyte,schwann_cell,CCL2,CCR2,CCL,1.4472915546995138,0.04477808295596574,0.06480694129780346
satellite_cell,macrophage_monocyte,PDGFA,PDGFRA,PDGF,1.3906269159579585,0.04658249091727837,0.06477886568193443
smooth_muscle_pericyte,t_cell,TNF,TNFRSF1A,TNF,0.09676041317906764,0.6682549804617375,0.06466062801844749
ECM-remodeling FAP,smooth_muscle_pericyte,IL6,IL6R,IL6,0.15284447196545328,0.4229797133495883,0.06465011093901661
homeostatic FAP,inflammatory FAP,JAG1,NOTCH1,NOTCH,1.6343054536371846,0.03917970674653412,0.06403160840776631
homeostatic FAP,smooth_muscle_pericyte,PDGFB,PDGFRB,PDGF,0.016186650699381383,3.9554246786240435,0.06402507764060025
endothelial,endothelial,WNT5A,FZD4,WNT,0.04196554815044741,1.5214582465992588,0.06384882930655648
myonuclei_muscle_fiber,unassigned,TGFB1,TGFBR1,TGFB,0.07629339915116821,0.8360977593507618,0.06378874008354506
satellite_cell,inflammatory FAP,TNF,TNFRSF1A,TNF,0.019457991627902262,3.278209645622694,0.06378737583903482
b_cell,macrophage_monocyte,FN1,ITGA5,ECM_integrin,0.06194349060138232,1.0276590164232902,0.06365678662524188
unassigned,adipogenic FAP,COL1A1,ITGB1,ECM_integrin,0.014054344686345165,4.522645376743493,0.06356281701885844
endothelial,b_cell,SPP1,CD44,SPP1,0.01782576593280195,3.563833573157496,0.06352806309856673
myonuclei_muscle_fiber,b_cell,TGFB1,TGFBR2,TGFB,0.07629339915116821,0.832618945062632,0.06352332951648798
ECM-remodeling FAP,homeostatic FAP,TNF,TNFRSF1A,TNF,0.030227042838924887,2.0915663183626334,0.06322186470559973
macrophage_monocyte,satellite_cell,PDGFB,PDGFRB,PDGF,0.37405053735201593,0.16896125543218754,0.06320004838608097
satellite_cell,homeostatic FAP,CXCL12,CXCR4,CXCL12,1.062568632920575,0.05935646971589989,0.06307032288101526
homeostatic FAP,endothelial,TNF,TNFRSF1A,TNF,0.03608140528943205,1.7456052715481678,0.06298389127809853
t_cell,b_cell,CCL2,CCR2,CCL,0.1749394611525226,0.35960828336912404,0.06290967931857822
DA-FAP,DA-FAP,TNF,TNFRSF1A,TNF,0.024843115218009814,2.522350703182164,0.06266304913938257
smooth_muscle_pericyte,satellite_cell,WNT5A,FZD4,WNT,0.14397923188975187,0.4327330701468539,0.062304575053038144
schwann_cell,ECM-remodeling FAP,COL1A1,ITGA1,ECM_integrin,0.29332353540737777,0.2122363000576248,0.06225390187468356
unassigned,endothelial,COL1A1,ITGB1,ECM_integrin,0.014054344686345165,4.425693832684405,0.06220022660077863
unassigned,DA-FAP,COL1A1,ITGB1,ECM_integrin,0.014054344686345165,4.420436156664212,0.062126333409741705
satellite_cell,inflammatory FAP,WNT5A,FZD4,WNT,0.07453414538266893,0.8330476977480459,0.0620904982146505
adipocyte,b_cell,TNF,TNFRSF1A,TNF,0.1614008757144908,0.3844701237179918,0.06205381465414249
t_cell,macrophage_monocyte,CCL2,CCR2,CCL,0.1749394611525226,0.3545614252886568,0.06202678468546802
ECM-remodeling FAP,unassigned,WNT5A,FZD4,WNT,0.8542354563790328,0.07249058725261714,0.0619240298849235
unassigned,satellite_cell,COL1A1,ITGB1,ECM_integrin,0.014054344686345165,4.393024497833089,0.06174108050810461
unassigned,smooth_muscle_pericyte,FN1,ITGA5,ECM_integrin,0.1305735344425986,0.4728178348421229,0.06173749584283283
DA-FAP,DA-FAP,PDGFB,PDGFRB,PDGF,0.022419124201480643,2.7422841587699134,0.06147960915121555
unassigned,macrophage_monocyte,IL6,IL6R,IL6,0.039198908728989144,1.564121644357306,0.06131186157819846
adipocyte,myonuclei_muscle_fiber,PDGFA,PDGFRA,PDGF,0.18131971142777284,0.33798758415781355,0.06128381122566484
unassigned,schwann_cell,COL1A1,ITGB1,ECM_integrin,0.014054344686345165,4.344399478342586,0.06105768772380483
b_cell,schwann_cell,COL1A1,ITGA1,ECM_integrin,0.10585858383917068,0.5762382303029131,0.06099976301385627
unassigned,macrophage_monocyte,IL6,IL6ST,IL6,0.039198908728989144,1.5515375768589044,0.06081857986488917
smooth_muscle_pericyte,ECM-remodeling FAP,SPP1,CD44,SPP1,0.010539155723134007,5.769134044139827,0.0608018020788235
myonuclei_muscle_fiber,ECM-remodeling FAP,COL1A1,ITGA1,ECM_integrin,0.28618714599343914,0.2122363000576248,0.060739300989698826
adipogenic FAP,unassigned,WNT5A,FZD4,WNT,0.8353034994231848,0.07249058725261714,0.06055164120735281
endothelial,myonuclei_muscle_fiber,TNF,TNFRSF1A,TNF,0.11880594974112618,0.5082156347380845,0.06037904115834741
schwann_cell,b_cell,IL6,IL6ST,IL6,0.07951801331927251,0.7521923520603448,0.05981284146978942
satellite_cell,smooth_muscle_pericyte,WNT5A,FZD4,WNT,0.07453414538266893,0.8000048185452701,0.059627675452288836
adipocyte,myonuclei_muscle_fiber,CXCL12,CXCR4,CXCL12,3.2737876416489753,0.01813705829410155,0.0593768772990967
adipogenic FAP,inflammatory FAP,JAG1,NOTCH1,NOTCH,1.5105892717662892,0.03917970674653412,0.05918444468226375
adipocyte,myonuclei_muscle_fiber,WNT5A,FZD4,WNT,0.09174098983401471,0.6442254132051389,0.05910187708366658
ECM-remodeling FAP,schwann_cell,IL6,IL6R,IL6,0.15284447196545328,0.38608520159860193,0.05901098877201389
schwann_cell,endothelial,CXCL12,CXCR4,CXCL12,0.237134550449131,0.2488465338662752,0.05901011093920362
homeostatic FAP,ECM-remodeling FAP,PDGFB,PDGFRB,PDGF,0.016186650699381383,3.6235286932111044,0.05865279325619403
ECM-remodeling FAP,unassigned,TNF,TNFRSF1A,TNF,0.030227042838924887,1.9333877306720861,0.05844059375927692
smooth_muscle_pericyte,ECM-remodeling FAP,JAG1,NOTCH1,NOTCH,2.081053377974546,0.028081924080349045,0.058439982967435126
DA-FAP,inflammatory FAP,PDGFB,PDGFRB,PDGF,0.022419124201480643,2.5891315593267925,0.05804606200252061
unassigned,adipocyte,COL1A1,ITGB1,ECM_integrin,0.014054344686345165,4.1261296884635525,0.057990048862228756
endothelial,inflammatory FAP,JAG1,NOTCH1,NOTCH,1.474334072876967,0.03917970674653412,0.05776397662174283
macrophage_monocyte,satellite_cell,COL1A1,ITGA1,ECM_integrin,0.11972789169691629,0.48204560144123576,0.05771430356233115
adipogenic FAP,homeostatic FAP,PDGFB,PDGFRB,PDGF,0.018384315837855568,3.126010886503331,0.05746957145005212
inflammatory FAP,unassigned,WNT5A,FZD4,WNT,0.7911889782714617,0.07249058725261714,0.057353753662696405
DA-FAP,adipogenic FAP,SPP1,CD44,SPP1,0.015368449005934154,3.730187973215746,0.05732720364891507
adipocyte,unassigned,SPP1,CD44,SPP1,0.01829831118952408,3.11662203665575,0.05702891988685524
satellite_cell,adipogenic FAP,TNF,TNFRSF1A,TNF,0.019457991627902262,2.9271042802307075,0.05695557057872598
myonuclei_muscle_fiber,b_cell,TGFB1,TGFBR1,TGFB,0.07629339915116821,0.7456882248829969,0.05689108938332457
unassigned,homeostatic FAP,IL6,IL6R,IL6,0.039198908728989144,1.447118863448856,0.05672548024833021
unassigned,inflammatory FAP,COL1A1,ITGB1,ECM_integrin,0.014054344686345165,4.035099887545048,0.056710684663390715
t_cell,adipocyte,FN1,ITGA5,ECM_integrin,0.089786800072965,0.629206017470737,0.05649439489535158
DA-FAP,homeostatic FAP,SPP1,CD44,SPP1,0.015368449005934154,3.673274945417006,0.05645253868341682
t_cell,myonuclei_muscle_fiber,IL6,IL6ST,IL6,0.03276613539572399,1.7159025138850577,0.05622349409582096
homeostatic FAP,smooth_muscle_pericyte,TNF,TNFRSF1A,TNF,0.03608140528943205,1.5567120360784859,0.05616835789268482
macrophage_monocyte,b_cell,PDGFB,PDGFRB,PDGF,0.37405053735201593,0.1500450471143682,0.05612443050013797
smooth_muscle_pericyte,b_cell,COL1A1,ITGA1,ECM_integrin,1.8258434336364373,0.03069199497972761,0.05603877749893815
macrophage_monocyte,DA-FAP,CXCL12,CXCR4,CXCL12,0.6767710308881131,0.08277043775050516,0.05601663448346977
endothelial,unassigned,SPP1,CD44,SPP1,0.01782576593280195,3.11662203665575,0.0555561749264379
t_cell,satellite_cell,COL1A1,ITGA1,ECM_integrin,0.11367776805245931,0.48204560144123576,0.05479786807134505
DA-FAP,b_cell,SPP1,CD44,SPP1,0.015368449005934154,3.563833573157496,0.05477059453470708
ECM-remodeling FAP,unassigned,IL6,IL6ST,IL6,0.15284447196545328,0.3578708651745554,0.054698583419424844
myonuclei_muscle_fiber,schwann_cell,PDGFA,PDGFRA,PDGF,0.4475695461395059,0.12218767932812631,0.05468748418072898
endothelial,myonuclei_muscle_fiber,CXCL12,CXCR4,CXCL12,3.0110058996400517,0.01813705829410155,0.0546107895256553
ECM-remodeling FAP,ECM-remodeling FAP,JAG1,NOTCH1,NOTCH,1.9390346812954538,0.028081924080349045,0.05445182470930274
unassigned,t_cell,FN1,ITGA5,ECM_integrin,0.1305735344425986,0.416285548080337,0.05435587535022392
homeostatic FAP,satellite_cell,TNF,TNFRSF1A,TNF,0.03608140528943205,1.5008126089791556,0.05415142800806682
b_cell,adipogenic FAP,WNT5A,FZD4,WNT,0.03266098799906606,1.6561963175184302,0.054093008050566854
macrophage_monocyte,t_cell,PDGFB,PDGFRB,PDGF,0.37405053735201593,0.14422613208621282,0.05394786220705073
t_cell,t_cell,CCL2,CCR2,CCL,0.1749394611525226,0.30653437922087573,0.05362495912562302
macrophage_monocyte,macrophage_monocyte,PDGFB,PDGFRB,PDGF,0.37405053735201593,0.14320233862836718,0.05356491171400609
DA-FAP,adipogenic FAP,PDGFB,PDGFRB,PDGF,0.022419124201480643,2.3860566423544025,0.053493300216711226
schwann_cell,inflammatory FAP,IL6,IL6R,IL6,0.07951801331927251,0.6704619881926974,0.05331380530717284
b_cell,unassigned,FN1,ITGB1,ECM_integrin,0.06194349060138232,0.857836844767653,0.05313740853138458
DA-FAP,macrophage_monocyte,WNT5A,FZD4,WNT,1.2207413111664382,0.043268854070199037,0.05282007765032405
adipogenic FAP,adipocyte,TNF,TNFRSF1A,TNF,0.05122178099667866,1.0304555448563801,0.052781768245446684
ECM-remodeling FAP,endothelial,TNF,TNFRSF1A,TNF,0.030227042838924887,1.7456052715481678,0.05276448532293958
unassigned,unassigned,IL6,IL6R,IL6,0.039198908728989144,1.3421099946041897,0.05260924718275374
smooth_muscle_pericyte,macrophage_monocyte,SPP1,CD44,SPP1,0.010539155723134007,4.967461870217856,0.05235285419895648
smooth_muscle_pericyte,t_cell,SPP1,CD44,SPP1,0.010539155723134007,4.957426809703607,0.052247093133505736
unassigned,t_cell,COL1A1,ITGB1,ECM_integrin,0.014054344686345165,3.7090990054515887,0.05212895589839667
DA-FAP,homeostatic FAP,TNF,TNFRSF1A,TNF,0.024843115218009814,2.0915663183626334,0.0519610230331915
unassigned,smooth_muscle_pericyte,PDGFB,PDGFRB,PDGF,0.013110947141603584,3.9554246786240435,0.05185936388403418
macrophage_monocyte,DA-FAP,COL1A1,ITGA1,ECM_integrin,0.11972789169691629,0.4312271655258082,0.05162991937084216
t_cell,macrophage_monocyte,IL6,IL6R,IL6,0.03276613539572399,1.564121644357306,0.051250221574393934
inflammatory FAP,adipogenic FAP,JAG1,NOTCH1,NOTCH,0.7302812365196376,0.07014181446370683,0.051223250998286826
b_cell,satellite_cell,PDGFA,PDGFRA,PDGF,0.07200611936523879,0.7112091804838089,0.0512114131435708
schwann_cell,homeostatic FAP,COL1A1,ITGA1,ECM_integrin,0.29332353540737777,0.17442995850948448,0.0511644121109642
DA-FAP,homeostatic FAP,JAG1,NOTCH1,NOTCH,1.0022036096703049,0.05102059749133455,0.05113302697335119
b_cell,satellite_cell,COL1A1,ITGA1,ECM_integrin,0.10585858383917068,0.48204560144123576,0.05102866471447051
schwann_cell,adipogenic FAP,CXCL12,CXCR4,CXCL12,0.237134550449131,0.2150682846930639,0.05100012100655543
satellite_cell,inflammatory FAP,JAG1,NOTCH1,NOTCH,1.2982248262543947,0.03917970674653412,0.0508640679837174
schwann_cell,inflammatory FAP,COL1A1,ITGA1,ECM_integrin,0.29332353540737777,0.17338819021585566,0.05085883695200169
t_cell,macrophage_monocyte,IL6,IL6ST,IL6,0.03276613539572399,1.5515375768589044,0.05083789031491238
satellite_cell,macrophage_monocyte,TNF,TNFRSF1A,TNF,0.019457991627902262,2.609839413632586,0.05078223346063221
t_cell,unassigned,FN1,ITGA5,ECM_integrin,0.089786800072965,0.5643712961462256,0.05067309273400128
homeostatic FAP,homeostatic FAP,PDGFB,PDGFRB,PDGF,0.016186650699381383,3.126010886503331,0.05059964630229296
b_cell,homeostatic FAP,WNT5A,FZD4,WNT,0.03266098799906606,1.5486852012099066,0.050581588771047965
adipogenic FAP,DA-FAP,PDGFB,PDGFRB,PDGF,0.018384315837855568,2.7422841587699134,0.05041501809197415
homeostatic FAP,schwann_cell,TNF,TNFRSF1A,TNF,0.03608140528943205,1.3850017017767406,0.049972807728359686
myonuclei_muscle_fiber,homeostatic FAP,COL1A1,ITGA1,ECM_integrin,0.28618714599343914,0.17442995850948448,0.04991961200158337
myonuclei_muscle_fiber,schwann_cell,TGFB1,TGFBR1,TGFB,0.07629339915116821,0.6518580516666832,0.0497324665257091
myonuclei_muscle_fiber,satellite_cell,TGFB1,TGFBR1,TGFB,0.07629339915116821,0.6517209903725698,0.04972200965368913
b_cell,endothelial,WNT5A,FZD4,WNT,0.03266098799906606,1.5214582465992588,0.049692329533258486
myonuclei_muscle_fiber,inflammatory FAP,COL1A1,ITGA1,ECM_integrin,0.28618714599343914,0.17338819021585566,0.04962147130684328
ECM-remodeling FAP,schwann_cell,CCL2,CCR2,CCL,1.1049584810127602,0.04477808295596574,0.04947792252568727
smooth_muscle_pericyte,myonuclei_muscle_fiber,TNF,TNFRSF1A,TNF,0.09676041317906764,0.5082156347380845,0.049175154801319176
satellite_cell,myonuclei_muscle_fiber,PDGFB,PDGFRB,PDGF,0.12019068950771747,0.4088158381685128,0.04913585747114899
satellite_cell,DA-FAP,TNF,TNFRSF1A,TNF,0.019457991627902262,2.522350703182164,0.04907987886515193
t_cell,DA-FAP,COL1A1,ITGA1,ECM_integrin,0.11367776805245931,0.4312271655258082,0.0490209417005623
macrophage_monocyte,inflammatory FAP,CXCL12,CXCR4,CXCL12,0.6767710308881131,0.07234803511119856,0.04896305430493525
adipocyte,unassigned,COL1A1,ITGA1,ECM_integrin,0.6058540047639327,0.08067536113426722,0.04887749062897233
myonuclei_muscle_fiber,t_cell,TGFB1,TGFBR1,TGFB,0.07629339915116821,0.6397271780683619,0.04880696094422
adipocyte,satellite_cell,SPP1,CD44,SPP1,0.01829831118952408,2.6564684521288124,0.04860888640220636
endothelial,adipocyte,WNT5A,FZD4,WNT,0.04196554815044741,1.1517362687629717,0.04833324384338913
ECM-remodeling FAP,t_cell,IL6,IL6R,IL6,0.15284447196545328,0.314692399686627,0.04809899366164388
DA-FAP,unassigned,TNF,TNFRSF1A,TNF,0.024843115218009814,1.9333877306720861,0.04803137415417316
satellite_cell,myonuclei_muscle_fiber,WNT5A,FZD4,WNT,0.07453414538266893,0.6442254132051389,0.048016790607041795
adipocyte,homeostatic FAP,JAG1,NOTCH1,NOTCH,0.9401707198314758,0.05102059749133455,0.04796807186965999
DA-FAP,unassigned,SPP1,CD44,SPP1,0.015368449005934154,3.11662203665575,0.04789764684111454
adipogenic FAP,inflammatory FAP,PDGFB,PDGFRB,PDGF,0.018384315837855568,2.5891315593267925,0.047599412332423235
unassigned,ECM-remodeling FAP,PDGFB,PDGFRB,PDGF,0.013110947141603584,3.6235286932111044,0.0475078931627747
t_cell,homeostatic FAP,IL6,IL6R,IL6,0.03276613539572399,1.447118863448856,0.04741649261347144
endothelial,satellite_cell,SPP1,CD44,SPP1,0.01782576593280195,2.6564684521288124,0.047353584835520914
schwann_cell,t_cell,COL1A1,ITGA1,ECM_integrin,0.29332353540737777,0.16117686830010314,0.047276968835675566
DA-FAP,schwann_cell,PDGFA,PDGFRA,PDGF,0.386583885416965,0.12218767932812631,0.04723578782474924
ECM-remodeling FAP,smooth_muscle_pericyte,TNF,TNFRSF1A,TNF,0.030227042838924887,1.5567120360784859,0.04705480140241437
smooth_muscle_pericyte,DA-FAP,SPP1,CD44,SPP1,0.010539155723134007,4.441305456163125,0.04680760981650789
smooth_muscle_pericyte,inflammatory FAP,SPP1,CD44,SPP1,0.010539155723134007,4.435285456815737,0.0467441641059326
ECM-remodeling FAP,myonuclei_muscle_fiber,CXCL12,CXCR4,CXCL12,2.576647371235875,0.01813705829410155,0.04673280357544858
ECM-remodeling FAP,schwann_cell,WNT5A,FZD4,WNT,0.8542354563790328,0.054638774207362906,0.046674378221017575
schwann_cell,myonuclei_muscle_fiber,JAG1,NOTCH1,NOTCH,0.3661447942916008,0.127434295982386,0.04665940408816569
myonuclei_muscle_fiber,satellite_cell,WNT5A,FZD4,WNT,0.10724402316801838,0.4327330701468539,0.046408035400396924
macrophage_monocyte,satellite_cell,PDGFA,PDGFRA,PDGF,0.06514546869188097,0.7112091804838089,0.04633205540058629
endothelial,ECM-remodeling FAP,WNT5A,FZD4,WNT,0.04196554815044741,1.0994972114337298,0.04614100316770484
myonuclei_muscle_fiber,t_cell,COL1A1,ITGA1,ECM_integrin,0.28618714599343914,0.16117686830010314,0.04612674793896693
b_cell,adipocyte,JAG1,NOTCH1,NOTCH,0.05787892581253873,0.7962493321094488,0.046086056021446296
homeostatic FAP,ECM-remodeling FAP,JAG1,NOTCH1,NOTCH,1.6343054536371846,0.028081924080349045,0.04589444167313982
endothelial,b_cell,TNF,TNFRSF1A,TNF,0.11880594974112618,0.3844701237179918,0.045677338195404295
adipocyte,adipocyte,PDGFA,PDGFRA,PDGF,0.18131971142777284,0.2518612025716909,0.04566740057015084
b_cell,DA-FAP,COL1A1,ITGA1,ECM_integrin,0.10585858383917068,0.4312271655258082,0.0456490970555417
adipogenic FAP,schwann_cell,WNT5A,FZD4,WNT,0.8353034994231848,0.054638774207362906,0.04563995929960349
myonuclei_muscle_fiber,myonuclei_muscle_fiber,PDGFB,PDGFRB,PDGF,0.11128408945066876,0.4088158381685128,0.0454946983035949
ECM-remodeling FAP,satellite_cell,TNF,TNFRSF1A,TNF,0.030227042838924887,1.5008126089791556,0.04536512702481156
adipogenic FAP,myonuclei_muscle_fiber,PDGFA,PDGFRA,PDGF,0.13369384178440924,0.33798758415781355,0.045186858601489424
endothelial,unassigned,COL1A1,ITGA1,ECM_integrin,0.5593944596856071,0.08067536113426722,0.04512935005164464
unassigned,adipocyte,COL1A1,ITGA1,ECM_integrin,0.014054344686345165,3.204484386425788,0.04503692810883932
unassigned,adipocyte,JAG1,NOTCH1,NOTCH,0.05644994884448335,0.7962493321094488,0.04494823406503242
unassigned,endothelial,COL1A1,ITGA1,ECM_integrin,0.014054344686345165,3.1919471414053064,0.04486072534590431
schwann_cell,schwann_cell,CCL2,CCR2,CCL,0.9960133841222846,0.04477808295596574,0.044599569939479826
ECM-remodeling FAP,schwann_cell,PDGFA,PDGFRA,PDGF,0.3646809216853234,0.12218767932812631,0.04455951551597184
adipocyte,endothelial,PDGFA,PDGFRA,PDGF,0.18131971142777284,0.24524814268320855,0.04446832245951663
endothelial,DA-FAP,WNT5A,FZD4,WNT,0.04196554815044741,1.0584055064437186,0.04441656724336255
homeostatic FAP,DA-FAP,PDGFB,PDGFRB,PDGF,0.016186650699381383,2.7422841587699134,0.0443883957964555
unassigned,b_cell,CCL2,CCR2,CCL,0.1231487925514539,0.35960828336912404,0.04428532588840871
myonuclei_muscle_fiber,inflammatory FAP,TGFB1,TGFBR1,TGFB,0.07629339915116821,0.5785103027300682,0.04413651743924825
smooth_muscle_pericyte,myonuclei_muscle_fiber,CXCL12,CXCR4,CXCL12,2.432793070389611,0.01813705829410155,0.044123709735142666
schwann_cell,macrophage_monocyte,COL1A1,ITGA1,ECM_integrin,0.29332353540737777,0.14999251157086438,0.043996333778597956
t_cell,unassigned,IL6,IL6R,IL6,0.03276613539572399,1.3421099946041897,0.043975757799155274
adipocyte,smooth_muscle_pericyte,SPP1,CD44,SPP1,0.01829831118952408,2.4020422887528947,0.04395331728999713
adipogenic FAP,adipogenic FAP,PDGFB,PDGFRB,PDGF,0.018384315837855568,2.3860566423544025,0.043866018920056524
inflammatory FAP,satellite_cell,PDGFA,PDGFRA,PDGF,0.06146935868023552,0.7112091804838089,0.04371757221183561
unassigned,macrophage_monocyte,CCL2,CCR2,CCL,0.1231487925514539,0.3545614252886568,0.04366381140962062
myonuclei_muscle_fiber,smooth_muscle_pericyte,TGFB1,TGFBR1,TGFB,0.07629339915116821,0.5692835608480654,0.04343257793797981
unassigned,schwann_cell,FN1,ITGA5,ECM_integrin,0.1305735344425986,0.33218559188741703,0.04337464682364665
DA-FAP,endothelial,TNF,TNFRSF1A,TNF,0.024843115218009814,1.7456052715481678,0.04336627288623644
inflammatory FAP,schwann_cell,WNT5A,FZD4,WNT,0.7911889782714617,0.054638774207362906,0.043229595939128555
smooth_muscle_pericyte,satellite_cell,PDGFB,PDGFRB,PDGF,0.2547225184263724,0.16896125543218754,0.0430382365001684
myonuclei_muscle_fiber,macrophage_monocyte,COL1A1,ITGA1,ECM_integrin,0.28618714599343914,0.14999251157086438,0.04292592880685357
inflammatory FAP,ECM-remodeling FAP,TNF,TNFRSF1A,TNF,0.01144806283965319,3.7461060772991934,0.04288565777692788
unassigned,macrophage_monocyte,COL1A1,ITGB1,ECM_integrin,0.014054344686345165,3.049127603306565,0.04285349032951999
endothelial,smooth_muscle_pericyte,SPP1,CD44,SPP1,0.01782576593280195,2.4020422887528947,0.04281824360000098
adipogenic FAP,ECM-remodeling FAP,SPP1,CD44,SPP1,0.007359465109789853,5.769134044139827,0.04245774071154789
t_cell,smooth_muscle_pericyte,FN1,ITGA5,ECM_integrin,0.089786800072965,0.4728178348421229,0.04245280040790187
adipogenic FAP,ECM-remodeling FAP,JAG1,NOTCH1,NOTCH,1.5105892717662892,0.028081924080349045,0.04242025324633068
macrophage_monocyte,myonuclei_muscle_fiber,JAG1,NOTCH1,NOTCH,0.33224684850803393,0.127434295982386,0.04233964323198776
macrophage_monocyte,ECM-remodeling FAP,CXCL12,CXCR4,CXCL12,0.6767710308881131,0.06247529718922101,0.04228147128379034
homeostatic FAP,inflammatory FAP,PDGFB,PDGFRB,PDGF,0.016186650699381383,2.5891315593267925,0.04190936816556744
ECM-remodeling FAP,schwann_cell,TNF,TNFRSF1A,TNF,0.030227042838924887,1.3850017017767406,0.041864505771589414
unassigned,adipogenic FAP,IL6,IL6R,IL6,0.039198908728989144,1.0645857642360976,0.04173060020647194
endothelial,ECM-remodeling FAP,JAG1,NOTCH1,NOTCH,1.474334072876967,0.028081924080349045,0.04140213750360278
schwann_cell,DA-FAP,JAG1,NOTCH1,NOTCH,0.3661447942916008,0.11265708957384714,0.041248806887506706
unassigned,homeostatic FAP,PDGFB,PDGFRB,PDGF,0.013110947141603584,3.126010886503331,0.040984963497022533
DA-FAP,satellite_cell,SPP1,CD44,SPP1,0.015368449005934154,2.6564684521288124,0.04082579994241449
unassigned,unassigned,CXCL12,CXCR4,CXCL12,0.01001565066110896,4.071164537925211,0.04077536179575399
satellite_cell,homeostatic FAP,TNF,TNFRSF1A,TNF,0.019457991627902262,2.0915663183626334,0.04069767991190248
unassigned,t_cell,IL6,IL6ST,IL6,0.039198908728989144,1.037456807318021,0.04066717470032758
smooth_muscle_pericyte,macrophage_monocyte,PDGFA,PDGFRA,PDGF,0.8682712693446457,0.04658249091727837,0.040446238517980716
macrophage_monocyte,homeostatic FAP,CXCL12,CXCR4,CXCL12,0.6767710308881131,0.05935646971589989,0.040170739199508636
adipocyte,satellite_cell,WNT5A,FZD4,WNT,0.09174098983401471,0.4327330701468539,0.039699360189184504
b_cell,ECM-remodeling FAP,SPP1,CD44,SPP1,0.006873362243351475,5.769134044139827,0.03965334811582429
unassigned,ECM-remodeling FAP,IL6,IL6R,IL6,0.039198908728989144,1.0115513940007823,0.0396517107681184
ECM-remodeling FAP,adipocyte,IL6,IL6R,IL6,0.15284447196545328,0.25894850960117244,0.03957884821623231
macrophage_monocyte,myonuclei_muscle_fiber,SPP1,CD44,SPP1,0.1802246025694198,0.2192239257680664,0.03950954489525776
smooth_muscle_pericyte,adipogenic FAP,SPP1,CD44,SPP1,0.010539155723134007,3.730187973215746,0.039313031926282375
DA-FAP,inflammatory FAP,JAG1,NOTCH1,NOTCH,1.0022036096703049,0.03917970674653412,0.03926604352720049
t_cell,satellite_cell,PDGFA,PDGFRA,PDGF,0.055103555814550814,0.7112091804838089,0.03919015477261051
schwann_cell,myonuclei_muscle_fiber,PDGFB,PDGFRB,PDGF,0.09539084527738038,0.4088158381685128,0.03899728836567518
b_cell,adipocyte,FN1,ITGA5,ECM_integrin,0.06194349060138232,0.629206017470737,0.0389752170295318
smooth_muscle_pericyte,homeostatic FAP,SPP1,CD44,SPP1,0.010539155723134007,3.673274945417006,0.0387132166636364
DA-FAP,smooth_muscle_pericyte,TNF,TNFRSF1A,TNF,0.024843115218009814,1.5567120360784859,0.03867357647356048
homeostatic FAP,adipogenic FAP,PDGFB,PDGFRB,PDGF,0.016186650699381383,2.3860566423544025,0.038622265418729484
satellite_cell,endothelial,PDGFB,PDGFRB,PDGF,0.12019068950771747,0.3202374231395514,0.038489556693317356
smooth_muscle_pericyte,b_cell,PDGFB,PDGFRB,PDGF,0.2547225184263724,0.1500450471143682,0.038219852278375564
unassigned,myonuclei_muscle_fiber,IL6,IL6R,IL6,0.039198908728989144,0.9732220802046789,0.03814924349498016
endothelial,schwann_cell,PDGFA,PDGFRA,PDGF,0.31131382140999975,0.12218767932812631,0.03803871338085863
ECM-remodeling FAP,b_cell,IL6,IL6R,IL6,0.15284447196545328,0.24759931701419544,0.03784418686804157
unassigned,t_cell,CCL2,CCR2,CCL,0.1231487925514539,0.30653437922087573,0.03774933867656033
satellite_cell,unassigned,TNF,TNFRSF1A,TNF,0.019457991627902262,1.9333877306720861,0.03761984227690641
b_cell,adipocyte,WNT5A,FZD4,WNT,0.03266098799906606,1.1517362687629717,0.037616844452156545
smooth_muscle_pericyte,b_cell,SPP1,CD44,SPP1,0.010539155723134007,3.563833573157496,0.03755979699883994
inflammatory FAP,inflammatory FAP,TNF,TNFRSF1A,TNF,0.01144806283965319,3.278209645622694,0.03752915002464581
satellite_cell,b_cell,COL1A1,ITGA1,ECM_integrin,1.2200959524676651,0.03069199497972761,0.037447178847923555
macrophage_monocyte,DA-FAP,JAG1,NOTCH1,NOTCH,0.33224684850803393,0.11265708957384714,0.037429962972998
t_cell,t_cell,FN1,ITGA5,ECM_integrin,0.089786800072965,0.416285548080337,0.037376947278753875
DA-FAP,satellite_cell,TNF,TNFRSF1A,TNF,0.024843115218009814,1.5008126089791556,0.03728486056551107
inflammatory FAP,homeostatic FAP,JAG1,NOTCH1,NOTCH,0.7302812365196376,0.05102059749133455,0.037259385023942514
smooth_muscle_pericyte,b_cell,TNF,TNFRSF1A,TNF,0.09676041317906764,0.3844701237179918,0.037201488025960135
homeostatic FAP,adipocyte,TNF,TNFRSF1A,TNF,0.03608140528943205,1.0304555448563801,0.03718028414670558
myonuclei_muscle_fiber,myonuclei_muscle_fiber,TGFB1,TGFBR2,TGFB,0.07629339915116821,0.48672930596096875,0.03713423321825127
ECM-remodeling FAP,endothelial,IL6,IL6R,IL6,0.15284447196545328,0.24184808126642582,0.03696514227702489
ECM-remodeling FAP,macrophage_monocyte,WNT5A,FZD4,WNT,0.8542354563790328,0.043268854070199037,0.03696178930365424
DA-FAP,smooth_muscle_pericyte,SPP1,CD44,SPP1,0.015368449005934154,2.4020422887528947,0.03691566442479623
t_cell,adipocyte,JAG1,NOTCH1,NOTCH,0.04633096311092012,0.7962493321094488,0.03689099843305766
adipocyte,inflammatory FAP,JAG1,NOTCH1,NOTCH,0.9401707198314758,0.03917970674653412,0.03683561309467511
smooth_muscle_pericyte,t_cell,PDGFB,PDGFRB,PDGF,0.2547225184263724,0.14422613208621282,0.03673764358789476
adipogenic FAP,macrophage_monocyte,SPP1,CD44,SPP1,0.007359465109789853,4.967461870217856,0.03655786231807977
adipogenic FAP,t_cell,SPP1,CD44,SPP1,0.007359465109789853,4.957426809703607,0.03648400964035052
smooth_muscle_pericyte,macrophage_monocyte,PDGFB,PDGFRB,PDGF,0.2547225184263724,0.14320233862836718,0.036476860339963876
homeostatic FAP,schwann_cell,PDGFA,PDGFRA,PDGF,0.2984734361435038,0.12218767932812631,0.03646977650346643
satellite_cell,ECM-remodeling FAP,JAG1,NOTCH1,NOTCH,1.2982248262543947,0.028081924080349045,0.03645665101010024
unassigned,macrophage_monocyte,CXCL12,CXCR4,CXCL12,0.01001565066110896,3.634498012965207,0.036401862426354174
macrophage_monocyte,myonuclei_muscle_fiber,COL1A1,ITGA1,ECM_integrin,0.11972789169691629,0.30300246315056983,0.03627784609199029
adipogenic FAP,macrophage_monocyte,WNT5A,FZD4,WNT,0.8353034994231848,0.043268854070199037,0.03614262522086837
unassigned,DA-FAP,PDGFB,PDGFRB,PDGF,0.013110947141603584,2.7422841587699134,0.03595394265288918
b_cell,ECM-remodeling FAP,WNT5A,FZD4,WNT,0.03266098799906606,1.0994972114337298,0.03591066522764365
unassigned,satellite_cell,FN1,ITGA5,ECM_integrin,0.1305735344425986,0.2736609232921634,0.03573287399308263
myonuclei_muscle_fiber,ECM-remodeling FAP,TNF,TNFRSF1A,TNF,0.009515472782029539,3.7461060772991934,0.03564597041713592
myonuclei_muscle_fiber,endothelial,PDGFB,PDGFRB,PDGF,0.11128408945066876,0.3202374231395514,0.035637330042113495
b_cell,smooth_muscle_pericyte,PDGFA,PDGFRA,PDGF,0.07200611936523879,0.4910047815420876,0.035355348908622554
schwann_cell,satellite_cell,IL6,IL6R,IL6,0.07951801331927251,0.44215124286966034,0.035158988419642545
endothelial,inflammatory FAP,WNT5A,FZD4,WNT,0.04196554815044741,0.8330476977480459,0.03495930327146498
b_cell,unassigned,FN1,ITGA5,ECM_integrin,0.06194349060138232,0.5643712961462256,0.03495912807852369
t_cell,adipogenic FAP,IL6,IL6R,IL6,0.03276613539572399,1.0645857642360976,0.034882361291320274
myonuclei_muscle_fiber,unassigned,TGFB1,TGFBR2,TGFB,0.07629339915116821,0.45544096789429533,0.03474713955335386
b_cell,DA-FAP,WNT5A,FZD4,WNT,0.03266098799906606,1.0584055064437186,0.03456856954410373
t_cell,myonuclei_muscle_fiber,COL1A1,ITGA1,ECM_integrin,0.11367776805245931,0.30300246315056983,0.03444464372535433
DA-FAP,schwann_cell,TNF,TNFRSF1A,TNF,0.024843115218009814,1.3850017017767406,0.03440775685437924
inflammatory FAP,macrophage_monocyte,WNT5A,FZD4,WNT,0.7911889782714617,0.043268854070199037,0.03423384044277775
adipogenic FAP,t_cell,TNF,TNFRSF1A,TNF,0.05122178099667866,0.6682549804617375,0.03422921025915089
b_cell,macrophage_monocyte,SPP1,CD44,SPP1,0.006873362243351475,4.967461870217856,0.03414316486404352
t_cell,myonuclei_muscle_fiber,PDGFB,PDGFRB,PDGF,0.08350427351246759,0.4088158381685128,0.03413786956665218
b_cell,t_cell,SPP1,CD44,SPP1,0.006873362243351475,4.957426809703607,0.03407419025799513
t_cell,t_cell,IL6,IL6ST,IL6,0.03276613539572399,1.037456807318021,0.03399345021579781
satellite_cell,endothelial,TNF,TNFRSF1A,TNF,0.019457991627902262,1.7456052715481678,0.033965972759406306
unassigned,inflammatory FAP,PDGFB,PDGFRB,PDGF,0.013110947141603584,2.5891315593267925,0.03394596701699124
macrophage_monocyte,adipogenic FAP,COL1A1,ITGA1,ECM_integrin,0.11972789169691629,0.28324564235193234,0.03391240359113564
schwann_cell,adipogenic FAP,WNT5A,FZD4,WNT,0.020446530464991956,1.6561963175184302,0.03386346846214807
myonuclei_muscle_fiber,myonuclei_muscle_fiber,JAG1,NOTCH1,NOTCH,0.2647498457137947,0.127434295982386,0.03373821019998274
adipogenic FAP,adipocyte,PDGFA,PDGFRA,PDGF,0.13369384178440924,0.2518612025716909,0.03367229176825069
schwann_cell,smooth_muscle_pericyte,IL6,IL6R,IL6,0.07951801331927251,0.4229797133495883,0.03363450647991463
endothelial,smooth_muscle_pericyte,WNT5A,FZD4,WNT,0.04196554815044741,0.8000048185452701,0.033572640733251474
inflammatory FAP,adipogenic FAP,TNF,TNFRSF1A,TNF,0.01144806283965319,2.9271042802307075,0.03350967373829896
t_cell,ECM-remodeling FAP,IL6,IL6R,IL6,0.03276613539572399,1.0115513940007823,0.033144629935562976
smooth_muscle_pericyte,unassigned,SPP1,CD44,SPP1,0.010539155723134007,3.11662203665575,0.032846564974466017
adipogenic FAP,endothelial,PDGFA,PDGFRA,PDGF,0.13369384178440924,0.24524814268320855,0.03278816638580911
adipogenic FAP,DA-FAP,SPP1,CD44,SPP1,0.007359465109789853,4.441305456163125,0.032685632546551824
adipogenic FAP,inflammatory FAP,SPP1,CD44,SPP1,0.007359465109789853,4.435285456815737,0.03264132857139376
unassigned,DA-FAP,IL6,IL6R,IL6,0.039198908728989144,0.8317403462815625,0.03260331392010879
satellite_cell,satellite_cell,WNT5A,FZD4,WNT,0.07453414538266893,0.4327330701468539,0.03225338956221428
t_cell,adipogenic FAP,COL1A1,ITGA1,ECM_integrin,0.11367776805245931,0.28324564235193234,0.03219873243315281
b_cell,myonuclei_muscle_fiber,COL1A1,ITGA1,ECM_integrin,0.10585858383917068,0.30300246315056983,0.03207541164889982
macrophage_monocyte,smooth_muscle_pericyte,PDGFA,PDGFRA,PDGF,0.06514546869188097,0.4910047815420876,0.03198673662351392
t_cell,myonuclei_muscle_fiber,IL6,IL6R,IL6,0.03276613539572399,0.9732220802046789,0.03188872645009466
schwann_cell,homeostatic FAP,WNT5A,FZD4,WNT,0.020446530464991956,1.5486852012099066,0.03166523914722055
unassigned,adipogenic FAP,PDGFB,PDGFRB,PDGF,0.013110947141603584,2.3860566423544025,0.0312834625147807
myonuclei_muscle_fiber,inflammatory FAP,TNF,TNFRSF1A,TNF,0.009515472782029539,3.278209645622694,0.031193714656709445
ECM-remodeling FAP,adipocyte,TNF,TNFRSF1A,TNF,0.030227042838924887,1.0304555448563801,0.031147623897981487
schwann_cell,endothelial,WNT5A,FZD4,WNT,0.020446530464991956,1.5214582465992588,0.03110854239030499
satellite_cell,schwann_cell,PDGFB,PDGFRB,PDGF,0.12019068950771747,0.258392576201786,0.03105638189736809
schwann_cell,schwann_cell,IL6,IL6R,IL6,0.07951801331927251,0.38608520159860193,0.03070072820309164
schwann_cell,endothelial,PDGFB,PDGFRB,PDGF,0.09539084527738038,0.3202374231395514,0.03054771848273194
b_cell,DA-FAP,SPP1,CD44,SPP1,0.006873362243351475,4.441305456163125,0.030526701233582525
b_cell,inflammatory FAP,SPP1,CD44,SPP1,0.006873362243351475,4.435285456815737,0.030485323597363185
DA-FAP,adipocyte,CCL2,CCR2,CCL,4.394311676523798,0.0069161115969863,0.030391549946778548
b_cell,adipocyte,PDGFB,PDGFRB,PDGF,0.03594058224456783,0.8428111834299699,0.030291124654706375
satellite_cell,smooth_muscle_pericyte,TNF,TNFRSF1A,TNF,0.019457991627902262,1.5567120360784859,0.030290489765069862
inflammatory FAP,smooth_muscle_pericyte,PDGFA,PDGFRA,PDGF,0.06146935868023552,0.4910047815420876,0.030181749030321267
unassigned,adipogenic FAP,WNT5A,FZD4,WNT,0.018143518883634423,1.6561963175184302,0.030049229161901433
b_cell,adipogenic FAP,COL1A1,ITGA1,ECM_integrin,0.10585858383917068,0.28324564235193234,0.029983982577991782
inflammatory FAP,macrophage_monocyte,TNF,TNFRSF1A,TNF,0.01144806283965319,2.609839413632586,0.029877605608669477
myonuclei_muscle_fiber,DA-FAP,JAG1,NOTCH1,NOTCH,0.2647498457137947,0.11265708957384714,0.029825947083241176
t_cell,schwann_cell,FN1,ITGA5,ECM_integrin,0.089786800072965,0.33218559188741703,0.029825881325915054
b_cell,satellite_cell,JAG1,NOTCH1,NOTCH,0.05787892581253873,0.5126798481511321,0.029673358896722995
unassigned,b_cell,IL6,IL6ST,IL6,0.039198908728989144,0.7521923520603448,0.029485119355057127
b_cell,smooth_muscle_pericyte,FN1,ITGA5,ECM_integrin,0.06194349060138232,0.4728178348421229,0.02928798710870898
satellite_cell,satellite_cell,TNF,TNFRSF1A,TNF,0.019457991627902262,1.5008126089791556,0.02920279918056656
unassigned,satellite_cell,JAG1,NOTCH1,NOTCH,0.05644994884448335,0.5126798481511321,0.028940751201728898
inflammatory FAP,DA-FAP,TNF,TNFRSF1A,TNF,0.01144806283965319,2.522350703182164,0.02887602935367282
myonuclei_muscle_fiber,schwann_cell,PDGFB,PDGFRB,PDGF,0.11128408945066876,0.258392576201786,0.0287549825634283
inflammatory FAP,inflammatory FAP,JAG1,NOTCH1,NOTCH,0.7302812365196376,0.03917970674653412,0.028612204689335726
schwann_cell,unassigned,IL6,IL6ST,IL6,0.07951801331927251,0.3578708651745554,0.028457180223529874
b_cell,macrophage_monocyte,JAG1,NOTCH1,NOTCH,0.05787892581253873,0.48761209433966923,0.02822246423358235
DA-FAP,ECM-remodeling FAP,JAG1,NOTCH1,NOTCH,1.0022036096703049,0.028081924080349045,0.02814380567981327
unassigned,homeostatic FAP,WNT5A,FZD4,WNT,0.018143518883634423,1.5486852012099066,0.028098599192957117
smooth_muscle_pericyte,satellite_cell,SPP1,CD44,SPP1,0.010539155723134007,2.6564684521288124,0.02799693469057831
myonuclei_muscle_fiber,adipogenic FAP,TNF,TNFRSF1A,TNF,0.009515472782029539,2.9271042802307075,0.02785278110869746
unassigned,endothelial,WNT5A,FZD4,WNT,0.018143518883634423,1.5214582465992588,0.02760460642783497
unassigned,macrophage_monocyte,JAG1,NOTCH1,NOTCH,0.05644994884448335,0.48761209433966923,0.027525677781425718
adipogenic FAP,adipogenic FAP,SPP1,CD44,SPP1,0.007359465109789853,3.730187973215746,0.027452188241839013
macrophage_monocyte,adipogenic FAP,WNT5A,FZD4,WNT,0.01646655180114709,1.6561963175184302,0.027271842455286282
t_cell,DA-FAP,IL6,IL6R,IL6,0.03276613539572399,0.8317403462815625,0.027252916800348033
b_cell,inflammatory FAP,WNT5A,FZD4,WNT,0.03266098799906606,0.8330476977480459,0.027208160858798538
DA-FAP,unassigned,CCL2,CCR2,CCL,4.394311676523798,0.006158302157958443,0.027061499080278488
t_cell,smooth_muscle_pericyte,PDGFA,PDGFRA,PDGF,0.055103555814550814,0.4910047815420876,0.027056109384915754
endothelial,myonuclei_muscle_fiber,WNT5A,FZD4,WNT,0.04196554815044741,0.6442254132051389,0.027035272597602137
adipogenic FAP,homeostatic FAP,SPP1,CD44,SPP1,0.007359465109789853,3.673274945417006,0.027033338799461685
satellite_cell,schwann_cell,TNF,TNFRSF1A,TNF,0.019457991627902262,1.3850017017767406,0.026949351517802204
t_cell,endothelial,PDGFB,PDGFRB,PDGF,0.08350427351246759,0.3202374231395514,0.026741193370772916
unassigned,smooth_muscle_pericyte,COL1A1,ITGA1,ECM_integrin,0.014054344686345165,1.9022581954484825,0.026734992361257922
adipocyte,ECM-remodeling FAP,JAG1,NOTCH1,NOTCH,0.9401707198314758,0.028081924080349045,0.026401802776874615
b_cell,schwann_cell,JAG1,NOTCH1,NOTCH,0.05787892581253873,0.45598061952044994,0.026391668449179572
unassigned,inflammatory FAP,IL6,IL6R,IL6,0.039198908728989144,0.6704619881926974,0.026281378281422144
adipogenic FAP,b_cell,SPP1,CD44,SPP1,0.007359465109789853,3.563833573157496,0.026227908838750296
b_cell,smooth_muscle_pericyte,WNT5A,FZD4,WNT,0.03266098799906606,0.8000048185452701,0.026128947777702086
schwann_cell,macrophage_monocyte,PDGFA,PDGFRA,PDGF,0.5598983109884971,0.04658249091727837,0.026081457986221163
adipogenic FAP,myonuclei_muscle_fiber,TNF,TNFRSF1A,TNF,0.05122178099667866,0.5082156347380845,0.0260317099416422
unassigned,satellite_cell,PDGFA,PDGFRA,PDGF,0.03628134958693189,0.7112091804838089,0.025803628906568406
b_cell,t_cell,FN1,ITGA5,ECM_integrin,0.06194349060138232,0.416285548080337,0.025786179935005645
unassigned,schwann_cell,JAG1,NOTCH1,NOTCH,0.05644994884448335,0.45598061952044994,0.025740082646005226
schwann_cell,adipogenic FAP,JAG1,NOTCH1,NOTCH,0.3661447942916008,0.07014181446370683,0.02568206022805357
b_cell,adipogenic FAP,SPP1,CD44,SPP1,0.006873362243351475,3.730187973215746,0.025638933175704873
DA-FAP,adipocyte,TNF,TNFRSF1A,TNF,0.024843115218009814,1.0304555448563801,0.02559972582790413
macrophage_monocyte,homeostatic FAP,WNT5A,FZD4,WNT,0.01646655180114709,1.5486852012099066,0.02550150508939283
macrophage_monocyte,ECM-remodeling FAP,COL1A1,ITGA1,ECM_integrin,0.11972789169691629,0.2122363000576248,0.025410604747453533
unassigned,b_cell,COL1A1,ITGB1,ECM_integrin,0.014054344686345165,1.802859462964509,0.025338008313542344
smooth_muscle_pericyte,smooth_muscle_pericyte,SPP1,CD44,SPP1,0.010539155723134007,2.4020422887528947,0.02531549773471998
b_cell,homeostatic FAP,SPP1,CD44,SPP1,0.006873362243351475,3.673274945417006,0.0252477493192782
macrophage_monocyte,endothelial,WNT5A,FZD4,WNT,0.01646655180114709,1.5214582465992588,0.025053171030909118
schwann_cell,t_cell,IL6,IL6R,IL6,0.07951801331927251,0.314692399686627,0.025023714429755033
myonuclei_muscle_fiber,macrophage_monocyte,TNF,TNFRSF1A,TNF,0.009515472782029539,2.609839413632586,0.024833855905888803
smooth_muscle_pericyte,adipocyte,CCL2,CCR2,CCL,3.5798670374910477,0.0069161115969863,0.024758759933660824
schwann_cell,schwann_cell,PDGFB,PDGFRB,PDGF,0.09539084527738038,0.258392576201786,0.02464828625728829
t_cell,b_cell,IL6,IL6ST,IL6,0.03276613539572399,0.7521923520603448,0.024646436451237347
myonuclei_muscle_fiber,endothelial,TGFB1,TGFBR1,TGFB,0.07629339915116821,0.32246654108137585,0.02460206853161799
t_cell,satellite_cell,FN1,ITGA5,ECM_integrin,0.089786800072965,0.2736609232921634,0.024571138607416484
b_cell,smooth_muscle_pericyte,JAG1,NOTCH1,NOTCH,0.05787892581253873,0.4233719222603423,0.024504312079618267
b_cell,b_cell,SPP1,CD44,SPP1,0.006873362243351475,3.563833573157496,0.02449551912332911
b_cell,myonuclei_muscle_fiber,PDGFA,PDGFRA,PDGF,0.07200611936523879,0.33798758415781355,0.024337174328836215
unassigned,myonuclei_muscle_fiber,FN1,ITGA5,ECM_integrin,0.1305735344425986,0.18526119388187495,0.024190208880211932
t_cell,ECM-remodeling FAP,COL1A1,ITGA1,ECM_integrin,0.11367776805245931,0.2122363000576248,0.02412654889026283
homeostatic FAP,t_cell,TNF,TNFRSF1A,TNF,0.03608140528943205,0.6682549804617375,0.024111578786721446
myonuclei_muscle_fiber,DA-FAP,TNF,TNFRSF1A,TNF,0.009515472782029539,2.522350703182164,0.02400135946286295
inflammatory FAP,homeostatic FAP,TNF,TNFRSF1A,TNF,0.01144806283965319,2.0915663183626334,0.023944382645917497
unassigned,smooth_muscle_pericyte,JAG1,NOTCH1,NOTCH,0.05644994884448335,0.4233719222603423,0.023899323353786906
t_cell,satellite_cell,JAG1,NOTCH1,NOTCH,0.04633096311092012,0.5126798481511321,0.023752951132402233
schwann_cell,unassigned,COL1A1,ITGA1,ECM_integrin,0.29332353540737777,0.08067536113426722,0.02366398214817022
schwann_cell,adipocyte,WNT5A,FZD4,WNT,0.020446530464991956,1.1517362687629717,0.023549010706898264
macrophage_monocyte,adipogenic FAP,JAG1,NOTCH1,NOTCH,0.33224684850803393,0.07014181446370683,0.023304396804201828
myonuclei_muscle_fiber,unassigned,COL1A1,ITGA1,ECM_integrin,0.28618714599343914,0.08067536113426722,0.02308825135500596
adipocyte,adipocyte,CCL2,CCR2,CCL,3.3379445531361287,0.0069161115969863,0.023085597034042032
b_cell,unassigned,JAG1,NOTCH1,NOTCH,0.05787892581253873,0.397996860625663,0.023035630769776064
endothelial,adipocyte,CCL2,CCR2,CCL,3.3301823187955066,0.0069161115969863,0.023031912555100332
adipogenic FAP,unassigned,SPP1,CD44,SPP1,0.007359465109789853,3.11662203665575,0.022936671139170185
unassigned,myonuclei_muscle_fiber,COL1A1,ITGB1,ECM_integrin,0.014054344686345165,1.624832279599497,0.02283595291499129
myonuclei_muscle_fiber,adipocyte,TGFB1,TGFBR1,TGFB,0.07629339915116821,0.2987653398930812,0.022793823328997282
t_cell,macrophage_monocyte,JAG1,NOTCH1,NOTCH,0.04633096311092012,0.48761209433966923,0.022591537955289717
unassigned,b_cell,FN1,ITGA5,ECM_integrin,0.1305735344425986,0.1729038548259379,0.022576667443372667
schwann_cell,ECM-remodeling FAP,WNT5A,FZD4,WNT,0.020446530464991956,1.0994972114337298,0.02248090322975346
b_cell,ECM-remodeling FAP,COL1A1,ITGA1,ECM_integrin,0.10585858383917068,0.2122363000576248,0.02246703416336546
unassigned,unassigned,JAG1,NOTCH1,NOTCH,0.05644994884448335,0.397996860625663,0.022466902422583646
adipocyte,schwann_cell,PDGFA,PDGFRA,PDGF,0.18131971142777284,0.12218767932812631,0.022155034755805107
inflammatory FAP,unassigned,TNF,TNFRSF1A,TNF,0.01144806283965319,1.9333877306720861,0.022133544234148518
satellite_cell,adipocyte,CCL2,CCR2,CCL,3.198612315159484,0.0069161115969863,0.022121959727137704
adipocyte,schwann_cell,SPP1,CD44,SPP1,0.01829831118952408,1.2064954544612572,0.022076829274478363
smooth_muscle_pericyte,unassigned,CCL2,CCR2,CCL,3.5798670374910477,0.006158302157958443,0.02204590290218542
macrophage_monocyte,myonuclei_muscle_fiber,PDGFA,PDGFRA,PDGF,0.06514546869188097,0.33798758415781355,0.022018359581997327
t_cell,inflammatory FAP,IL6,IL6R,IL6,0.03276613539572399,0.6704619881926974,0.021968448282808223
schwann_cell,DA-FAP,WNT5A,FZD4,WNT,0.020446530464991956,1.0584055064437186,0.02164072043181673
unassigned,schwann_cell,CXCL12,CXCR4,CXCL12,0.01001565066110896,2.15520689292098,0.0215857993419106
t_cell,schwann_cell,PDGFB,PDGFRB,PDGF,0.08350427351246759,0.258392576201786,0.02157688435674506
endothelial,schwann_cell,SPP1,CD44,SPP1,0.01782576593280195,1.2064954544612572,0.021506705570215886
b_cell,unassigned,SPP1,CD44,SPP1,0.006873362243351475,3.11662203665575,0.02142167223354681
t_cell,ECM-remodeling FAP,SPP1,CD44,SPP1,0.0037017289299512714,5.769134044139827,0.021355770391959173
DA-FAP,adipogenic FAP,CCL2,CCR2,CCL,4.394311676523798,0.004856273839668318,0.021339980838051546
b_cell,t_cell,JAG1,NOTCH1,NOTCH,0.05787892581253873,0.36748406365985364,0.02126958285785893
t_cell,schwann_cell,JAG1,NOTCH1,NOTCH,0.04633096311092012,0.45598061952044994,0.02112602126229647
unassigned,satellite_cell,CXCL12,CXCR4,CXCL12,0.01001565066110896,2.1064633861075124,0.021097601405669526
b_cell,myonuclei_muscle_fiber,WNT5A,FZD4,WNT,0.03266098799906606,0.6442254132051389,0.02104103848938642
unassigned,adipocyte,WNT5A,FZD4,WNT,0.018143518883634423,1.1517362687629717,0.020896548741267628
macrophage_monocyte,homeostatic FAP,COL1A1,ITGA1,ECM_integrin,0.11972789169691629,0.17442995850948448,0.02088413118112116
myonuclei_muscle_fiber,macrophage_monocyte,PDGFA,PDGFRA,PDGF,0.4475695461395059,0.04658249091727837,0.020848904317893935
inflammatory FAP,myonuclei_muscle_fiber,PDGFA,PDGFRA,PDGF,0.06146935868023552,0.33798758415781355,0.02077588004006293
macrophage_monocyte,inflammatory FAP,COL1A1,ITGA1,ECM_integrin,0.11972789169691629,0.17338819021585566,0.020759402459688287
unassigned,t_cell,JAG1,NOTCH1,NOTCH,0.05644994884448335,0.36748406365985364,0.020744456594761602
myonuclei_muscle_fiber,myonuclei_muscle_fiber,CXCL12,CXCR4,CXCL12,1.1398234272417804,0.01813705829410155,0.020673043944866788
schwann_cell,adipocyte,IL6,IL6R,IL6,0.07951801331927251,0.25894850960117244,0.020591071035471795
b_cell,schwann_cell,FN1,ITGA5,ECM_integrin,0.06194349060138232,0.33218559188741703,0.02057673508899284
adipocyte,unassigned,CCL2,CCR2,CCL,3.3379445531361287,0.006158302157958443,0.020556071144723853
endothelial,unassigned,CCL2,CCR2,CCL,3.3301823187955066,0.006158302157958443,0.02050826896023342
inflammatory FAP,ECM-remodeling FAP,JAG1,NOTCH1,NOTCH,0.7302812365196376,0.028081924080349045,0.02050770224124789
b_cell,b_cell,JAG1,NOTCH1,NOTCH,0.05787892581253873,0.3512957475548897,0.020332620510989795
satellite_cell,satellite_cell,PDGFB,PDGFRB,PDGF,0.12019068950771747,0.16896125543218754,0.020307569790484193
ECM-remodeling FAP,t_cell,TNF,TNFRSF1A,TNF,0.030227042838924887,0.6682549804617375,0.020199371921741854
satellite_cell,t_cell,PDGFA,PDGFRA,PDGF,1.3906269159579585,0.014483376664053239,0.02014097342298982
satellite_cell,adipocyte,TNF,TNFRSF1A,TNF,0.019457991627902262,1.0304555448563801,0.02005059536474091
inflammatory FAP,endothelial,TNF,TNFRSF1A,TNF,0.01144806283965319,1.7456052715481678,0.019983798841913293
myonuclei_muscle_fiber,myonuclei_muscle_fiber,TGFB1,TGFBR1,TGFB,0.07629339915116821,0.26163699326434947,0.019961175559828525
unassigned,ECM-remodeling FAP,WNT5A,FZD4,WNT,0.018143518883634423,1.0994972114337298,0.019948748418151266
myonuclei_muscle_fiber,homeostatic FAP,TNF,TNFRSF1A,TNF,0.009515472782029539,2.0915663183626334,0.019902242374189368
unassigned,b_cell,JAG1,NOTCH1,NOTCH,0.05644994884448335,0.3512957475548897,0.01983062697875806
t_cell,homeostatic FAP,COL1A1,ITGA1,ECM_integrin,0.11367776805245931,0.17442995850948448,0.01982880836484128
adipocyte,adipocyte,SPP1,CD44,SPP1,0.01829831118952408,1.078995143418856,0.019743788906263396
t_cell,inflammatory FAP,COL1A1,ITGA1,ECM_integrin,0.11367776805245931,0.17338819021585566,0.019710382470393736
satellite_cell,unassigned,CCL2,CCR2,CCL,3.198612315159484,0.006158302157958443,0.0196980211229191
adipogenic FAP,b_cell,TNF,TNFRSF1A,TNF,0.05122178099667866,0.3844701237179918,0.019693244476848924
schwann_cell,b_cell,IL6,IL6R,IL6,0.07951801331927251,0.24759931701419544,0.01968860578817757
schwann_cell,DA-FAP,CXCL12,CXCR4,CXCL12,0.237134550449131,0.08277043775050516,0.019627730546443824
t_cell,smooth_muscle_pericyte,JAG1,NOTCH1,NOTCH,0.04633096311092012,0.4233719222603423,0.019615228912443262
adipogenic FAP,satellite_cell,SPP1,CD44,SPP1,0.007359465109789853,2.6564684521288124,0.01955018688869945
macrophage_monocyte,t_cell,COL1A1,ITGA1,ECM_integrin,0.11972789169691629,0.16117686830010314,0.01929736663188289
satellite_cell,myonuclei_muscle_fiber,CXCL12,CXCR4,CXCL12,1.062568632920575,0.01813705829410155,0.01927186923676426
endothelial,adipocyte,SPP1,CD44,SPP1,0.01782576593280195,1.078995143418856,0.019233914869214597
schwann_cell,endothelial,IL6,IL6R,IL6,0.07951801331927251,0.24184808126642582,0.019231278947384148
unassigned,DA-FAP,WNT5A,FZD4,WNT,0.018143518883634423,1.0584055064437186,0.019203200292704264
homeostatic FAP,ECM-remodeling FAP,SPP1,CD44,SPP1,0.003305744127084456,5.769134044139827,0.01907128098477823
macrophage_monocyte,adipocyte,WNT5A,FZD4,WNT,0.01646655180114709,1.1517362687629717,0.01896512493084534
DA-FAP,adipocyte,PDGFB,PDGFRB,PDGF,0.022419124201480643,0.8428111834299699,0.01889508859971338
inflammatory FAP,adipocyte,CCL2,CCR2,CCL,2.7240224263471378,0.0069161115969863,0.0188396430933102
myonuclei_muscle_fiber,satellite_cell,PDGFB,PDGFRB,PDGF,0.11128408945066876,0.16896125543218754,0.01880269946321285
ECM-remodeling FAP,smooth_muscle_pericyte,PDGFB,PDGFRB,PDGF,0.004737433793487038,3.9554246786240435,0.01873856254010615
schwann_cell,homeostatic FAP,JAG1,NOTCH1,NOTCH,0.3661447942916008,0.05102059749133455,0.018680926173099254
t_cell,myonuclei_muscle_fiber,PDGFA,PDGFRA,PDGF,0.055103555814550814,0.33798758415781355,0.01862431770826527
adipocyte,b_cell,COL1A1,ITGA1,ECM_integrin,0.6058540047639327,0.03069199497972761,0.018594868072662488
myonuclei_muscle_fiber,adipogenic FAP,JAG1,NOTCH1,NOTCH,0.2647498457137947,0.07014181446370683,0.018570034557351997
DA-FAP,schwann_cell,SPP1,CD44,SPP1,0.015368449005934154,1.2064954544612572,0.018541963867779183
b_cell,homeostatic FAP,COL1A1,ITGA1,ECM_integrin,0.10585858383917068,0.17442995850948448,0.018464908386939326
t_cell,unassigned,JAG1,NOTCH1,NOTCH,0.04633096311092012,0.397996860625663,0.018439577867909607
myonuclei_muscle_fiber,unassigned,TNF,TNFRSF1A,TNF,0.009515472782029539,1.9333877306720861,0.018397098328320094
t_cell,macrophage_monocyte,SPP1,CD44,SPP1,0.0037017289299512714,4.967461870217856,0.018388197313415285
b_cell,inflammatory FAP,COL1A1,ITGA1,ECM_integrin,0.10585858383917068,0.17338819021585566,0.01835462827068723
t_cell,t_cell,SPP1,CD44,SPP1,0.0037017289299512714,4.957426809703607,0.01835105023959588
homeostatic FAP,myonuclei_muscle_fiber,TNF,TNFRSF1A,TNF,0.03608140528943205,0.5082156347380845,0.01833713429141079
t_cell,t_cell,COL1A1,ITGA1,ECM_integrin,0.11367776805245931,0.16117686830010314,0.018322226650040907
b_cell,satellite_cell,SPP1,CD44,SPP1,0.006873362243351475,2.6564684521288124,0.018258869959516515
endothelial,satellite_cell,WNT5A,FZD4,WNT,0.04196554815044741,0.4327330701468539,0.018159880491538733
b_cell,adipocyte,PDGFA,PDGFRA,PDGF,0.07200611936523879,0.2518612025716909,0.018135547815849765
homeostatic FAP,t_cell,WNT5A,FZD4,WNT,2.4045408374272883,0.0075352845441157374,0.018118899407960957
macrophage_monocyte,ECM-remodeling FAP,WNT5A,FZD4,WNT,0.01646655180114709,1.0994972114337298,0.018104927787290285
satellite_cell,b_cell,PDGFB,PDGFRB,PDGF,0.12019068950771747,0.1500450471143682,0.018034017669893865
DA-FAP,macrophage_monocyte,PDGFA,PDGFRA,PDGF,0.386583885416965,0.04658249091727837,0.018008040331201954
macrophage_monocyte,macrophage_monocyte,COL1A1,ITGA1,ECM_integrin,0.11972789169691629,0.14999251157086438,0.017958287180704913
inflammatory FAP,smooth_muscle_pericyte,TNF,TNFRSF1A,TNF,0.01144806283965319,1.5567120360784859,0.017821337212270968
unassigned,smooth_muscle_pericyte,PDGFA,PDGFRA,PDGF,0.03628134958693189,0.4910047815420876,0.017814316127983603
adipogenic FAP,smooth_muscle_pericyte,SPP1,CD44,SPP1,0.007359465109789853,2.4020422887528947,0.017677746416316694
b_cell,endothelial,PDGFA,PDGFRA,PDGF,0.07200611936523879,0.24524814268320855,0.017659367036150227
macrophage_monocyte,DA-FAP,WNT5A,FZD4,WNT,0.01646655180114709,1.0584055064437186,0.01742828909847481
smooth_muscle_pericyte,adipogenic FAP,CCL2,CCR2,CCL,3.5798670374910477,0.004856273839668318,0.017384814643658698
satellite_cell,t_cell,PDGFB,PDGFRB,PDGF,0.12019068950771747,0.14422613208621282,0.017334638260473052
unassigned,satellite_cell,IL6,IL6R,IL6,0.039198908728989144,0.44215124286966034,0.017331846213656927
DA-FAP,endothelial,CCL2,CCR2,CCL,4.394311676523798,0.0039261080409515635,0.01725254240764743
satellite_cell,macrophage_monocyte,PDGFB,PDGFRB,PDGF,0.12019068950771747,0.14320233862836718,0.017211587818861094
inflammatory FAP,satellite_cell,TNF,TNFRSF1A,TNF,0.01144806283965319,1.5008126089791556,0.017181397058137222
endothelial,b_cell,COL1A1,ITGA1,ECM_integrin,0.5593944596856071,0.03069199497972761,0.017168931948358092
ECM-remodeling FAP,ECM-remodeling FAP,PDGFB,PDGFRB,PDGF,0.004737433793487038,3.6235286932111044,0.017166227282888212
schwann_cell,inflammatory FAP,CXCL12,CXCR4,CXCL12,0.237134550449131,0.07234803511119856,0.017156218781972016
b_cell,t_cell,COL1A1,ITGA1,ECM_integrin,0.10585858383917068,0.16117686830010314,0.01706195502588144
t_cell,macrophage_monocyte,COL1A1,ITGA1,ECM_integrin,0.11367776805245931,0.14999251157086438,0.01705081393995854
schwann_cell,inflammatory FAP,WNT5A,FZD4,WNT,0.020446530464991956,0.8330476977480459,0.01703293513079683
t_cell,t_cell,JAG1,NOTCH1,NOTCH,0.04633096311092012,0.36748406365985364,0.017025890597275703
ECM-remodeling FAP,macrophage_monocyte,PDGFA,PDGFRA,PDGF,0.3646809216853234,0.04658249091727837,0.016987745722111283
b_cell,satellite_cell,FN1,ITGA5,ECM_integrin,0.06194349060138232,0.2736609232921634,0.016951512829913733
macrophage_monocyte,homeostatic FAP,JAG1,NOTCH1,NOTCH,0.33224684850803393,0.05102059749133455,0.016951432725492807
homeostatic FAP,b_cell,WNT5A,FZD4,WNT,2.4045408374272883,0.007036277001241832,0.016919015392936405
inflammatory FAP,unassigned,CCL2,CCR2,CCL,2.7240224263471378,0.006158302157958443,0.016775353186500773
myonuclei_muscle_fiber,b_cell,PDGFB,PDGFRB,PDGF,0.11128408945066876,0.1500450471143682,0.016697626444705158
t_cell,myonuclei_muscle_fiber,FN1,ITGA5,ECM_integrin,0.089786800072965,0.18526119388187495,0.01663400977635071
myonuclei_muscle_fiber,endothelial,TNF,TNFRSF1A,TNF,0.009515472782029539,1.7456052715481678,0.016610259449583872
DA-FAP,t_cell,TNF,TNFRSF1A,TNF,0.024843115218009814,0.6682549804617375,0.01660153547461984
DA-FAP,adipocyte,SPP1,CD44,SPP1,0.015368449005934154,1.078995143418856,0.0165824818392833
unassigned,smooth_muscle_pericyte,IL6,IL6R,IL6,0.039198908728989144,0.4229797133495883,0.0165803431778045
b_cell,smooth_muscle_pericyte,SPP1,CD44,SPP1,0.006873362243351475,2.4020422887528947,0.016510106774447707
t_cell,DA-FAP,SPP1,CD44,SPP1,0.0037017289299512714,4.441305456163125,0.01644050889382947
t_cell,smooth_muscle_pericyte,CXCL12,CXCR4,CXCL12,0.04137666252763046,0.39692406930879404,0.016423393264883776
homeostatic FAP,macrophage_monocyte,SPP1,CD44,SPP1,0.003305744127084456,4.967461870217856,0.016421157903988647
t_cell,inflammatory FAP,SPP1,CD44,SPP1,0.0037017289299512714,4.435285456815737,0.01641822448808695
macrophage_monocyte,adipocyte,PDGFA,PDGFRA,PDGF,0.06514546869188097,0.2518612025716909,0.016407616086833582
homeostatic FAP,t_cell,SPP1,CD44,SPP1,0.003305744127084456,4.957426809703607,0.01638798456162873
schwann_cell,smooth_muscle_pericyte,WNT5A,FZD4,WNT,0.020446530464991956,0.8000048185452701,0.016357322894526224
adipogenic FAP,schwann_cell,PDGFA,PDGFRA,PDGF,0.13369384178440924,0.12218767932812631,0.01633574026809865
t_cell,b_cell,JAG1,NOTCH1,NOTCH,0.04633096311092012,0.3512957475548897,0.016275870320988702
adipocyte,adipogenic FAP,CCL2,CCR2,CCL,3.3379445531361287,0.004856273839668318,0.016209972811658334
endothelial,adipogenic FAP,CCL2,CCR2,CCL,3.3301823187955066,0.004856273839668318,0.0161722772760926
schwann_cell,satellite_cell,PDGFB,PDGFRB,PDGF,0.09539084527738038,0.16896125543218754,0.016117356974803747
myonuclei_muscle_fiber,t_cell,PDGFB,PDGFRB,PDGF,0.11128408945066876,0.14422613208621282,0.016050073784206073
macrophage_monocyte,endothelial,PDGFA,PDGFRA,PDGF,0.06514546869188097,0.24524814268320855,0.01597680520091092
myonuclei_muscle_fiber,macrophage_monocyte,PDGFB,PDGFRB,PDGF,0.11128408945066876,0.14320233862836718,0.01593614186146417
b_cell,macrophage_monocyte,COL1A1,ITGA1,ECM_integrin,0.10585858383917068,0.14999251157086438,0.015877994861372126
inflammatory FAP,schwann_cell,TNF,TNFRSF1A,TNF,0.01144806283965319,1.3850017017767406,0.015855586514966734
satellite_cell,adipogenic FAP,CCL2,CCR2,CCL,3.198612315159484,0.004856273839668318,0.015533337309349915
t_cell,b_cell,FN1,ITGA5,ECM_integrin,0.089786800072965,0.1729038548259379,0.01552448384510145
adipogenic FAP,adipocyte,PDGFB,PDGFRB,PDGF,0.018384315837855568,0.8428111834299699,0.01549450698785339
inflammatory FAP,adipocyte,PDGFA,PDGFRA,PDGF,0.06146935868023552,0.2518612025716909,0.015481746598514727
ECM-remodeling FAP,myonuclei_muscle_fiber,TNF,TNFRSF1A,TNF,0.030227042838924887,0.5082156347380845,0.015361855762639483
b_cell,smooth_muscle_pericyte,CXCL12,CXCR4,CXCL12,0.03839879988282142,0.39692406930879404,0.015241407906063521
t_cell,adipocyte,CXCL12,CXCR4,CXCL12,0.04137666252763046,0.36674943996290255,0.015174867809542487
unassigned,schwann_cell,IL6,IL6R,IL6,0.039198908728989144,0.38608520159860193,0.01513411857907697
unassigned,inflammatory FAP,WNT5A,FZD4,WNT,0.018143518883634423,0.8330476977480459,0.015114416635059852
inflammatory FAP,endothelial,PDGFA,PDGFRA,PDGF,0.06146935868023552,0.24524814268320855,0.015075246048255725
myonuclei_muscle_fiber,homeostatic FAP,IL6,IL6ST,IL6,0.0032519612156327454,4.602391633259439,0.01496679909051234
schwann_cell,ECM-remodeling FAP,CXCL12,CXCR4,CXCL12,0.237134550449131,0.06247529718922101,0.014815051513141783
myonuclei_muscle_fiber,smooth_muscle_pericyte,TNF,TNFRSF1A,TNF,0.009515472782029539,1.5567120360784859,0.014812851008762618
ECM-remodeling FAP,homeostatic FAP,PDGFB,PDGFRB,PDGF,0.004737433793487038,3.126010886503331,0.014809269612529256
myonuclei_muscle_fiber,ECM-remodeling FAP,IL6,IL6ST,IL6,0.0032519612156327454,4.552648419810252,0.014805036089634644
myonuclei_muscle_fiber,adipogenic FAP,IL6,IL6ST,IL6,0.0032519612156327454,4.551672100348742,0.014801861136611746
b_cell,myonuclei_muscle_fiber,PDGFB,PDGFRB,PDGF,0.03594058224456783,0.4088158381685128,0.014693079254577367
homeostatic FAP,DA-FAP,SPP1,CD44,SPP1,0.003305744127084456,4.441305456163125,0.014681819428299402
homeostatic FAP,inflammatory FAP,SPP1,CD44,SPP1,0.003305744127084456,4.435285456815737,0.014661918850811721
unassigned,smooth_muscle_pericyte,WNT5A,FZD4,WNT,0.018143518883634423,0.8000048185452701,0.014514902532274637
endothelial,macrophage_monocyte,PDGFA,PDGFRA,PDGF,0.31131382140999975,0.04658249091727837,0.014501773258254533
t_cell,satellite_cell,IL6,IL6R,IL6,0.03276613539572399,0.44215124286966034,0.014487587489254933
schwann_cell,inflammatory FAP,JAG1,NOTCH1,NOTCH,0.3661447942916008,0.03917970674653412,0.01434544566711498
schwann_cell,b_cell,PDGFB,PDGFRB,PDGF,0.09539084527738038,0.1500450471143682,0.014312923873923947
myonuclei_muscle_fiber,satellite_cell,TNF,TNFRSF1A,TNF,0.009515472782029539,1.5008126089791556,0.014280941531667896
b_cell,satellite_cell,WNT5A,FZD4,WNT,0.03266098799906606,0.4327330701468539,0.014133489610865408
t_cell,satellite_cell,PDGFB,PDGFRB,PDGF,0.08350427351246759,0.16896125543218754,0.014108986886619289
b_cell,adipocyte,CXCL12,CXCR4,CXCL12,0.03839879988282142,0.36674943996290255,0.014082738352272323
schwann_cell,homeostatic FAP,CXCL12,CXCR4,CXCL12,0.237134550449131,0.05935646971589989,0.01407546976232738
smooth_muscle_pericyte,endothelial,CCL2,CCR2,CCL,3.5798670374910477,0.0039261080409515635,0.014054944761431055
unassigned,unassigned,IL6,IL6ST,IL6,0.039198908728989144,0.3578708651745554,0.014028147380741778
homeostatic FAP,macrophage_monocyte,PDGFA,PDGFRA,PDGF,0.2984734361435038,0.04658249091727837,0.01390363612820363
t_cell,adipocyte,PDGFA,PDGFRA,PDGF,0.055103555814550814,0.2518612025716909,0.01387844783342906
homeostatic FAP,b_cell,TNF,TNFRSF1A,TNF,0.03608140528943205,0.3844701237179918,0.013872222355546944
t_cell,smooth_muscle_pericyte,IL6,IL6R,IL6,0.03276613539572399,0.4229797133495883,0.013859410557257132
t_cell,adipogenic FAP,SPP1,CD44,SPP1,0.0037017289299512714,3.730187973215746,0.013808144734609026
satellite_cell,b_cell,PDGFA,PDGFRA,PDGF,1.3906269159579585,0.009897792779025093,0.013764137047086617
schwann_cell,t_cell,PDGFB,PDGFRB,PDGF,0.09539084527738038,0.14422613208621282,0.013757852650790953
macrophage_monocyte,inflammatory FAP,WNT5A,FZD4,WNT,0.01646655180114709,0.8330476977480459,0.013717423067794521
schwann_cell,macrophage_monocyte,PDGFB,PDGFRB,PDGF,0.09539084527738038,0.14320233862836718,0.013660192127457605
homeostatic FAP,adipocyte,PDGFB,PDGFRB,PDGF,0.016186650699381383,0.8428111834299699,0.013642290231713173
t_cell,homeostatic FAP,SPP1,CD44,SPP1,0.0037017289299512714,3.673274945417006,0.013597468133115308
DA-FAP,satellite_cell,CCL2,CCR2,CCL,4.394311676523798,0.003084133200976594,0.013552642537006165
t_cell,endothelial,PDGFA,PDGFRA,PDGF,0.055103555814550814,0.24524814268320855,0.013514044718759104
myonuclei_muscle_fiber,homeostatic FAP,JAG1,NOTCH1,NOTCH,0.2647498457137947,0.05102059749133455,0.013507695314056442
inflammatory FAP,adipogenic FAP,CCL2,CCR2,CCL,2.7240224263471378,0.004856273839668318,0.013228598847739421
homeostatic FAP,adipocyte,CCL2,CCR2,CCL,1.9093767089035765,0.0069161115969863,0.013205462399463559
t_cell,b_cell,SPP1,CD44,SPP1,0.0037017289299512714,3.563833573157496,0.013192345839288714
myonuclei_muscle_fiber,schwann_cell,TNF,TNFRSF1A,TNF,0.009515472782029539,1.3850017017767406,0.013178945996321169
macrophage_monocyte,smooth_muscle_pericyte,WNT5A,FZD4,WNT,0.01646655180114709,0.8000048185452701,0.013173320785742966
schwann_cell,myonuclei_muscle_fiber,WNT5A,FZD4,WNT,0.020446530464991956,0.6442254132051389,0.013172174537420905
adipocyte,endothelial,CCL2,CCR2,CCL,3.3379445531361287,0.0039261080409515635,0.013105130950318228
endothelial,endothelial,CCL2,CCR2,CCL,3.3301823187955066,0.0039261080409515635,0.013074655579657762
macrophage_monocyte,inflammatory FAP,JAG1,NOTCH1,NOTCH,0.33224684850803393,0.03917970674653412,0.013017334092004918
satellite_cell,t_cell,TNF,TNFRSF1A,TNF,0.019457991627902262,0.6682549804617375,0.013002899815128477
ECM-remodeling FAP,DA-FAP,PDGFB,PDGFRB,PDGF,0.004737433793487038,2.7422841587699134,0.012991389645100762
smooth_muscle_pericyte,schwann_cell,SPP1,CD44,SPP1,0.010539155723134007,1.2064954544612572,0.012715443473820523
t_cell,schwann_cell,IL6,IL6R,IL6,0.03276613539572399,0.38608520159860193,0.012650519989865184
DA-FAP,myonuclei_muscle_fiber,TNF,TNFRSF1A,TNF,0.024843115218009814,0.5082156347380845,0.012625659569392225
smooth_muscle_pericyte,t_cell,PDGFA,PDGFRA,PDGF,0.8682712693446457,0.014483376664053239,0.012575499840494126
satellite_cell,endothelial,CCL2,CCR2,CCL,3.198612315159484,0.0039261080409515635,0.012558097530434346
t_cell,b_cell,PDGFB,PDGFRB,PDGF,0.08350427351246759,0.1500450471143682,0.012529402653429287
myonuclei_muscle_fiber,b_cell,CCL2,CCR2,CCL,0.03450408146104397,0.35960828336912404,0.012407953503434441
unassigned,t_cell,IL6,IL6R,IL6,0.039198908728989144,0.314692399686627,0.012335598653022663
homeostatic FAP,adipogenic FAP,SPP1,CD44,SPP1,0.003305744127084456,3.730187973215746,0.012331046985379023
macrophage_monocyte,myonuclei_muscle_fiber,CXCL12,CXCR4,CXCL12,0.6767710308881131,0.01813705829410155,0.012274635638976907
ECM-remodeling FAP,inflammatory FAP,PDGFB,PDGFRB,PDGF,0.004737433793487038,2.5891315593267925,0.012265839344938537
unassigned,myonuclei_muscle_fiber,PDGFA,PDGFRA,PDGF,0.03628134958693189,0.33798758415781355,0.012262645696872196
myonuclei_muscle_fiber,macrophage_monocyte,CCL2,CCR2,CCL,0.03450408146104397,0.3545614252886568,0.012233816301103671
homeostatic FAP,homeostatic FAP,SPP1,CD44,SPP1,0.003305744127084456,3.673274945417006,0.012142907077978745
unassigned,unassigned,COL1A1,ITGB1,ECM_integrin,0.014054344686345165,0.857836844767653,0.012056334701011365
t_cell,t_cell,PDGFB,PDGFRB,PDGF,0.08350427351246759,0.14422613208621282,0.012043498381372393
t_cell,macrophage_monocyte,PDGFB,PDGFRB,PDGF,0.08350427351246759,0.14320233862836718,0.011958007252448175
inflammatory FAP,adipocyte,TNF,TNFRSF1A,TNF,0.01144806283965319,1.0304555448563801,0.011796719830984905
homeostatic FAP,b_cell,SPP1,CD44,SPP1,0.003305744127084456,3.563833573157496,0.011781121904371803
homeostatic FAP,unassigned,CCL2,CCR2,CCL,1.9093767089035765,0.006158302157958443,0.011758518706796485
t_cell,unassigned,IL6,IL6ST,IL6,0.03276613539572399,0.3578708651745554,0.011726045222494368
unassigned,myonuclei_muscle_fiber,WNT5A,FZD4,WNT,0.018143518883634423,0.6442254132051389,0.011688515949804627
ECM-remodeling FAP,b_cell,TNF,TNFRSF1A,TNF,0.030227042838924887,0.3844701237179918,0.011621394899910488
endothelial,unassigned,PDGFB,PDGFRB,PDGF,1.1883417471033395,0.009774709600499717,0.01161569548408562
t_cell,unassigned,SPP1,CD44,SPP1,0.0037017289299512714,3.11662203665575,0.011536889956812242
b_cell,endothelial,PDGFB,PDGFRB,PDGF,0.03594058224456783,0.3202374231395514,0.011509519444135516
b_cell,myonuclei_muscle_fiber,FN1,ITGA5,ECM_integrin,0.06194349060138232,0.18526119388187495,0.011475725022022789
smooth_muscle_pericyte,adipocyte,SPP1,CD44,SPP1,0.010539155723134007,1.078995143418856,0.011371697840996635
myonuclei_muscle_fiber,DA-FAP,IL6,IL6ST,IL6,0.0032519612156327454,3.4882311781724638,0.011343592502577769
ECM-remodeling FAP,adipogenic FAP,PDGFB,PDGFRB,PDGF,0.004737433793487038,2.3860566423544025,0.011303785370663963
unassigned,adipocyte,PDGFB,PDGFRB,PDGF,0.013110947141603584,0.8428111834299699,0.011050052876302698
smooth_muscle_pericyte,satellite_cell,CCL2,CCR2,CCL,3.5798670374910477,0.003084133200976594,0.011040786785407862
myonuclei_muscle_fiber,endothelial,IL6,IL6ST,IL6,0.0032519612156327454,3.298850720621392,0.0107277345996229
b_cell,b_cell,FN1,ITGA5,ECM_integrin,0.06194349060138232,0.1729038548259379,0.010710268306353257
inflammatory FAP,endothelial,CCL2,CCR2,CCL,2.7240224263471378,0.0039261080409515635,0.010694806351813886
myonuclei_muscle_fiber,satellite_cell,IL6,IL6ST,IL6,0.0032519612156327454,3.285703968686027,0.01068498187221755
myonuclei_muscle_fiber,inflammatory FAP,IL6,IL6ST,IL6,0.0032519612156327454,3.2739799276040427,0.01064685574532845
macrophage_monocyte,myonuclei_muscle_fiber,WNT5A,FZD4,WNT,0.01646655180114709,0.6442254132051389,0.010608171138157808
myonuclei_muscle_fiber,t_cell,CCL2,CCR2,CCL,0.03450408146104397,0.30653437922087573,0.01057668719124764
smooth_muscle_pericyte,unassigned,WNT5A,FZD4,WNT,0.14397923188975187,0.07249058725261714,0.010437139071868854
myonuclei_muscle_fiber,inflammatory FAP,JAG1,NOTCH1,NOTCH,0.2647498457137947,0.03917970674653412,0.01037282131625663
t_cell,t_cell,IL6,IL6R,IL6,0.03276613539572399,0.314692399686627,0.01031125377613731
homeostatic FAP,unassigned,SPP1,CD44,SPP1,0.003305744127084456,3.11662203665575,0.010302754994016741
t_cell,endothelial,CXCL12,CXCR4,CXCL12,0.04137666252763046,0.2488465338662752,0.010296439052955434
adipocyte,satellite_cell,CCL2,CCR2,CCL,3.3379445531361287,0.003084133200976594,0.010294665619346116
schwann_cell,ECM-remodeling FAP,JAG1,NOTCH1,NOTCH,0.3661447942916008,0.028081924080349045,0.010282050315711751
DA-FAP,myonuclei_muscle_fiber,CCL2,CCR2,CCL,4.394311676523798,0.00233908605985766,0.010278673185226558
endothelial,satellite_cell,CCL2,CCR2,CCL,3.3301823187955066,0.003084133200976594,0.010270725854702442
adipogenic FAP,adipocyte,CCL2,CCR2,CCL,1.4826295616753558,0.0069161115969863,0.010254031505537642
unassigned,adipocyte,IL6,IL6R,IL6,0.039198908728989144,0.25894850960117244,0.010150498993364128
b_cell,schwann_cell,CCL2,CCR2,CCL,0.22411356264329085,0.04477808295596574,0.010035375699598302
macrophage_monocyte,adipocyte,CCL2,CCR2,CCL,1.4472915546995138,0.0069161115969863,0.01000962990567764
satellite_cell,myonuclei_muscle_fiber,TNF,TNFRSF1A,TNF,0.019457991627902262,0.5082156347380845,0.009888855565902683
satellite_cell,satellite_cell,CCL2,CCR2,CCL,3.198612315159484,0.003084133200976594,0.009864946438235975
t_cell,satellite_cell,SPP1,CD44,SPP1,0.0037017289299512714,2.6564684521288124,0.0098335261207481
myonuclei_muscle_fiber,adipocyte,TNF,TNFRSF1A,TNF,0.009515472782029539,1.0304555448563801,0.009805271690172304
unassigned,b_cell,IL6,IL6R,IL6,0.039198908728989144,0.24759931701419544,0.009705623028999496
macrophage_monocyte,unassigned,COL1A1,ITGA1,ECM_integrin,0.11972789169691629,0.08067536113426722,0.009659090900493156
b_cell,endothelial,CXCL12,CXCR4,CXCL12,0.03839879988282142,0.2488465338662752,0.009555408255464843
DA-FAP,b_cell,TNF,TNFRSF1A,TNF,0.024843115218009814,0.3844701237179918,0.009551435581408557
unassigned,endothelial,IL6,IL6R,IL6,0.039198908728989144,0.24184808126642582,0.009480180863843776
macrophage_monocyte,ECM-remodeling FAP,JAG1,NOTCH1,NOTCH,0.33224684850803393,0.028081924080349045,0.00933013077573784
b_cell,schwann_cell,PDGFB,PDGFRB,PDGF,0.03594058224456783,0.258392576201786,0.00928677963636605
homeostatic FAP,adipogenic FAP,CCL2,CCR2,CCL,1.9093767089035765,0.004856273839668318,0.009272456161520427
DA-FAP,t_cell,WNT5A,FZD4,WNT,1.2207413111664382,0.0075352845441157374,0.009198633134396042
t_cell,unassigned,COL1A1,ITGA1,ECM_integrin,0.11367776805245931,0.08067536113426722,0.009170994990569621
DA-FAP,myonuclei_muscle_fiber,PDGFB,PDGFRB,PDGF,0.022419124201480643,0.4088158381685128,0.009165293051432299
unassigned,adipocyte,PDGFA,PDGFRA,PDGF,0.03628134958693189,0.2518612025716909,0.009137864337888588
adipogenic FAP,unassigned,CCL2,CCR2,CCL,1.4826295616753558,0.006158302157958443,0.009130480829118324
DA-FAP,smooth_muscle_pericyte,CCL2,CCR2,CCL,4.394311676523798,0.0020628457281383966,0.009064787070025792
adipocyte,unassigned,PDGFB,PDGFRB,PDGF,0.9269350270514369,0.009774709600499717,0.009060520707959145
schwann_cell,b_cell,COL1A1,ITGA1,ECM_integrin,0.29332353540737777,0.03069199497972761,0.009002684476159192
macrophage_monocyte,unassigned,CCL2,CCR2,CCL,1.4472915546995138,0.006158302157958443,0.008912858704501045
t_cell,adipogenic FAP,CXCL12,CXCR4,CXCL12,0.04137666252763046,0.2150682846930639,0.008898807836141257
unassigned,endothelial,PDGFA,PDGFRA,PDGF,0.03628134958693189,0.24524814268320855,0.008897933600235242
t_cell,smooth_muscle_pericyte,SPP1,CD44,SPP1,0.0037017289299512714,2.4020422887528947,0.008891709431242956
adipogenic FAP,schwann_cell,SPP1,CD44,SPP1,0.007359465109789853,1.2064954544612572,0.008879161202227676
schwann_cell,satellite_cell,WNT5A,FZD4,WNT,0.020446530464991956,0.4327330701468539,0.00884788990196715
b_cell,schwann_cell,PDGFA,PDGFRA,PDGF,0.07200611936523879,0.12218767932812631,0.008798260622662583
myonuclei_muscle_fiber,b_cell,COL1A1,ITGA1,ECM_integrin,0.28618714599343914,0.03069199497972761,0.008783654448093207
homeostatic FAP,satellite_cell,SPP1,CD44,SPP1,0.003305744127084456,2.6564684521288124,0.008781604984409956
smooth_muscle_pericyte,b_cell,PDGFA,PDGFRA,PDGF,0.8682712693446457,0.009897792779025093,0.008593969099954387
DA-FAP,b_cell,WNT5A,FZD4,WNT,1.2207413111664382,0.007036277001241832,0.008589474012226208
b_cell,unassigned,COL1A1,ITGA1,ECM_integrin,0.10585858383917068,0.08067536113426722,0.008540179480387199
t_cell,adipocyte,IL6,IL6R,IL6,0.03276613539572399,0.25894850960117244,0.008484741926112949
adipocyte,macrophage_monocyte,PDGFA,PDGFRA,PDGF,0.18131971142777284,0.04658249091727837,0.008446323810707763
inflammatory FAP,satellite_cell,CCL2,CCR2,CCL,2.7240224263471378,0.003084133200976594,0.008401248005302026
smooth_muscle_pericyte,myonuclei_muscle_fiber,CCL2,CCR2,CCL,3.5798670374910477,0.00233908605985766,0.008373617083539248
b_cell,schwann_cell,SPP1,CD44,SPP1,0.006873362243351475,1.2064954544612572,0.008292680303469184
b_cell,adipogenic FAP,CXCL12,CXCR4,CXCL12,0.03839879988282142,0.2150682846930639,0.008258364025070625
t_cell,b_cell,IL6,IL6R,IL6,0.03276613539572399,0.24759931701419544,0.008112872745175914
schwann_cell,t_cell,PDGFA,PDGFRA,PDGF,0.5598983109884971,0.014483376664053239,0.00810921813161362
unassigned,schwann_cell,COL1A1,ITGA1,ECM_integrin,0.014054344686345165,0.5762382303029131,0.008098650710126687
macrophage_monocyte,schwann_cell,PDGFA,PDGFRA,PDGF,0.06514546869188097,0.12218767932812631,0.007959973638204044
adipogenic FAP,adipocyte,SPP1,CD44,SPP1,0.007359465109789853,1.078995143418856,0.00794082711162377
homeostatic FAP,smooth_muscle_pericyte,SPP1,CD44,SPP1,0.003305744127084456,2.4020422887528947,0.007940537189053387
t_cell,endothelial,IL6,IL6R,IL6,0.03276613539572399,0.24184808126642582,0.007924426975971767
myonuclei_muscle_fiber,smooth_muscle_pericyte,IL6,IL6ST,IL6,0.0032519612156327454,2.4319811177368806,0.007908708272031509
myonuclei_muscle_fiber,adipocyte,IL6,IL6ST,IL6,0.0032519612156327454,2.430215557697972,0.007902966739261106
smooth_muscle_pericyte,schwann_cell,WNT5A,FZD4,WNT,0.14397923188975187,0.054638774207362906,0.007866848741773697
unassigned,satellite_cell,WNT5A,FZD4,WNT,0.018143518883634423,0.4327330701468539,0.007851300629782544
t_cell,schwann_cell,CCL2,CCR2,CCL,0.1749394611525226,0.04477808295596574,0.007833453703759603
adipocyte,myonuclei_muscle_fiber,CCL2,CCR2,CCL,3.3379445531361287,0.00233908605985766,0.0078077395728185246
endothelial,myonuclei_muscle_fiber,CCL2,CCR2,CCL,3.3301823187955066,0.00233908605985766,0.007789583038679027
myonuclei_muscle_fiber,unassigned,WNT5A,FZD4,WNT,0.10724402316801838,0.07249058725261714,0.007774182218782931
DA-FAP,homeostatic FAP,CCL2,CCR2,CCL,4.394311676523798,0.0017490024532727864,0.007685661902685373
inflammatory FAP,t_cell,TNF,TNFRSF1A,TNF,0.01144806283965319,0.6682549804617375,0.007650225009237185
ECM-remodeling FAP,adipocyte,CCL2,CCR2,CCL,1.1049584810127602,0.0069161115969863,0.007642016164720717
adipocyte,endothelial,SPP1,CD44,SPP1,0.01829831118952408,0.41727118612232045,0.007635358014088042
adipogenic FAP,myonuclei_muscle_fiber,PDGFB,PDGFRB,PDGF,0.018384315837855568,0.4088158381685128,0.007515799488407589
inflammatory FAP,schwann_cell,PDGFA,PDGFRA,PDGF,0.06146935868023552,0.12218767932812631,0.007510798286926195
homeostatic FAP,endothelial,CCL2,CCR2,CCL,1.9093767089035765,0.0039261080409515635,0.007496419250031965
satellite_cell,myonuclei_muscle_fiber,CCL2,CCR2,CCL,3.198612315159484,0.00233908605985766,0.0074818294772785844
satellite_cell,b_cell,TNF,TNFRSF1A,TNF,0.019457991627902262,0.3844701237179918,0.007481016448483231
endothelial,endothelial,SPP1,CD44,SPP1,0.01782576593280195,0.41727118612232045,0.007438178494319122
myonuclei_muscle_fiber,ECM-remodeling FAP,JAG1,NOTCH1,NOTCH,0.2647498457137947,0.028081924080349045,0.007434685067618905
b_cell,adipocyte,SPP1,CD44,SPP1,0.006873362243351475,1.078995143418856,0.007416324479534775
smooth_muscle_pericyte,smooth_muscle_pericyte,CCL2,CCR2,CCL,3.5798670374910477,0.0020628457281383966,0.007384713425591865
b_cell,myonuclei_muscle_fiber,JAG1,NOTCH1,NOTCH,0.05787892581253873,0.127434295982386,0.007375760163137622
myonuclei_muscle_fiber,schwann_cell,IL6,IL6ST,IL6,0.0032519612156327454,2.2510696756694233,0.007320391278963947
adipogenic FAP,adipogenic FAP,CCL2,CCR2,CCL,1.4826295616753558,0.004856273839668318,0.007200055154282935
unassigned,myonuclei_muscle_fiber,JAG1,NOTCH1,NOTCH,0.05644994884448335,0.127434295982386,0.00719365948923844
DA-FAP,endothelial,PDGFB,PDGFRB,PDGF,0.022419124201480643,0.3202374231395514,0.007179442563327714
macrophage_monocyte,satellite_cell,WNT5A,FZD4,WNT,0.01646655180114709,0.4327330701468539,0.007125621515642587
macrophage_monocyte,adipogenic FAP,CCL2,CCR2,CCL,1.4472915546995138,0.004856273839668318,0.007028444115460137
satellite_cell,unassigned,PDGFA,PDGFRA,PDGF,1.3906269159579585,0.005032571742030839,0.006998429720957516
schwann_cell,adipocyte,CCL2,CCR2,CCL,0.9960133841222846,0.0069161115969863,0.006888539716681703
adipocyte,smooth_muscle_pericyte,CCL2,CCR2,CCL,3.3379445531361287,0.0020628457281383966,0.006885664662199692
endothelial,smooth_muscle_pericyte,CCL2,CCR2,CCL,3.3301823187955066,0.0020628457281383966,0.006869652370249331
ECM-remodeling FAP,unassigned,CCL2,CCR2,CCL,1.1049584810127602,0.006158302157958443,0.006804668198075364
unassigned,satellite_cell,COL1A1,ITGA1,ECM_integrin,0.014054344686345165,0.48204560144123576,0.006774835037191691
t_cell,schwann_cell,PDGFA,PDGFRA,PDGF,0.055103555814550814,0.12218767932812631,0.0067329756077078445
adipocyte,unassigned,WNT5A,FZD4,WNT,0.09174098983401471,0.07249058725261714,0.006650358228204106
homeostatic FAP,myonuclei_muscle_fiber,PDGFB,PDGFRB,PDGF,0.016186650699381383,0.4088158381685128,0.006617359172808544
satellite_cell,smooth_muscle_pericyte,CCL2,CCR2,CCL,3.198612315159484,0.0020628457281383966,0.006598243750297608
b_cell,DA-FAP,JAG1,NOTCH1,NOTCH,0.05787892581253873,0.11265708957384714,0.006520471329701229
myonuclei_muscle_fiber,t_cell,PDGFA,PDGFRA,PDGF,0.4475695461395059,0.014483376664053239,0.006482318320097819
ECM-remodeling FAP,t_cell,WNT5A,FZD4,WNT,0.8542354563790328,0.0075352845441157374,0.006436907231488579
DA-FAP,endothelial,SPP1,CD44,SPP1,0.015368449005934154,0.41727118612232045,0.0064128109455665406
inflammatory FAP,myonuclei_muscle_fiber,CCL2,CCR2,CCL,2.7240224263471378,0.00233908605985766,0.006371722884208229
unassigned,DA-FAP,JAG1,NOTCH1,NOTCH,0.05644994884448335,0.11265708957384714,0.00635948694341205
myonuclei_muscle_fiber,t_cell,TNF,TNFRSF1A,TNF,0.009515472782029539,0.6682549804617375,0.0063587620780393445
adipogenic FAP,t_cell,WNT5A,FZD4,WNT,0.8353034994231848,0.0075352845441157374,0.006294249548849313
smooth_muscle_pericyte,homeostatic FAP,CCL2,CCR2,CCL,3.5798670374910477,0.0017490024532727864,0.006261196230962224
smooth_muscle_pericyte,macrophage_monocyte,WNT5A,FZD4,WNT,0.14397923188975187,0.043268854070199037,0.0062298163737770215
adipogenic FAP,macrophage_monocyte,PDGFA,PDGFRA,PDGF,0.13369384178440924,0.04658249091727837,0.006227792170618295
schwann_cell,unassigned,CCL2,CCR2,CCL,0.9960133841222846,0.006158302157958443,0.006133751372795757
b_cell,satellite_cell,PDGFB,PDGFRB,PDGF,0.03594058224456783,0.16896125543218754,0.00607256589700597
unassigned,DA-FAP,COL1A1,ITGA1,ECM_integrin,0.014054344686345165,0.4312271655258082,0.006060615222415329
ECM-remodeling FAP,b_cell,WNT5A,FZD4,WNT,0.8542354563790328,0.007036277001241832,0.006010637295365108
inflammatory FAP,t_cell,WNT5A,FZD4,WNT,0.7911889782714617,0.0075352845441157374,0.005961834079443668
t_cell,myonuclei_muscle_fiber,JAG1,NOTCH1,NOTCH,0.04633096311092012,0.127434295982386,0.005904153666226003
homeostatic FAP,satellite_cell,CCL2,CCR2,CCL,1.9093767089035765,0.003084133200976594,0.0058887721011009414
adipogenic FAP,endothelial,PDGFB,PDGFRB,PDGF,0.018384315837855568,0.3202374231395514,0.00588734593009851
adipogenic FAP,b_cell,WNT5A,FZD4,WNT,0.8353034994231848,0.007036277001241832,0.005877426802048175
myonuclei_muscle_fiber,schwann_cell,WNT5A,FZD4,WNT,0.10724402316801838,0.054638774207362906,0.005859681966966553
adipocyte,homeostatic FAP,CCL2,CCR2,CCL,3.3379445531361287,0.0017490024532727864,0.005838073212323624
endothelial,homeostatic FAP,CCL2,CCR2,CCL,3.3301823187955066,0.0017490024532727864,0.005824497045418997
adipogenic FAP,endothelial,CCL2,CCR2,CCL,1.4826295616753558,0.0039261080409515635,0.005820963843846106
inflammatory FAP,myonuclei_muscle_fiber,TNF,TNFRSF1A,TNF,0.01144806283965319,0.5082156347380845,0.005818084522575824
DA-FAP,schwann_cell,PDGFB,PDGFRB,PDGF,0.022419124201480643,0.258392576201786,0.0057929352586083924
macrophage_monocyte,endothelial,CCL2,CCR2,CCL,1.4472915546995138,0.0039261080409515635,0.00568222301050705
inflammatory FAP,smooth_muscle_pericyte,CCL2,CCR2,CCL,2.7240224263471378,0.0020628457281383966,0.005619238025543383
DA-FAP,t_cell,PDGFA,PDGFRA,PDGF,0.386583885416965,0.014483376664053239,0.0055990400247471015
satellite_cell,homeostatic FAP,CCL2,CCR2,CCL,3.198612315159484,0.0017490024532727864,0.005594380786282485
myonuclei_muscle_fiber,myonuclei_muscle_fiber,IL6,IL6ST,IL6,0.0032519612156327454,1.7159025138850577,0.005580048424960936
inflammatory FAP,b_cell,WNT5A,FZD4,WNT,0.7911889782714617,0.007036277001241832,0.005567024811447509
schwann_cell,b_cell,PDGFA,PDGFRA,PDGF,0.5598983109884971,0.009897792779025093,0.005541757459490293
unassigned,schwann_cell,CCL2,CCR2,CCL,0.1231487925514539,0.04477808295596574,0.005514366848796018
satellite_cell,unassigned,WNT5A,FZD4,WNT,0.07453414538266893,0.07249058725261714,0.005403023969161614
b_cell,b_cell,PDGFB,PDGFRB,PDGF,0.03594058224456783,0.1500450471143682,0.005392706356204005
ECM-remodeling FAP,adipogenic FAP,CCL2,CCR2,CCL,1.1049584810127602,0.004856273839668318,0.005365980965261909
unassigned,myonuclei_muscle_fiber,PDGFB,PDGFRB,PDGF,0.013110947141603584,0.4088158381685128,0.005359962844877737
ECM-remodeling FAP,t_cell,PDGFA,PDGFRA,PDGF,0.3646809216853234,0.014483376664053239,0.00528181115096264
t_cell,DA-FAP,JAG1,NOTCH1,NOTCH,0.04633096311092012,0.11265708957384714,0.005219511461229536
homeostatic FAP,endothelial,PDGFB,PDGFRB,PDGF,0.016186650699381383,0.3202374231395514,0.005183571309229911
b_cell,t_cell,PDGFB,PDGFRB,PDGF,0.03594058224456783,0.14422613208621282,0.005183571162060435
b_cell,macrophage_monocyte,PDGFB,PDGFRB,PDGF,0.03594058224456783,0.14320233862836718,0.005146775429087283
myonuclei_muscle_fiber,macrophage_monocyte,IL6,IL6R,IL6,0.0032519612156327454,1.564121644357306,0.005086462923981674
myonuclei_muscle_fiber,macrophage_monocyte,IL6,IL6ST,IL6,0.0032519612156327454,1.5515375768589044,0.005045540024541967
adipocyte,schwann_cell,WNT5A,FZD4,WNT,0.09174098983401471,0.054638774207362906,0.005012615229100706
inflammatory FAP,ECM-remodeling FAP,SPP1,CD44,SPP1,0.0008517392768033633,5.769134044139827,0.0049137980585373196
schwann_cell,adipogenic FAP,CCL2,CCR2,CCL,0.9960133841222846,0.004856273839668318,0.004836913741272562
myonuclei_muscle_fiber,myonuclei_muscle_fiber,TNF,TNFRSF1A,TNF,0.009515472782029539,0.5082156347380845,0.004835912039752109
inflammatory FAP,homeostatic FAP,CCL2,CCR2,CCL,2.7240224263471378,0.0017490024532727864,0.004764321906451232
adipogenic FAP,schwann_cell,PDGFB,PDGFRB,PDGF,0.018384315837855568,0.258392576201786,0.004750370731050797
myonuclei_muscle_fiber,homeostatic FAP,IL6,IL6R,IL6,0.0032519612156327454,1.447118863448856,0.004705974418346219
myonuclei_muscle_fiber,macrophage_monocyte,WNT5A,FZD4,WNT,0.10724402316801838,0.043268854070199037,0.004640325988358032
adipogenic FAP,satellite_cell,CCL2,CCR2,CCL,1.4826295616753558,0.003084133200976594,0.004572627055912339
endothelial,t_cell,PDGFA,PDGFRA,PDGF,0.31131382140999975,0.014483376664053239,0.004508875336206828
homeostatic FAP,myonuclei_muscle_fiber,CCL2,CCR2,CCL,1.9093767089035765,0.00233908605985766,0.004466196442813253
t_cell,schwann_cell,SPP1,CD44,SPP1,0.0037017289299512714,1.2064954544612572,0.004466119127633943
macrophage_monocyte,satellite_cell,CCL2,CCR2,CCL,1.4472915546995138,0.003084133200976594,0.004463639935341802
unassigned,schwann_cell,PDGFA,PDGFRA,PDGF,0.03628134958693189,0.12218767932812631,0.004433133908919681
myonuclei_muscle_fiber,b_cell,PDGFA,PDGFRA,PDGF,0.4475695461395059,0.009897792779025093,0.0044299506218911395
inflammatory FAP,b_cell,TNF,TNFRSF1A,TNF,0.01144806283965319,0.3844701237179918,0.004401438136292806
smooth_muscle_pericyte,endothelial,SPP1,CD44,SPP1,0.010539155723134007,0.41727118612232045,0.004397686009319969
t_cell,adipogenic FAP,WNT5A,FZD4,WNT,0.002653850974157457,1.6561963175184302,0.004395298210642279
smooth_muscle_pericyte,unassigned,PDGFA,PDGFRA,PDGF,0.8682712693446457,0.005032571742030839,0.004369637454521112
myonuclei_muscle_fiber,unassigned,IL6,IL6R,IL6,0.0032519612156327454,1.3421099946041897,0.004364489649565898
ECM-remodeling FAP,endothelial,CCL2,CCR2,CCL,1.1049584810127602,0.0039261080409515635,0.004338186377221823
homeostatic FAP,t_cell,PDGFA,PDGFRA,PDGF,0.2984734361435038,0.014483376664053239,0.004322903199880607
schwann_cell,myonuclei_muscle_fiber,CXCL12,CXCR4,CXCL12,0.237134550449131,0.01813705829410155,0.004300923165041454
unassigned,myonuclei_muscle_fiber,COL1A1,ITGA1,ECM_integrin,0.014054344686345165,0.30300246315056983,0.0042585010579297075
inflammatory FAP,macrophage_monocyte,SPP1,CD44,SPP1,0.0008517392768033633,4.967461870217856,0.0042309823808876395
inflammatory FAP,t_cell,SPP1,CD44,SPP1,0.0008517392768033633,4.957426809703607,0.004222435125702555
unassigned,endothelial,PDGFB,PDGFRB,PDGF,0.013110947141603584,0.3202374231395514,0.0041986159275459985
homeostatic FAP,schwann_cell,PDGFB,PDGFRB,PDGF,0.016186650699381383,0.258392576201786,0.004182510374291597
t_cell,homeostatic FAP,WNT5A,FZD4,WNT,0.002653850974157457,1.5486852012099066,0.004109979729894148
satellite_cell,schwann_cell,WNT5A,FZD4,WNT,0.07453414538266893,0.054638774207362906,0.004072454340302408
b_cell,adipogenic FAP,JAG1,NOTCH1,NOTCH,0.05787892581253873,0.07014181446370683,0.004059732875701744
t_cell,endothelial,WNT5A,FZD4,WNT,0.002653850974157457,1.5214582465992588,0.004037723449877339
adipocyte,myonuclei_muscle_fiber,SPP1,CD44,SPP1,0.01829831118952408,0.2192239257680664,0.004011427613893206
t_cell,adipocyte,SPP1,CD44,SPP1,0.0037017289299512714,1.078995143418856,0.003994147537670501
ECM-remodeling FAP,adipocyte,PDGFB,PDGFRB,PDGF,0.004737433793487038,0.8428111834299699,0.003992762181909942
myonuclei_muscle_fiber,ECM-remodeling FAP,SPP1,CD44,SPP1,0.00069133794401311,5.769134044139827,0.003988421268811666
homeostatic FAP,schwann_cell,SPP1,CD44,SPP1,0.003305744127084456,1.2064954544612572,0.003988365262939392
unassigned,adipogenic FAP,COL1A1,ITGA1,ECM_integrin,0.014054344686345165,0.28324564235193234,0.003980831888519303
unassigned,smooth_muscle_pericyte,CXCL12,CXCR4,CXCL12,0.01001565066110896,0.39692406930879404,0.003975452817182682
adipocyte,macrophage_monocyte,WNT5A,FZD4,WNT,0.09174098983401471,0.043268854070199037,0.003969527501383596
unassigned,adipogenic FAP,JAG1,NOTCH1,NOTCH,0.05644994884448335,0.07014181446370683,0.003959501838335493
homeostatic FAP,smooth_muscle_pericyte,CCL2,CCR2,CCL,1.9093767089035765,0.0020628457281383966,0.003938749587368694
schwann_cell,endothelial,CCL2,CCR2,CCL,0.9960133841222846,0.0039261080409515635,0.00391045615629788
endothelial,myonuclei_muscle_fiber,SPP1,CD44,SPP1,0.01782576593280195,0.2192239257680664,0.003907834387611502
DA-FAP,b_cell,PDGFA,PDGFRA,PDGF,0.386583885416965,0.009897792779025093,0.0038263271895675
DA-FAP,satellite_cell,PDGFB,PDGFRB,PDGF,0.022419124201480643,0.16896125543218754,0.0037879633707723083
inflammatory FAP,DA-FAP,SPP1,CD44,SPP1,0.0008517392768033633,4.441305456163125,0.0037828342972952116
inflammatory FAP,inflammatory FAP,SPP1,CD44,SPP1,0.0008517392768033633,4.435285456815737,0.0037777068274047108
macrophage_monocyte,b_cell,COL1A1,ITGA1,ECM_integrin,0.11972789169691629,0.03069199497972761,0.0036746878508951255
unassigned,adipocyte,CXCL12,CXCR4,CXCL12,0.01001565066110896,0.36674943996290255,0.003673234270825786
myonuclei_muscle_fiber,b_cell,TNF,TNFRSF1A,TNF,0.009515472782029539,0.3844701237179918,0.0036584149977420804
macrophage_monocyte,unassigned,PDGFB,PDGFRB,PDGF,0.37405053735201593,0.009774709600499717,0.0036562353785268282
ECM-remodeling FAP,b_cell,PDGFA,PDGFRA,PDGF,0.3646809216853234,0.009897792779025093,0.0036095361933052095
homeostatic FAP,adipocyte,SPP1,CD44,SPP1,0.003305744127084456,1.078995143418856,0.003566881858509534
t_cell,b_cell,COL1A1,ITGA1,ECM_integrin,0.11367776805245931,0.03069199497972761,0.003488997486372721
adipogenic FAP,myonuclei_muscle_fiber,CCL2,CCR2,CCL,1.4826295616753558,0.00233908605985766,0.003467998139647697
myonuclei_muscle_fiber,adipogenic FAP,IL6,IL6R,IL6,0.0032519612156327454,1.0645857642360976,0.0034619916160105353
myonuclei_muscle_fiber,macrophage_monocyte,SPP1,CD44,SPP1,0.00069133794401311,4.967461870217856,0.003434194876319931
myonuclei_muscle_fiber,t_cell,SPP1,CD44,SPP1,0.00069133794401311,4.957426809703607,0.003427257258215963
t_cell,DA-FAP,CXCL12,CXCR4,CXCL12,0.04137666252763046,0.08277043775050516,0.0034247644700668967
ECM-remodeling FAP,satellite_cell,CCL2,CCR2,CCL,1.1049584810127602,0.003084133200976594,0.0034078391369921192
unassigned,schwann_cell,PDGFB,PDGFRB,PDGF,0.013110947141603584,0.258392576201786,0.0033877714083643926
macrophage_monocyte,myonuclei_muscle_fiber,CCL2,CCR2,CCL,1.4472915546995138,0.00233908605985766,0.0033853395001473526
myonuclei_muscle_fiber,t_cell,IL6,IL6ST,IL6,0.0032519612156327454,1.037456807318021,0.0033737693002923786
DA-FAP,myonuclei_muscle_fiber,SPP1,CD44,SPP1,0.015368449005934154,0.2192239257680664,0.003369131724047223
DA-FAP,b_cell,PDGFB,PDGFRB,PDGF,0.022419124201480643,0.1500450471143682,0.003363878547074035
b_cell,macrophage_monocyte,PDGFA,PDGFRA,PDGF,0.07200611936523879,0.04658249091727837,0.0033542244013196982
homeostatic FAP,homeostatic FAP,CCL2,CCR2,CCL,1.9093767089035765,0.0017490024532727864,0.003339504548094274
myonuclei_muscle_fiber,ECM-remodeling FAP,IL6,IL6R,IL6,0.0032519612156327454,1.0115513940007823,0.0032895259009097823
t_cell,adipogenic FAP,JAG1,NOTCH1,NOTCH,0.04633096311092012,0.07014181446370683,0.003249737818451005
b_cell,b_cell,COL1A1,ITGA1,ECM_integrin,0.10585858383917068,0.03069199497972761,0.0032490111237529007
DA-FAP,t_cell,PDGFB,PDGFRB,PDGF,0.022419124201480643,0.14422613208621282,0.003233423568339958
satellite_cell,macrophage_monocyte,WNT5A,FZD4,WNT,0.07453414538266893,0.043268854070199037,0.0032250070598097012
DA-FAP,macrophage_monocyte,PDGFB,PDGFRB,PDGF,0.022419124201480643,0.14320233862836718,0.003210471015651853
b_cell,DA-FAP,CXCL12,CXCR4,CXCL12,0.03839879988282142,0.08277043775050516,0.003178285475395175
inflammatory FAP,adipogenic FAP,SPP1,CD44,SPP1,0.0008517392768033633,3.730187973215746,0.0031771476066473833
myonuclei_muscle_fiber,myonuclei_muscle_fiber,IL6,IL6R,IL6,0.0032519612156327454,0.9732220802046789,0.003164880459023037
inflammatory FAP,homeostatic FAP,SPP1,CD44,SPP1,0.0008517392768033633,3.673274945417006,0.003128672545509395
adipogenic FAP,satellite_cell,PDGFB,PDGFRB,PDGF,0.018384315837855568,0.16896125543218754,0.0031062370842259257
endothelial,b_cell,PDGFA,PDGFRA,PDGF,0.31131382140999975,0.009897792779025093,0.003081319693562603
schwann_cell,satellite_cell,CCL2,CCR2,CCL,0.9960133841222846,0.003084133200976594,0.0030718379465885914
adipogenic FAP,endothelial,SPP1,CD44,SPP1,0.007359465109789853,0.41727118612232045,0.0030708927355878454
myonuclei_muscle_fiber,DA-FAP,SPP1,CD44,SPP1,0.00069133794401311,4.441305456163125,0.0030704429827980223
myonuclei_muscle_fiber,inflammatory FAP,SPP1,CD44,SPP1,0.00069133794401311,4.435285456815737,0.0030662811288262384
adipogenic FAP,smooth_muscle_pericyte,CCL2,CCR2,CCL,1.4826295616753558,0.0020628457281383966,0.003058436057713711
t_cell,adipocyte,WNT5A,FZD4,WNT,0.002653850974157457,1.1517362687629717,0.003056536418829087
endothelial,unassigned,WNT5A,FZD4,WNT,0.04196554815044741,0.07249058725261714,0.003042107229803914
inflammatory FAP,b_cell,SPP1,CD44,SPP1,0.0008517392768033633,3.563833573157496,0.003035457030248712
macrophage_monocyte,macrophage_monocyte,PDGFA,PDGFRA,PDGF,0.06514546869188097,0.04658249091727837,0.0030346382036413873
t_cell,inflammatory FAP,CXCL12,CXCR4,CXCL12,0.04137666252763046,0.07234803511119856,0.002993520233333222
macrophage_monocyte,smooth_muscle_pericyte,CCL2,CCR2,CCL,1.4472915546995138,0.0020628457281383966,0.0029855392009826703
unassigned,ECM-remodeling FAP,COL1A1,ITGA1,ECM_integrin,0.014054344686345165,0.2122363000576248,0.002982842115964437
homeostatic FAP,b_cell,PDGFA,PDGFRA,PDGF,0.2984734361435038,0.009897792779025093,0.002954228220991979
b_cell,homeostatic FAP,JAG1,NOTCH1,NOTCH,0.05787892581253873,0.05102059749133455,0.002953017377112352
t_cell,ECM-remodeling FAP,WNT5A,FZD4,WNT,0.002653850974157457,1.0994972114337298,0.0029179017456468113
unassigned,homeostatic FAP,JAG1,NOTCH1,NOTCH,0.05644994884448335,0.05102059749133455,0.002880110118400811
b_cell,endothelial,SPP1,CD44,SPP1,0.006873362243351475,0.41727118612232045,0.0028680560159316435
inflammatory FAP,macrophage_monocyte,PDGFA,PDGFRA,PDGF,0.06146935868023552,0.04658249091727837,0.0028633958424129973
schwann_cell,unassigned,PDGFA,PDGFRA,PDGF,0.5598983109884971,0.005032571742030839,0.0028177284182915054
t_cell,DA-FAP,WNT5A,FZD4,WNT,0.002653850974157457,1.0584055064437186,0.0028088504843292793
b_cell,inflammatory FAP,CXCL12,CXCR4,CXCL12,0.03839879988282142,0.07234803511119856,0.002778077722150251
adipogenic FAP,b_cell,PDGFB,PDGFRB,PDGF,0.018384315837855568,0.1500450471143682,0.0027584755360564642
homeostatic FAP,satellite_cell,PDGFB,PDGFRB,PDGF,0.016186650699381383,0.16896125543218754,0.002734916823409775
myonuclei_muscle_fiber,DA-FAP,IL6,IL6R,IL6,0.0032519612156327454,0.8317403462815625,0.0027047873475845906
inflammatory FAP,unassigned,SPP1,CD44,SPP1,0.0008517392768033633,3.11662203665575,0.002654549399570594
adipogenic FAP,t_cell,PDGFB,PDGFRB,PDGF,0.018384315837855568,0.14422613208621282,0.0026514987643452117
adipogenic FAP,macrophage_monocyte,PDGFB,PDGFRB,PDGF,0.018384315837855568,0.14320233862836718,0.002632677022063447
adipocyte,t_cell,PDGFA,PDGFRA,PDGF,0.18131971142777284,0.014483376664053239,0.0026261216772258725
adipogenic FAP,homeostatic FAP,CCL2,CCR2,CCL,1.4826295616753558,0.0017490024532727864,0.002593122740664953
t_cell,ECM-remodeling FAP,CXCL12,CXCR4,CXCL12,0.04137666252763046,0.06247529718922101,0.002585019288111818
ECM-remodeling FAP,myonuclei_muscle_fiber,CCL2,CCR2,CCL,1.1049584810127602,0.00233908605985766,0.002584592979658442
myonuclei_muscle_fiber,adipogenic FAP,SPP1,CD44,SPP1,0.00069133794401311,3.730187973215746,0.0025788204841854035
t_cell,macrophage_monocyte,PDGFA,PDGFRA,PDGF,0.055103555814550814,0.04658249091727837,0.0025668608882410547
myonuclei_muscle_fiber,homeostatic FAP,SPP1,CD44,SPP1,0.00069133794401311,3.673274945417006,0.0025394743485594616
macrophage_monocyte,homeostatic FAP,CCL2,CCR2,CCL,1.4472915546995138,0.0017490024532727864,0.002531316479770435
unassigned,endothelial,CXCL12,CXCR4,CXCL12,0.01001565066110896,0.2488465338662752,0.0024923599514324324
smooth_muscle_pericyte,unassigned,PDGFB,PDGFRB,PDGF,0.2547225184263724,0.009774709600499717,0.0024898386463257285
myonuclei_muscle_fiber,b_cell,SPP1,CD44,SPP1,0.00069133794401311,3.563833573157496,0.0024638133752715985
t_cell,homeostatic FAP,CXCL12,CXCR4,CXCL12,0.04137666252763046,0.05935646971589989,0.0024559726162663074
unassigned,homeostatic FAP,COL1A1,ITGA1,ECM_integrin,0.014054344686345165,0.17442995850948448,0.002451498760517181
myonuclei_muscle_fiber,b_cell,IL6,IL6ST,IL6,0.0032519612156327454,0.7521923520603448,0.002446100355595813
unassigned,inflammatory FAP,COL1A1,ITGA1,ECM_integrin,0.014054344686345165,0.17338819021585566,0.0024368573898352155
homeostatic FAP,b_cell,PDGFB,PDGFRB,PDGF,0.016186650699381383,0.1500450471143682,0.0024287267668125006
b_cell,ECM-remodeling FAP,CXCL12,CXCR4,CXCL12,0.03839879988282142,0.06247529718922101,0.002398976434388693
b_cell,unassigned,WNT5A,FZD4,WNT,0.03266098799906606,0.07249058725261714,0.0023676142003029796
t_cell,homeostatic FAP,JAG1,NOTCH1,NOTCH,0.04633096311092012,0.05102059749133455,0.0023638334202681246
homeostatic FAP,t_cell,PDGFB,PDGFRB,PDGF,0.016186650699381383,0.14422613208621282,0.0023345380218023687
schwann_cell,myonuclei_muscle_fiber,CCL2,CCR2,CCL,0.9960133841222846,0.00233908605985766,0.0023297610222320886
homeostatic FAP,macrophage_monocyte,PDGFB,PDGFRB,PDGF,0.016186650699381383,0.14320233862836718,0.002317966234711909
smooth_muscle_pericyte,myonuclei_muscle_fiber,SPP1,CD44,SPP1,0.010539155723134007,0.2192239257680664,0.0023104350919064217
endothelial,schwann_cell,WNT5A,FZD4,WNT,0.04196554815044741,0.054638774207362906,0.002292946109880512
ECM-remodeling FAP,smooth_muscle_pericyte,CCL2,CCR2,CCL,1.1049584810127602,0.0020628457281383966,0.002279358882327464
b_cell,homeostatic FAP,CXCL12,CXCR4,CXCL12,0.03839879988282142,0.05935646971589989,0.0022792172023715896
b_cell,inflammatory FAP,JAG1,NOTCH1,NOTCH,0.05787892581253873,0.03917970674653412,0.0022676793401396715
unassigned,t_cell,COL1A1,ITGA1,ECM_integrin,0.014054344686345165,0.16117686830010314,0.002265235262555309
inflammatory FAP,satellite_cell,SPP1,CD44,SPP1,0.0008517392768033633,2.6564684521288124,0.0022626185182671446
myonuclei_muscle_fiber,unassigned,PDGFA,PDGFRA,PDGF,0.4475695461395059,0.005032571742030839,0.002252425850495245
unassigned,satellite_cell,PDGFB,PDGFRB,PDGF,0.013110947141603584,0.16896125543218754,0.0022152420889503923
unassigned,inflammatory FAP,JAG1,NOTCH1,NOTCH,0.05644994884448335,0.03917970674653412,0.0022116924415837105
t_cell,inflammatory FAP,WNT5A,FZD4,WNT,0.002653850974157457,0.8330476977480459,0.0022107844441882785
myonuclei_muscle_fiber,inflammatory FAP,IL6,IL6R,IL6,0.0032519612156327454,0.6704619881926974,0.0021803163821586717
myonuclei_muscle_fiber,unassigned,SPP1,CD44,SPP1,0.00069133794401311,3.11662203665575,0.0021546390710875376
unassigned,adipogenic FAP,CXCL12,CXCR4,CXCL12,0.01001565066110896,0.2150682846930639,0.0021540488077696554
t_cell,smooth_muscle_pericyte,WNT5A,FZD4,WNT,0.002653850974157457,0.8000048185452701,0.0021230935670270247
unassigned,macrophage_monocyte,COL1A1,ITGA1,ECM_integrin,0.014054344686345165,0.14999251157086438,0.0021080464579875434
schwann_cell,smooth_muscle_pericyte,CCL2,CCR2,CCL,0.9960133841222846,0.0020628457281383966,0.0020546219546053227
inflammatory FAP,smooth_muscle_pericyte,SPP1,CD44,SPP1,0.0008517392768033633,2.4020422887528947,0.002045913761873486
unassigned,b_cell,PDGFB,PDGFRB,PDGF,0.013110947141603584,0.1500450471143682,0.001967232681575901
DA-FAP,unassigned,PDGFA,PDGFRA,PDGF,0.386583885416965,0.005032571742030839,0.0019455111376739057
ECM-remodeling FAP,myonuclei_muscle_fiber,PDGFB,PDGFRB,PDGF,0.004737433793487038,0.4088158381685128,0.0019367379670522408
adipogenic FAP,t_cell,PDGFA,PDGFRA,PDGF,0.13369384178440924,0.014483376664053239,0.0019363382682279387
ECM-remodeling FAP,homeostatic FAP,CCL2,CCR2,CCL,1.1049584810127602,0.0017490024532727864,0.0019325750940558891
unassigned,t_cell,PDGFB,PDGFRB,PDGF,0.013110947141603584,0.14422613208621282,0.001890941194220273
unassigned,macrophage_monocyte,PDGFB,PDGFRB,PDGF,0.013110947141603584,0.14320233862836718,0.0018775182923105392
myonuclei_muscle_fiber,satellite_cell,SPP1,CD44,SPP1,0.00069133794401311,2.6564684521288124,0.0018365174380304218
ECM-remodeling FAP,unassigned,PDGFA,PDGFRA,PDGF,0.3646809216853234,0.005032571742030839,0.00183528290133132
endothelial,macrophage_monocyte,WNT5A,FZD4,WNT,0.04196554815044741,0.043268854070199037,0.0018158011788976202
t_cell,inflammatory FAP,JAG1,NOTCH1,NOTCH,0.04633096311092012,0.03917970674653412,0.0018152335479703406
adipocyte,b_cell,PDGFA,PDGFRA,PDGF,0.18131971142777284,0.009897792779025093,0.0017946649304647238
b_cell,schwann_cell,WNT5A,FZD4,WNT,0.03266098799906606,0.054638774207362906,0.00178455634867036
schwann_cell,homeostatic FAP,CCL2,CCR2,CCL,0.9960133841222846,0.0017490024532727864,0.001742029852322406
t_cell,myonuclei_muscle_fiber,WNT5A,FZD4,WNT,0.002653850974157457,0.6442254132051389,0.0017096782404114482
unassigned,macrophage_monocyte,PDGFA,PDGFRA,PDGF,0.03628134958693189,0.04658249091727837,0.001690075637599856
myonuclei_muscle_fiber,smooth_muscle_pericyte,SPP1,CD44,SPP1,0.00069133794401311,2.4020422887528947,0.0016606229773389713
b_cell,ECM-remodeling FAP,JAG1,NOTCH1,NOTCH,0.05787892581253873,0.028081924080349045,0.0016253516005198673
adipogenic FAP,myonuclei_muscle_fiber,SPP1,CD44,SPP1,0.007359465109789853,0.2192239257680664,0.0016133708329212455
unassigned,ECM-remodeling FAP,JAG1,NOTCH1,NOTCH,0.05644994884448335,0.028081924080349045,0.0015852231777903688
endothelial,unassigned,PDGFA,PDGFRA,PDGF,0.31131382140999975,0.005032571742030839,0.0015667091405316
b_cell,adipocyte,CCL2,CCR2,CCL,0.22411356264329085,0.0069161115969863,0.0015499944096391794
myonuclei_muscle_fiber,schwann_cell,CCL2,CCR2,CCL,0.03450408146104397,0.04477808295596574,0.0015450266219820266
t_cell,endothelial,SPP1,CD44,SPP1,0.0037017289299512714,0.41727118612232045,0.0015446248213040752
ECM-remodeling FAP,endothelial,PDGFB,PDGFRB,PDGF,0.004737433793487038,0.3202374231395514,0.0015171035903205187
b_cell,myonuclei_muscle_fiber,SPP1,CD44,SPP1,0.006873362243351475,0.2192239257680664,0.0015068054542135142
homeostatic FAP,unassigned,PDGFA,PDGFRA,PDGF,0.2984734361435038,0.005032571742030839,0.0015020889804826434
schwann_cell,unassigned,WNT5A,FZD4,WNT,0.020446530464991956,0.07249058725261714,0.001482181000685794
myonuclei_muscle_fiber,satellite_cell,IL6,IL6R,IL6,0.0032519612156327454,0.44215124286966034,0.00143785869325595
b_cell,macrophage_monocyte,WNT5A,FZD4,WNT,0.03266098799906606,0.043268854070199037,0.0014132035235201114
b_cell,unassigned,CCL2,CCR2,CCL,0.22411356264329085,0.006158302157958443,0.001380159036453933
homeostatic FAP,endothelial,SPP1,CD44,SPP1,0.003305744127084456,0.41727118612232045,0.0013793917729254257
myonuclei_muscle_fiber,smooth_muscle_pericyte,IL6,IL6R,IL6,0.0032519612156327454,0.4229797133495883,0.0013755136228123172
adipogenic FAP,b_cell,PDGFA,PDGFRA,PDGF,0.13369384178440924,0.009897792779025093,0.0013232739418138492
unassigned,unassigned,WNT5A,FZD4,WNT,0.018143518883634423,0.07249058725261714,0.0013152343387036079
t_cell,ECM-remodeling FAP,JAG1,NOTCH1,NOTCH,0.04633096311092012,0.028081924080349045,0.0013010625886503112
myonuclei_muscle_fiber,schwann_cell,IL6,IL6R,IL6,0.0032519612156327454,0.38608520159860193,0.001255534101528403
ECM-remodeling FAP,schwann_cell,PDGFB,PDGFRB,PDGF,0.004737433793487038,0.258392576201786,0.0012241177224845158
t_cell,adipocyte,CCL2,CCR2,CCL,0.1749394611525226,0.0069161115969863,0.0012099008360474959
macrophage_monocyte,unassigned,WNT5A,FZD4,WNT,0.01646655180114709,0.07249058725261714,0.001193670010090793
satellite_cell,unassigned,PDGFB,PDGFRB,PDGF,0.12019068950771747,0.009774709600499717,0.0011748290866217665
myonuclei_muscle_fiber,unassigned,IL6,IL6ST,IL6,0.0032519612156327454,0.3578708651745554,0.0011637821737525895
t_cell,satellite_cell,WNT5A,FZD4,WNT,0.002653850974157457,0.4327330701468539,0.0011484090797593755
unassigned,unassigned,COL1A1,ITGA1,ECM_integrin,0.014054344686345165,0.08067536113426722,0.0011338393330763657
schwann_cell,schwann_cell,WNT5A,FZD4,WNT,0.020446530464991956,0.054638774207362906,0.0011171733614006624
b_cell,adipogenic FAP,CCL2,CCR2,CCL,0.22411356264329085,0.004856273839668318,0.0010883568313794802
myonuclei_muscle_fiber,unassigned,PDGFB,PDGFRB,PDGF,0.11128408945066876,0.009774709600499717,0.0010877696575363211
smooth_muscle_pericyte,t_cell,WNT5A,FZD4,WNT,0.14397923188975187,0.0075352845441157374,0.001084924480732503
t_cell,unassigned,CCL2,CCR2,CCL,0.1749394611525226,0.006158302157958443,0.0010773300611276672
b_cell,t_cell,PDGFA,PDGFRA,PDGF,0.07200611936523879,0.014483376664053239,0.0010428917488835316
inflammatory FAP,schwann_cell,SPP1,CD44,SPP1,0.0008517392768033633,1.2064954544612572,0.0010276195658493763
myonuclei_muscle_fiber,t_cell,IL6,IL6R,IL6,0.0032519612156327454,0.314692399686627,0.0010233674786353092
smooth_muscle_pericyte,b_cell,WNT5A,FZD4,WNT,0.14397923188975187,0.007036277001241832,0.0010130777580023257
unassigned,schwann_cell,WNT5A,FZD4,WNT,0.018143518883634423,0.054638774207362906,0.0009913396316099264
macrophage_monocyte,t_cell,PDGFA,PDGFRA,PDGF,0.06514546869188097,0.014483376664053239,0.0009435263610207997
schwann_cell,unassigned,PDGFB,PDGFRB,PDGF,0.09539084527738038,0.009774709600499717,0.0009324178111325931
inflammatory FAP,adipocyte,SPP1,CD44,SPP1,0.0008517392768033633,1.078995143418856,0.0009190225431299178
adipocyte,unassigned,PDGFA,PDGFRA,PDGF,0.18131971142777284,0.005032571742030839,0.0009125044560045958
macrophage_monocyte,schwann_cell,WNT5A,FZD4,WNT,0.01646655180114709,0.054638774207362906,0.0008997122058367208
inflammatory FAP,t_cell,PDGFA,PDGFRA,PDGF,0.06146935868023552,0.014483376664053239,0.0008902838750636415
schwann_cell,macrophage_monocyte,WNT5A,FZD4,WNT,0.020446530464991956,0.043268854070199037,0.0008846979429316158
b_cell,endothelial,CCL2,CCR2,CCL,0.22411356264329085,0.0039261080409515635,0.0008798940603801261
unassigned,adipocyte,CCL2,CCR2,CCL,0.1231487925514539,0.0069161115969863,0.0008517107923199704
t_cell,adipogenic FAP,CCL2,CCR2,CCL,0.1749394611525226,0.004856273839668318,0.0008495539287206674
myonuclei_muscle_fiber,adipocyte,IL6,IL6R,IL6,0.0032519612156327454,0.25894850960117244,0.0008420905100689163
myonuclei_muscle_fiber,schwann_cell,SPP1,CD44,SPP1,0.00069133794401311,1.2064954544612572,0.0008340960869484083
unassigned,DA-FAP,CXCL12,CXCR4,CXCL12,0.01001565066110896,0.08277043775050516,0.000828999789576125
t_cell,unassigned,PDGFB,PDGFRB,PDGF,0.08350427351246759,0.009774709600499717,0.0008162300239850711
t_cell,myonuclei_muscle_fiber,SPP1,CD44,SPP1,0.0037017289299512714,0.2192239257680664,0.0008115075481531414
myonuclei_muscle_fiber,t_cell,WNT5A,FZD4,WNT,0.10724402316801838,0.0075352845441157374,0.000808114230226759
myonuclei_muscle_fiber,b_cell,IL6,IL6R,IL6,0.0032519612156327454,0.24759931701419544,0.0008051833759473205
ECM-remodeling FAP,satellite_cell,PDGFB,PDGFRB,PDGF,0.004737433793487038,0.16896125543218754,0.0008004427612744407
t_cell,t_cell,PDGFA,PDGFRA,PDGF,0.055103555814550814,0.014483376664053239,0.0007980855543908204
myonuclei_muscle_fiber,endothelial,IL6,IL6R,IL6,0.0032519612156327454,0.24184808126642582,0.0007864805803536131
unassigned,macrophage_monocyte,WNT5A,FZD4,WNT,0.018143518883634423,0.043268854070199037,0.0007850492708958784
unassigned,unassigned,CCL2,CCR2,CCL,0.1231487925514539,0.006158302157958443,0.0007583874749195952
myonuclei_muscle_fiber,b_cell,WNT5A,FZD4,WNT,0.10724402316801838,0.007036277001241832,0.000754598653737774
t_cell,myonuclei_muscle_fiber,CXCL12,CXCR4,CXCL12,0.04137666252763046,0.01813705829410155,0.0007504509402790009
myonuclei_muscle_fiber,adipocyte,SPP1,CD44,SPP1,0.00069133794401311,1.078995143418856,0.0007459502840513226
homeostatic FAP,myonuclei_muscle_fiber,SPP1,CD44,SPP1,0.003305744127084456,0.2192239257680664,0.0007246982051241842
unassigned,inflammatory FAP,CXCL12,CXCR4,CXCL12,0.01001565066110896,0.07234803511119856,0.0007246126456914101
b_cell,b_cell,PDGFA,PDGFRA,PDGF,0.07200611936523879,0.009897792779025093,0.0007127016482988795
macrophage_monocyte,macrophage_monocyte,WNT5A,FZD4,WNT,0.01646655180114709,0.043268854070199037,0.0007124888269232065
ECM-remodeling FAP,b_cell,PDGFB,PDGFRB,PDGF,0.004737433793487038,0.1500450471143682,0.0007108284767449627
b_cell,myonuclei_muscle_fiber,CXCL12,CXCR4,CXCL12,0.03839879988282142,0.01813705829410155,0.0006964412718982718
adipocyte,t_cell,WNT5A,FZD4,WNT,0.09174098983401471,0.0075352845441157374,0.0006912944627581301
b_cell,satellite_cell,CCL2,CCR2,CCL,0.22411356264329085,0.003084133200976594,0.000691196079337321
t_cell,endothelial,CCL2,CCR2,CCL,0.1749394611525226,0.0039261080409515635,0.0006868312251106526
ECM-remodeling FAP,t_cell,PDGFB,PDGFRB,PDGF,0.004737433793487038,0.14422613208621282,0.0006832617520491498
ECM-remodeling FAP,macrophage_monocyte,PDGFB,PDGFRB,PDGF,0.004737433793487038,0.14320233862836718,0.000678411598324401
adipogenic FAP,unassigned,PDGFA,PDGFRA,PDGF,0.13369384178440924,0.005032571742030839,0.0006728238502477598
adipocyte,b_cell,WNT5A,FZD4,WNT,0.09174098983401471,0.007036277001241832,0.0006455150168402384
macrophage_monocyte,b_cell,PDGFA,PDGFRA,PDGF,0.06514546869188097,0.009897792779025093,0.0006447963496047048
unassigned,ECM-remodeling FAP,CXCL12,CXCR4,CXCL12,0.01001565066110896,0.06247529718922101,0.0006257307515962002
inflammatory FAP,b_cell,PDGFA,PDGFRA,PDGF,0.06146935868023552,0.009897792779025093,0.0006084109744765386
unassigned,adipogenic FAP,CCL2,CCR2,CCL,0.1231487925514539,0.004856273839668318,0.0005980442596543662
unassigned,homeostatic FAP,CXCL12,CXCR4,CXCL12,0.01001565066110896,0.05935646971589989,0.0005944936651511467
satellite_cell,t_cell,WNT5A,FZD4,WNT,0.07453414538266893,0.0075352845441157374,0.0005616359937109006
t_cell,b_cell,PDGFA,PDGFRA,PDGF,0.055103555814550814,0.009897792779025093,0.0005454035768398673
t_cell,satellite_cell,CCL2,CCR2,CCL,0.1749394611525226,0.003084133200976594,0.00053953660030145
unassigned,t_cell,PDGFA,PDGFRA,PDGF,0.03628134958693189,0.014483376664053239,0.0005254764519477269
satellite_cell,b_cell,WNT5A,FZD4,WNT,0.07453414538266893,0.007036277001241832,0.0005244428929632885
b_cell,myonuclei_muscle_fiber,CCL2,CCR2,CCL,0.22411356264329085,0.00233908605985766,0.000524220910203958
unassigned,endothelial,CCL2,CCR2,CCL,0.1231487925514539,0.0039261080409515635,0.0004834954646697392
b_cell,smooth_muscle_pericyte,CCL2,CCR2,CCL,0.22411356264329085,0.0020628457281383966,0.0004623117053165895
unassigned,b_cell,COL1A1,ITGA1,ECM_integrin,0.014054344686345165,0.03069199497972761,0.00043135587655666717
t_cell,myonuclei_muscle_fiber,CCL2,CCR2,CCL,0.1749394611525226,0.00233908605985766,0.00040919845490087624
b_cell,homeostatic FAP,CCL2,CCR2,CCL,0.22411356264329085,0.0017490024532727864,0.00039197517087482
unassigned,satellite_cell,CCL2,CCR2,CCL,0.1231487925514539,0.003084133200976594,0.0003798072797681181
b_cell,unassigned,PDGFA,PDGFRA,PDGF,0.07200611936523879,0.005032571742030839,0.0003623759615708003
t_cell,smooth_muscle_pericyte,CCL2,CCR2,CCL,0.1749394611525226,0.0020628457281383966,0.0003608731201213142
unassigned,b_cell,PDGFA,PDGFRA,PDGF,0.03628134958693189,0.009897792779025093,0.0003591052799548195
inflammatory FAP,endothelial,SPP1,CD44,SPP1,0.0008517392768033633,0.41727118612232045,0.00035540625829870686
b_cell,unassigned,PDGFB,PDGFRB,PDGF,0.03594058224456783,0.009774709600499717,0.00035130875431352683
macrophage_monocyte,unassigned,PDGFA,PDGFRA,PDGF,0.06514546869188097,0.005032571742030839,0.0003278492448601149
endothelial,t_cell,WNT5A,FZD4,WNT,0.04196554815044741,0.0075352845441157374,0.00031622234636341116
inflammatory FAP,unassigned,PDGFA,PDGFRA,PDGF,0.06146935868023552,0.005032571742030839,0.00030934895749491135
t_cell,homeostatic FAP,CCL2,CCR2,CCL,0.1749394611525226,0.0017490024532727864,0.00030596954672998134
endothelial,b_cell,WNT5A,FZD4,WNT,0.04196554815044741,0.007036277001241832,0.0002952812212954998
myonuclei_muscle_fiber,endothelial,SPP1,CD44,SPP1,0.00069133794401311,0.41727118612232045,0.00028847540390971677
unassigned,myonuclei_muscle_fiber,CCL2,CCR2,CCL,0.1231487925514539,0.00233908605985766,0.00028805562394540864
t_cell,unassigned,PDGFA,PDGFRA,PDGF,0.055103555814550814,0.005032571742030839,0.00027731259787772757
unassigned,smooth_muscle_pericyte,CCL2,CCR2,CCL,0.1231487925514539,0.0020628457281383966,0.0002540369606401683
b_cell,t_cell,WNT5A,FZD4,WNT,0.03266098799906606,0.0075352845441157374,0.00024610983806491206
myonuclei_muscle_fiber,adipocyte,CCL2,CCR2,CCL,0.03450408146104397,0.0069161115969863,0.0002386340779360862
b_cell,b_cell,WNT5A,FZD4,WNT,0.03266098799906606,0.007036277001241832,0.000229811758695664
DA-FAP,unassigned,PDGFB,PDGFRB,PDGF,0.022419124201480643,0.009774709600499717,0.0002191404285670084
unassigned,homeostatic FAP,CCL2,CCR2,CCL,0.1231487925514539,0.0017490024532727864,0.00021538754029007433
myonuclei_muscle_fiber,unassigned,CCL2,CCR2,CCL,0.03450408146104397,0.006158302157958443,0.000212486559319921
t_cell,unassigned,WNT5A,FZD4,WNT,0.002653850974157457,0.07249058725261714,0.00019237921559760415
inflammatory FAP,myonuclei_muscle_fiber,SPP1,CD44,SPP1,0.0008517392768033633,0.2192239257680664,0.0001867216279916871
unassigned,unassigned,PDGFA,PDGFRA,PDGF,0.03628134958693189,0.005032571742030839,0.00018258849469393568
unassigned,myonuclei_muscle_fiber,CXCL12,CXCR4,CXCL12,0.01001565066110896,0.01813705829410155,0.00018165443989388993
adipogenic FAP,unassigned,PDGFB,PDGFRB,PDGF,0.018384315837855568,0.009774709600499717,0.0001797013485189058
myonuclei_muscle_fiber,adipogenic FAP,CCL2,CCR2,CCL,0.03450408146104397,0.004856273839668318,0.00016756126816105244
homeostatic FAP,unassigned,PDGFB,PDGFRB,PDGF,0.016186650699381383,0.009774709600499717,0.00015821980999117867
schwann_cell,t_cell,WNT5A,FZD4,WNT,0.020446530464991956,0.0075352845441157374,0.00015407042499364544
myonuclei_muscle_fiber,myonuclei_muscle_fiber,SPP1,CD44,SPP1,0.00069133794401311,0.2192239257680664,0.00015155781811897767
t_cell,schwann_cell,WNT5A,FZD4,WNT,0.002653850974157457,0.054638774207362906,0.0001450031641569794
schwann_cell,b_cell,WNT5A,FZD4,WNT,0.020446530464991956,0.007036277001241832,0.00014386745206601336
unassigned,t_cell,WNT5A,FZD4,WNT,0.018143518883634423,0.0075352845441157374,0.0001367165774197225
myonuclei_muscle_fiber,endothelial,CCL2,CCR2,CCL,0.03450408146104397,0.0039261080409515635,0.00013546675166985252
unassigned,unassigned,PDGFB,PDGFRB,PDGF,0.013110947141603584,0.009774709600499717,0.00012815570089667687
unassigned,b_cell,WNT5A,FZD4,WNT,0.018143518883634423,0.007036277001241832,0.00012766282464251376
macrophage_monocyte,t_cell,WNT5A,FZD4,WNT,0.01646655180114709,0.0075352845441157374,0.00012408015328206482
macrophage_monocyte,b_cell,WNT5A,FZD4,WNT,0.01646655180114709,0.007036277001241832,0.00011586321972816852
t_cell,macrophage_monocyte,WNT5A,FZD4,WNT,0.002653850974157457,0.043268854070199037,0.00011482909052487456
myonuclei_muscle_fiber,satellite_cell,CCL2,CCR2,CCL,0.03450408146104397,0.003084133200976594,0.0001064151832032067
myonuclei_muscle_fiber,myonuclei_muscle_fiber,CCL2,CCR2,CCL,0.03450408146104397,0.00233908605985766,8.070801595372108e-05
myonuclei_muscle_fiber,smooth_muscle_pericyte,CCL2,CCR2,CCL,0.03450408146104397,0.0020628457281383966,7.117659704525381e-05
myonuclei_muscle_fiber,homeostatic FAP,CCL2,CCR2,CCL,0.03450408146104397,0.0017490024532727864,6.034772312328998e-05
ECM-remodeling FAP,unassigned,PDGFB,PDGFRB,PDGF,0.004737433793487038,0.009774709600499717,4.630703958292955e-05
t_cell,t_cell,WNT5A,FZD4,WNT,0.002653850974157457,0.0075352845441157374,1.999752222795518e-05
t_cell,b_cell,WNT5A,FZD4,WNT,0.002653850974157457,0.007036277001241832,1.8673230574187346e-05
