regulator,target,feature_importance,spearman_sign,signed_grn_weight,spearman_rho,target_is_module_gene
PPARG,ABI3BP,0.0010936406476804903,1.0,0.0010936406476804903,0.015971352901126726,False
SMAD3,ABI3BP,0.12942355047583418,1.0,0.12942355047583418,0.07512502016874475,False
STAT3,ABI3BP,0.06078851687771171,1.0,0.06078851687771171,0.02523128295357888,False
CEBPA,ABI3BP,0.0031825041929774613,-1.0,-0.0031825041929774613,-0.005965144239550771,False
JUN,ABI3BP,0.051940724226107585,-1.0,-0.051940724226107585,-0.03015389536849545,False
FOS,ABI3BP,0.043724712080865126,-1.0,-0.043724712080865126,-0.031388286406657445,False
KLF4,ABI3BP,0.08732972445048108,1.0,0.08732972445048108,0.007161779898034005,False
KLF5,ABI3BP,0.008449665179637371,-1.0,-0.008449665179637371,-0.004587771066616265,False
RUNX1,ABI3BP,0.10187050909523247,1.0,0.10187050909523247,0.07401695450367413,False
RUNX2,ABI3BP,0.00047466589033421877,1.0,0.00047466589033421877,0.018396035373413958,False
FOXO1,ABI3BP,0.11818264736253019,1.0,0.11818264736253019,0.0682930028341594,False
FOXO3,ABI3BP,0.06528637715277522,-1.0,-0.06528637715277522,-0.001432869772511072,False
HIF1A,ABI3BP,0.07351174754117654,1.0,0.07351174754117654,0.08262556445735253,False
TEAD1,ABI3BP,0.125001806313519,1.0,0.125001806313519,0.08908721742658862,False
YAP1,ABI3BP,0.05233551439619749,1.0,0.05233551439619749,0.07232705220993489,False
WWTR1,ABI3BP,0.07740369411693986,1.0,0.07740369411693986,0.07213997407423586,False
PPARG,ABL2,0.0009251389628259082,1.0,0.0009251389628259082,0.00886474153400817,False
SMAD3,ABL2,0.045720362199471745,1.0,0.045720362199471745,0.07999558371822009,False
STAT3,ABL2,0.07691845032758889,1.0,0.07691845032758889,0.07482000958505289,False
CEBPA,ABL2,0.00612203420241346,-1.0,-0.00612203420241346,-0.013481696002194475,False
JUN,ABL2,0.10974151555810426,-1.0,-0.10974151555810426,-0.06507453885168388,False
FOS,ABL2,0.06370471146075395,1.0,0.06370471146075395,0.013728521206631686,False
KLF4,ABL2,0.23143092704490845,1.0,0.23143092704490845,0.16068213004579296,False
KLF5,ABL2,0.008087669149441755,1.0,0.008087669149441755,0.039800377787624054,False
RUNX1,ABL2,0.2888924659503,1.0,0.2888924659503,0.18735793686777988,False
RUNX2,ABL2,0.00018416871536580144,-1.0,-0.00018416871536580144,-0.0016639011917893023,False
FOXO1,ABL2,0.024878901897489734,1.0,0.024878901897489734,0.04252567920275929,False
FOXO3,ABL2,0.05699542923539377,-1.0,-0.05699542923539377,-0.015483573012854848,False
HIF1A,ABL2,0.03802166018811329,1.0,0.03802166018811329,0.09936488274954741,False
TEAD1,ABL2,0.016597242242201184,1.0,0.016597242242201184,0.0463892950027688,False
YAP1,ABL2,0.013207329687986347,1.0,0.013207329687986347,0.03864834806639781,False
WWTR1,ABL2,0.018571993177641542,1.0,0.018571993177641542,0.06143101572483764,False
PPARG,ACTA2,0.006296578111265325,1.0,0.006296578111265325,0.012758434250339576,True
SMAD3,ACTA2,0.0982826777628008,1.0,0.0982826777628008,0.06836816702031709,True
STAT3,ACTA2,0.08992788435668508,1.0,0.08992788435668508,0.04955413038751629,True
CEBPA,ACTA2,0.0038401522568666585,1.0,0.0038401522568666585,0.011649165958720386,True
JUN,ACTA2,0.14960960766339487,1.0,0.14960960766339487,0.05575314239543595,True
FOS,ACTA2,0.16440978798849348,1.0,0.16440978798849348,0.05200877286154148,True
KLF4,ACTA2,0.0788079959082296,1.0,0.0788079959082296,0.04366713256700489,True
KLF5,ACTA2,0.011905518215735574,1.0,0.011905518215735574,0.029006412362520613,True
RUNX1,ACTA2,0.02231369954370137,1.0,0.02231369954370137,0.026417300429008746,True
RUNX2,ACTA2,0.0013328494214673763,1.0,0.0013328494214673763,0.008399463420584084,True
FOXO1,ACTA2,0.056395916492957374,1.0,0.056395916492957374,0.015805855286891275,True
FOXO3,ACTA2,0.16049854091054844,-1.0,-0.16049854091054844,-0.028065778113854977,True
HIF1A,ACTA2,0.04122041875970841,1.0,0.04122041875970841,0.04106688188295234,True
TEAD1,ACTA2,0.033225304843761,1.0,0.033225304843761,0.04640748072503043,True
YAP1,ACTA2,0.043503850510110624,1.0,0.043503850510110624,0.0534977759970595,True
WWTR1,ACTA2,0.03842921725427412,1.0,0.03842921725427412,0.03974340081006731,True
PPARG,ADAMTS4,0.00279103591591824,1.0,0.00279103591591824,0.023164930240842967,False
SMAD3,ADAMTS4,0.018865784729237382,-1.0,-0.018865784729237382,-8.097414218112767e-05,False
STAT3,ADAMTS4,0.0614820088905976,1.0,0.0614820088905976,0.0672097865753305,False
CEBPA,ADAMTS4,0.0002860131774228744,-1.0,-0.0002860131774228744,-0.002110289862980259,False
JUN,ADAMTS4,0.14111787805188863,-1.0,-0.14111787805188863,-0.08410613407907853,False
FOS,ADAMTS4,0.03849168199344197,1.0,0.03849168199344197,0.025098435286975543,False
KLF4,ADAMTS4,0.05663646673592652,1.0,0.05663646673592652,0.08312836783282436,False
KLF5,ADAMTS4,0.005421979360112779,1.0,0.005421979360112779,0.05674107355276195,False
RUNX1,ADAMTS4,0.47242589480116093,1.0,0.47242589480116093,0.2542593796063241,False
RUNX2,ADAMTS4,0.0010482439287368562,1.0,0.0010482439287368562,0.028451069922839398,False
FOXO1,ADAMTS4,0.027308348596584302,-1.0,-0.027308348596584302,-0.021481538920558693,False
FOXO3,ADAMTS4,0.03622875669349314,-1.0,-0.03622875669349314,-0.04668638913660109,False
HIF1A,ADAMTS4,0.09064960927568358,1.0,0.09064960927568358,0.12437882763735643,False
TEAD1,ADAMTS4,0.020192072753365514,-1.0,-0.020192072753365514,-0.013339988002873376,False
YAP1,ADAMTS4,0.007916142067387806,1.0,0.007916142067387806,0.006263238505724726,False
WWTR1,ADAMTS4,0.01913808302904204,1.0,0.01913808302904204,0.03776081978628953,False
PPARG,ASPN,0.016404097915293108,-1.0,-0.016404097915293108,-0.04824976240792702,False
SMAD3,ASPN,0.02722643496641596,1.0,0.02722643496641596,0.020326650692410787,False
STAT3,ASPN,0.03940560592202788,-1.0,-0.03940560592202788,-0.0012611647628021675,False
CEBPA,ASPN,0.013677855516173176,-1.0,-0.013677855516173176,-0.034419102933800044,False
JUN,ASPN,0.11635877385312092,-1.0,-0.11635877385312092,-0.014088830895857912,False
FOS,ASPN,0.06433330235957965,1.0,0.06433330235957965,0.016073138225073284,False
KLF4,ASPN,0.152539758486501,1.0,0.152539758486501,0.1229700831074688,False
KLF5,ASPN,0.006562100080665546,1.0,0.006562100080665546,0.017476107315004853,False
RUNX1,ASPN,0.17966903907568954,1.0,0.17966903907568954,0.13623455778591262,False
RUNX2,ASPN,0.0012697243481648215,1.0,0.0012697243481648215,0.015120115945959422,False
FOXO1,ASPN,0.039817623445309036,-1.0,-0.039817623445309036,-0.06885376353746471,False
FOXO3,ASPN,0.2821406932779976,-1.0,-0.2821406932779976,-0.14690896072795182,False
HIF1A,ASPN,0.0181172731051596,1.0,0.0181172731051596,0.03970242222440407,False
TEAD1,ASPN,0.01031708042914056,-1.0,-0.01031708042914056,-0.005484634959333415,False
YAP1,ASPN,0.007931540044485085,1.0,0.007931540044485085,0.004523463400733798,False
WWTR1,ASPN,0.02422909717427635,1.0,0.02422909717427635,0.02724623357504411,False
PPARG,B2M,0.00019083395058504246,-1.0,-0.00019083395058504246,-0.06640808315813103,False
SMAD3,B2M,0.043973075632955924,-1.0,-0.043973075632955924,-0.158879735693026,False
STAT3,B2M,0.12657630003157633,-1.0,-0.12657630003157633,-0.19580027308377293,False
CEBPA,B2M,0.0008265404652966662,-1.0,-0.0008265404652966662,-0.05592287224331403,False
JUN,B2M,0.15729298368881103,-1.0,-0.15729298368881103,-0.042016077091859984,False
FOS,B2M,0.10865664079732473,1.0,0.10865664079732473,0.009679627051590393,False
KLF4,B2M,0.1270568880532762,1.0,0.1270568880532762,0.02451460340225874,False
KLF5,B2M,0.007006770874463035,-1.0,-0.007006770874463035,-0.032517228473021284,False
RUNX1,B2M,0.008733646210123335,-1.0,-0.008733646210123335,-0.04777618820897746,False
RUNX2,B2M,0.0017597477604527037,-1.0,-0.0017597477604527037,-0.05706882663817002,False
FOXO1,B2M,0.0983528044479838,-1.0,-0.0983528044479838,-0.24415204750440286,False
FOXO3,B2M,0.15742460504755626,-1.0,-0.15742460504755626,-0.2519678974135269,False
HIF1A,B2M,0.012515004851388723,-1.0,-0.012515004851388723,-0.07237554250124113,False
TEAD1,B2M,0.0877110146802137,-1.0,-0.0877110146802137,-0.1759075343170854,False
YAP1,B2M,0.012783212604176154,-1.0,-0.012783212604176154,-0.13308794980514166,False
WWTR1,B2M,0.04913993090381654,-1.0,-0.04913993090381654,-0.16653027994009387,False
PPARG,BHLHE40,0.00030789001033007025,-1.0,-0.00030789001033007025,-0.010259158747133453,False
SMAD3,BHLHE40,0.03802729842847677,1.0,0.03802729842847677,0.06376362751355612,False
STAT3,BHLHE40,0.13464367234409821,1.0,0.13464367234409821,0.10207268563712767,False
CEBPA,BHLHE40,0.0013485241124106201,-1.0,-0.0013485241124106201,-0.0014444461579849392,False
JUN,BHLHE40,0.11388238369091139,1.0,0.11388238369091139,0.07613096914293258,False
FOS,BHLHE40,0.23605277096001517,1.0,0.23605277096001517,0.10786668463395684,False
KLF4,BHLHE40,0.12212017406225574,1.0,0.12212017406225574,0.13109108966267563,False
KLF5,BHLHE40,0.0036280503364790697,1.0,0.0036280503364790697,0.0363446318827179,False
RUNX1,BHLHE40,0.11999008773933736,1.0,0.11999008773933736,0.12429568392578152,False
RUNX2,BHLHE40,0.0016684091265026,1.0,0.0016684091265026,0.018662925343695454,False
FOXO1,BHLHE40,0.03431185177217571,-1.0,-0.03431185177217571,-0.024796484123255837,False
FOXO3,BHLHE40,0.12705694814254326,-1.0,-0.12705694814254326,-0.07517612188713295,False
HIF1A,BHLHE40,0.01839899473522724,1.0,0.01839899473522724,0.05856835060426779,False
TEAD1,BHLHE40,0.010365017889861963,1.0,0.010365017889861963,0.010046295894670569,False
YAP1,BHLHE40,0.01964817373431268,1.0,0.01964817373431268,0.018332036847469094,False
WWTR1,BHLHE40,0.018549752915062275,1.0,0.018549752915062275,0.04676359145071372,False
PPARG,CCDC80,0.003889080976183461,-1.0,-0.003889080976183461,-0.050505802405273,False
SMAD3,CCDC80,0.03534443828105776,1.0,0.03534443828105776,0.010557096675531914,False
STAT3,CCDC80,0.0917910334666505,-1.0,-0.0917910334666505,-0.0779033044067744,False
CEBPA,CCDC80,0.004639897969106456,-1.0,-0.004639897969106456,-0.02211127800350809,False
JUN,CCDC80,0.03336631403498885,1.0,0.03336631403498885,0.0353956812676683,False
FOS,CCDC80,0.059480958825648494,1.0,0.059480958825648494,0.060028935088766985,False
KLF4,CCDC80,0.17350459334570784,1.0,0.17350459334570784,0.0719893566096638,False
KLF5,CCDC80,0.018913983856220715,-1.0,-0.018913983856220715,-0.02884612185404643,False
RUNX1,CCDC80,0.10501135033846384,1.0,0.10501135033846384,0.12220311345247946,False
RUNX2,CCDC80,0.0005330578711123377,-1.0,-0.0005330578711123377,-0.004204673458123709,False
FOXO1,CCDC80,0.04372684752841483,-1.0,-0.04372684752841483,-0.06693648762039228,False
FOXO3,CCDC80,0.34671267604915723,-1.0,-0.34671267604915723,-0.19296701938310598,False
HIF1A,CCDC80,0.026735542287271225,1.0,0.026735542287271225,0.054994671660246026,False
TEAD1,CCDC80,0.03750888436437268,1.0,0.03750888436437268,0.0419666827145196,False
YAP1,CCDC80,0.0059198160756165664,1.0,0.0059198160756165664,0.0062473461908896764,False
WWTR1,CCDC80,0.012921524730027199,1.0,0.012921524730027199,0.02757244031001096,False
PPARG,CCL2,0.0003467205542890765,-1.0,-0.0003467205542890765,-0.015713281649680715,True
SMAD3,CCL2,0.031829104157847087,-1.0,-0.031829104157847087,-0.05607674201250414,True
STAT3,CCL2,0.028126290433743827,1.0,0.028126290433743827,0.04425779862980779,True
CEBPA,CCL2,0.0012256473040491553,1.0,0.0012256473040491553,0.019519936116493317,True
JUN,CCL2,0.12346367877837507,1.0,0.12346367877837507,0.03754110394402179,True
FOS,CCL2,0.1272457507866489,1.0,0.1272457507866489,0.1444392583681234,True
KLF4,CCL2,0.05572665820396281,1.0,0.05572665820396281,0.11360517409755617,True
KLF5,CCL2,0.01526329805242646,1.0,0.01526329805242646,0.07539188700562253,True
RUNX1,CCL2,0.34478481684732876,1.0,0.34478481684732876,0.22033821409941487,True
RUNX2,CCL2,0.0009914658567508772,1.0,0.0009914658567508772,0.02666122830156488,True
FOXO1,CCL2,0.09090003723808528,-1.0,-0.09090003723808528,-0.11650851569982998,True
FOXO3,CCL2,0.1136865373298253,-1.0,-0.1136865373298253,-0.12202984083574338,True
HIF1A,CCL2,0.03271837292431987,1.0,0.03271837292431987,0.08227551305936207,True
TEAD1,CCL2,0.022547045617480978,-1.0,-0.022547045617480978,-0.06851467860468324,True
YAP1,CCL2,0.005214551414127558,-1.0,-0.005214551414127558,-0.021812070156796894,True
WWTR1,CCL2,0.005930024500738993,1.0,0.005930024500738993,0.020392257422031858,True
PPARG,CD36,0.008851900240980976,-1.0,-0.008851900240980976,-0.00034181095766029114,True
SMAD3,CD36,0.04282592257403034,-1.0,-0.04282592257403034,-0.01317792270316173,True
STAT3,CD36,0.12152709476041051,-1.0,-0.12152709476041051,-0.017869275532871782,True
CEBPA,CD36,0.014131711978697978,1.0,0.014131711978697978,0.008254083907953944,True
JUN,CD36,0.11080189412821788,1.0,0.11080189412821788,0.026350208150631913,True
FOS,CD36,0.13016345871618665,1.0,0.13016345871618665,0.020016831387600433,True
KLF4,CD36,0.1461764528697719,-1.0,-0.1461764528697719,-0.00276272568474362,True
KLF5,CD36,0.02966634366183118,1.0,0.02966634366183118,0.010028932857954495,True
RUNX1,CD36,0.03581130778750593,-1.0,-0.03581130778750593,-0.004852479848779333,True
RUNX2,CD36,0.010655857422583088,-1.0,-0.010655857422583088,-0.006241061350946493,True
FOXO1,CD36,0.05681347780223393,-1.0,-0.05681347780223393,-0.017273572688614906,True
FOXO3,CD36,0.11431214501920185,-1.0,-0.11431214501920185,-0.004824605910965964,True
HIF1A,CD36,0.027333931928490336,1.0,0.027333931928490336,0.0038909804282621576,True
TEAD1,CD36,0.03542366669277484,-1.0,-0.03542366669277484,-0.00291937360142058,True
YAP1,CD36,0.054138535009759806,-1.0,-0.054138535009759806,-0.01378102261662676,True
WWTR1,CD36,0.06136629940732265,-1.0,-0.06136629940732265,-0.004094041817941581,True
PPARG,CEBPA,0.12328041917195215,1.0,0.12328041917195215,0.06575547266207996,True
SMAD3,CEBPA,0.03350143080953689,1.0,0.03350143080953689,0.010190626638579782,True
STAT3,CEBPA,0.10111751064746383,1.0,0.10111751064746383,0.0286310255568101,True
JUN,CEBPA,0.06008975621246211,1.0,0.06008975621246211,0.04205370098095604,True
FOS,CEBPA,0.07816581273678044,1.0,0.07816581273678044,0.0432267359778145,True
KLF4,CEBPA,0.0786362801813312,1.0,0.0786362801813312,0.02075647500787685,True
KLF5,CEBPA,0.02507437773532721,1.0,0.02507437773532721,0.02027064493420001,True
RUNX1,CEBPA,0.047041585386038504,-1.0,-0.047041585386038504,-0.011198797481385137,True
RUNX2,CEBPA,0.07813222998700967,1.0,0.07813222998700967,0.05018990993143688,True
FOXO1,CEBPA,0.07001244279488325,1.0,0.07001244279488325,0.018123699208590093,True
FOXO3,CEBPA,0.09257912474273323,1.0,0.09257912474273323,0.014761806846099667,True
HIF1A,CEBPA,0.049001663290713315,1.0,0.049001663290713315,0.015316827492336862,True
TEAD1,CEBPA,0.03890247090541114,1.0,0.03890247090541114,0.02136415723998729,True
YAP1,CEBPA,0.039681453286143836,1.0,0.039681453286143836,0.026577228859503057,True
WWTR1,CEBPA,0.08478344211221328,1.0,0.08478344211221328,0.04553233819460181,True
PPARG,CILP,0.002421415107574994,1.0,0.002421415107574994,0.0015159490688855138,False
SMAD3,CILP,0.03273894436637073,1.0,0.03273894436637073,0.026000223609828038,False
STAT3,CILP,0.15971835355098132,-1.0,-0.15971835355098132,-0.02641318043513031,False
CEBPA,CILP,0.004011887173066967,1.0,0.004011887173066967,0.03184365247609399,False
JUN,CILP,0.14245163229338237,1.0,0.14245163229338237,0.04883066970683258,False
FOS,CILP,0.046521390569554476,1.0,0.046521390569554476,0.0047543728958222365,False
KLF4,CILP,0.09347695043395275,-1.0,-0.09347695043395275,-0.029393212197416425,False
KLF5,CILP,0.039919350142670576,-1.0,-0.039919350142670576,-0.03045437622426664,False
RUNX1,CILP,0.025169050713113605,1.0,0.025169050713113605,0.027070287415418604,False
RUNX2,CILP,0.0027074272923327857,1.0,0.0027074272923327857,0.02985915147223624,False
FOXO1,CILP,0.12685519229898476,1.0,0.12685519229898476,0.06230501607875978,False
FOXO3,CILP,0.0976007171914609,1.0,0.0976007171914609,0.018099991164569416,False
HIF1A,CILP,0.020223476996746113,1.0,0.020223476996746113,0.023410331168826494,False
TEAD1,CILP,0.16499711059954408,1.0,0.16499711059954408,0.08389774147676393,False
YAP1,CILP,0.02231029120396475,1.0,0.02231029120396475,0.04743441162317076,False
WWTR1,CILP,0.018876810066298842,1.0,0.018876810066298842,0.030496161751618258,False
PPARG,COL14A1,0.0016188462808632165,-1.0,-0.0016188462808632165,-0.01339939805022369,False
SMAD3,COL14A1,0.039429693397530455,1.0,0.039429693397530455,0.031444830023827954,False
STAT3,COL14A1,0.07947448194027935,-1.0,-0.07947448194027935,-0.005551073870962469,False
CEBPA,COL14A1,0.0014830508345598686,-1.0,-0.0014830508345598686,-0.019417319224736513,False
JUN,COL14A1,0.053153293880388974,-1.0,-0.053153293880388974,-0.023106160189597123,False
FOS,COL14A1,0.1042939871360976,1.0,0.1042939871360976,0.030563637007023133,False
KLF4,COL14A1,0.0833118821168776,-1.0,-0.0833118821168776,-0.02060600318112968,False
KLF5,COL14A1,0.015593063364402816,-1.0,-0.015593063364402816,-0.005319038014036445,False
RUNX1,COL14A1,0.1611713470801133,1.0,0.1611713470801133,0.11033389234372273,False
RUNX2,COL14A1,0.004687719943996118,1.0,0.004687719943996118,0.01795317340121291,False
FOXO1,COL14A1,0.07015460544180485,1.0,0.07015460544180485,0.024492768103826754,False
FOXO3,COL14A1,0.11474839274812647,-1.0,-0.11474839274812647,-0.0561914106851667,False
HIF1A,COL14A1,0.05110642288268591,1.0,0.05110642288268591,0.07280848751465822,False
TEAD1,COL14A1,0.15322146766595615,1.0,0.15322146766595615,0.07852915299638416,False
YAP1,COL14A1,0.033090350767151125,1.0,0.033090350767151125,0.056952250839826926,False
WWTR1,COL14A1,0.03346139451916626,1.0,0.03346139451916626,0.05575871314981126,False
PPARG,COL15A1,0.003164898366553614,1.0,0.003164898366553614,0.024401650318819947,False
SMAD3,COL15A1,0.05752493595941579,-1.0,-0.05752493595941579,-0.06781018528171734,False
STAT3,COL15A1,0.048924493330774255,-1.0,-0.048924493330774255,-0.06716054483370644,False
CEBPA,COL15A1,0.03316928407858029,1.0,0.03316928407858029,0.07093780078392238,False
JUN,COL15A1,0.2714172849105949,1.0,0.2714172849105949,0.1263036892613073,False
FOS,COL15A1,0.17598632123954713,1.0,0.17598632123954713,0.09151289325216287,False
KLF4,COL15A1,0.14816565580853172,-1.0,-0.14816565580853172,-0.07854155072601077,False
KLF5,COL15A1,0.0077977009395416505,-1.0,-0.0077977009395416505,-0.012267750306114808,False
RUNX1,COL15A1,0.00952504339727769,-1.0,-0.00952504339727769,-0.01981627666554693,False
RUNX2,COL15A1,0.025128915518093993,1.0,0.025128915518093993,0.07295081550186981,False
FOXO1,COL15A1,0.08157038963466032,-1.0,-0.08157038963466032,-0.04941223332276082,False
FOXO3,COL15A1,0.10147313381719049,-1.0,-0.10147313381719049,-0.020446327256302733,False
HIF1A,COL15A1,0.0067118997007360294,1.0,0.0067118997007360294,0.007027050824519929,False
TEAD1,COL15A1,0.00780342739037828,1.0,0.00780342739037828,0.02274590230152434,False
YAP1,COL15A1,0.012688144881152963,1.0,0.012688144881152963,0.024375587315193313,False
WWTR1,COL15A1,0.008948471026970828,1.0,0.008948471026970828,0.0067895291910282625,False
PPARG,COL1A1,0.0006899186888801144,-1.0,-0.0006899186888801144,-0.04323870094610455,True
SMAD3,COL1A1,0.03425657254723486,-1.0,-0.03425657254723486,-0.009496007914278378,True
STAT3,COL1A1,0.07368535562456266,-1.0,-0.07368535562456266,-0.07418908753941715,True
CEBPA,COL1A1,0.00036806805172004257,-1.0,-0.00036806805172004257,-0.01615328166775918,True
JUN,COL1A1,0.05820600762632695,1.0,0.05820600762632695,0.01774350396200756,True
FOS,COL1A1,0.041307252316571515,1.0,0.041307252316571515,0.08523856886713299,True
KLF4,COL1A1,0.09923291704754995,1.0,0.09923291704754995,0.08098201885977321,True
KLF5,COL1A1,0.0026827303246174114,1.0,0.0026827303246174114,0.03800324306382985,True
RUNX1,COL1A1,0.15935437921773285,1.0,0.15935437921773285,0.1495322543718498,True
RUNX2,COL1A1,0.002388642485166818,1.0,0.002388642485166818,0.02229191228481645,True
FOXO1,COL1A1,0.06497053642589004,-1.0,-0.06497053642589004,-0.11144241494809431,True
FOXO3,COL1A1,0.39493150846743796,-1.0,-0.39493150846743796,-0.23021899955650332,True
HIF1A,COL1A1,0.03596706648946303,1.0,0.03596706648946303,0.07284237352472261,True
TEAD1,COL1A1,0.008275906646662438,1.0,0.008275906646662438,0.006906989892045413,True
YAP1,COL1A1,0.007702820859610938,1.0,0.007702820859610938,0.017094372399202,True
WWTR1,COL1A1,0.015980317180572554,1.0,0.015980317180572554,0.03142105436396596,True
PPARG,COL1A2,0.0003719369391634545,-1.0,-0.0003719369391634545,-0.062220338725220856,False
SMAD3,COL1A2,0.016268950277868528,-1.0,-0.016268950277868528,-0.03856497942698139,False
STAT3,COL1A2,0.14891879730625904,-1.0,-0.14891879730625904,-0.1755265495408744,False
CEBPA,COL1A2,0.00048420642218896564,-1.0,-0.00048420642218896564,-0.023698504451168317,False
JUN,COL1A2,0.029503012052095226,1.0,0.029503012052095226,0.027326345648540504,False
FOS,COL1A2,0.028022836622034596,1.0,0.028022836622034596,0.09896964598822773,False
KLF4,COL1A2,0.06245065506504218,1.0,0.06245065506504218,0.048832375480269745,False
KLF5,COL1A2,0.008042052852106997,-1.0,-0.008042052852106997,-0.012632525639452672,False
RUNX1,COL1A2,0.06280328699999661,1.0,0.06280328699999661,0.11125438896219153,False
RUNX2,COL1A2,0.0005886226743573086,1.0,0.0005886226743573086,0.013547602851319998,False
FOXO1,COL1A2,0.12231257400227498,-1.0,-0.12231257400227498,-0.15473372525138812,False
FOXO3,COL1A2,0.4915658385969135,-1.0,-0.4915658385969135,-0.31102392138589,False
HIF1A,COL1A2,0.008479313463580017,1.0,0.008479313463580017,0.03393882444441004,False
TEAD1,COL1A2,0.00915256678061169,-1.0,-0.00915256678061169,-0.00040075689269236105,False
YAP1,COL1A2,0.004541229314145123,-1.0,-0.004541229314145123,-0.012293919696784023,False
WWTR1,COL1A2,0.0064941206313619115,-1.0,-0.0064941206313619115,-0.022781158437281592,False
PPARG,COL3A1,0.0015344124687491775,-1.0,-0.0015344124687491775,-0.0425053384848842,True
SMAD3,COL3A1,0.027894081265216576,1.0,0.027894081265216576,0.0014906515403389528,True
STAT3,COL3A1,0.15166453723260273,-1.0,-0.15166453723260273,-0.12063195283485467,True
CEBPA,COL3A1,0.00072341063394515,-1.0,-0.00072341063394515,-0.014632201314511241,True
JUN,COL3A1,0.024678821383705453,-1.0,-0.024678821383705453,-0.0007730450570467007,True
FOS,COL3A1,0.02442530980053185,1.0,0.02442530980053185,0.05518642341413935,True
KLF4,COL3A1,0.08517514488003013,1.0,0.08517514488003013,0.0427018592365578,True
KLF5,COL3A1,0.008580191280598837,-1.0,-0.008580191280598837,-0.01709873890693844,True
RUNX1,COL3A1,0.10465971455802847,1.0,0.10465971455802847,0.13009236679495345,True
RUNX2,COL3A1,0.001124802812964317,1.0,0.001124802812964317,0.015601232601685963,True
FOXO1,COL3A1,0.07367532699732796,-1.0,-0.07367532699732796,-0.10049845623851728,True
FOXO3,COL3A1,0.4325637599790487,-1.0,-0.4325637599790487,-0.2485252564136145,True
HIF1A,COL3A1,0.026680301801976454,1.0,0.026680301801976454,0.06305550092512807,True
TEAD1,COL3A1,0.017807900761303036,1.0,0.017807900761303036,0.032445181851581656,True
YAP1,COL3A1,0.004840316333488412,1.0,0.004840316333488412,0.013603287749222322,True
WWTR1,COL3A1,0.013971967810482605,1.0,0.013971967810482605,0.034245969599045974,True
PPARG,COL6A1,0.00012446676005564483,-1.0,-0.00012446676005564483,-0.014881641312732213,True
SMAD3,COL6A1,0.03249508168442391,1.0,0.03249508168442391,0.008431955576960066,True
STAT3,COL6A1,0.14617475761481716,-1.0,-0.14617475761481716,-0.07996749516185364,True
CEBPA,COL6A1,0.000788721832567729,-1.0,-0.000788721832567729,-0.000802824734987814,True
JUN,COL6A1,0.07616132352501481,1.0,0.07616132352501481,0.019697853932395096,True
FOS,COL6A1,0.0560500140863301,1.0,0.0560500140863301,0.0088991857339866,True
KLF4,COL6A1,0.11673269032398347,-1.0,-0.11673269032398347,-0.01987353114185443,True
KLF5,COL6A1,0.05117220264178049,-1.0,-0.05117220264178049,-0.059404301249406516,True
RUNX1,COL6A1,0.024051276494077997,1.0,0.024051276494077997,0.0004423371061155759,True
RUNX2,COL6A1,0.0062400675413923235,1.0,0.0062400675413923235,0.030999776827497695,True
FOXO1,COL6A1,0.05205774718391155,-1.0,-0.05205774718391155,-0.0704942099901229,True
FOXO3,COL6A1,0.32397662773527247,-1.0,-0.32397662773527247,-0.12373619679441732,True
HIF1A,COL6A1,0.014470000099025259,-1.0,-0.014470000099025259,-0.0015726793089525786,True
TEAD1,COL6A1,0.07151653197543682,1.0,0.07151653197543682,0.021802225146502166,True
YAP1,COL6A1,0.0129898007849271,1.0,0.0129898007849271,0.0046981091579540975,True
WWTR1,COL6A1,0.01499868971698327,-1.0,-0.01499868971698327,-0.015844254009025827,True
PPARG,COL6A2,0.0002504358235771963,-1.0,-0.0002504358235771963,-0.039731035961082295,False
SMAD3,COL6A2,0.031250743506754754,-1.0,-0.031250743506754754,-0.08252744768571214,False
STAT3,COL6A2,0.1885253645232849,-1.0,-0.1885253645232849,-0.17532613122832574,False
CEBPA,COL6A2,0.0008253939218327632,-1.0,-0.0008253939218327632,-0.017669687937344032,False
JUN,COL6A2,0.10150564537183698,1.0,0.10150564537183698,0.05744214434119478,False
FOS,COL6A2,0.1518968389195012,1.0,0.1518968389195012,0.12384345297059161,False
KLF4,COL6A2,0.14758010998200916,1.0,0.14758010998200916,0.03557645154098598,False
KLF5,COL6A2,0.018429027028289434,-1.0,-0.018429027028289434,-0.03561999576199428,False
RUNX1,COL6A2,0.047286758186106795,1.0,0.047286758186106795,0.05176464457218486,False
RUNX2,COL6A2,0.0011261501390075338,1.0,0.0011261501390075338,0.021720580499004355,False
FOXO1,COL6A2,0.03867289187609693,-1.0,-0.03867289187609693,-0.12356057862890048,False
FOXO3,COL6A2,0.18878839988638996,-1.0,-0.18878839988638996,-0.20200003223230759,False
HIF1A,COL6A2,0.030869279323294297,-1.0,-0.030869279323294297,-0.002612255235974723,False
TEAD1,COL6A2,0.022648121230770518,-1.0,-0.022648121230770518,-0.021394409455591793,False
YAP1,COL6A2,0.011618926085120673,-1.0,-0.011618926085120673,-0.04158283504777776,False
WWTR1,COL6A2,0.018725914196126903,-1.0,-0.018725914196126903,-0.0653294543905681,False
PPARG,CRABP2,0.000622124089981561,-1.0,-0.000622124089981561,-0.007418134498105312,False
SMAD3,CRABP2,0.0273497241025109,1.0,0.0273497241025109,0.003504125005529361,False
STAT3,CRABP2,0.05600459855457216,-1.0,-0.05600459855457216,-0.047772959092434744,False
CEBPA,CRABP2,0.0005545989819181645,-1.0,-0.0005545989819181645,-1.4931577697705079e-05,False
JUN,CRABP2,0.09867956783067904,-1.0,-0.09867956783067904,-0.01684722173266476,False
FOS,CRABP2,0.06861491031984811,1.0,0.06861491031984811,0.047358189244431706,False
KLF4,CRABP2,0.08377287996937474,1.0,0.08377287996937474,0.08428638805776408,False
KLF5,CRABP2,0.0358339460836125,1.0,0.0358339460836125,0.05388336783931039,False
RUNX1,CRABP2,0.18432107466218928,1.0,0.18432107466218928,0.13190343129524248,False
RUNX2,CRABP2,0.0007421203219570644,1.0,0.0007421203219570644,0.005102775871467908,False
FOXO1,CRABP2,0.04663820650084764,-1.0,-0.04663820650084764,-0.0735907589691364,False
FOXO3,CRABP2,0.3109746202489801,-1.0,-0.3109746202489801,-0.16351537948261974,False
HIF1A,CRABP2,0.025912323688826816,1.0,0.025912323688826816,0.06400048464461003,False
TEAD1,CRABP2,0.010292394794826819,-1.0,-0.010292394794826819,-0.004920563120592162,False
YAP1,CRABP2,0.009388616276548594,1.0,0.009388616276548594,0.014079219745455321,False
WWTR1,CRABP2,0.04029829357332662,1.0,0.04029829357332662,0.052048612292858905,False
PPARG,CRIP1,0.011110653053458331,-1.0,-0.011110653053458331,-0.048058372526603665,False
SMAD3,CRIP1,0.056014582260300975,1.0,0.056014582260300975,0.06781161385854935,False
STAT3,CRIP1,0.03368377243320623,-1.0,-0.03368377243320623,-0.027547685178365,False
CEBPA,CRIP1,0.00633946082995174,-1.0,-0.00633946082995174,-0.039169070114072876,False
JUN,CRIP1,0.1446431967820265,-1.0,-0.1446431967820265,-0.04392158651713899,False
FOS,CRIP1,0.11458583069737567,-1.0,-0.11458583069737567,-0.05170387683364893,False
KLF4,CRIP1,0.22074774572932665,1.0,0.22074774572932665,0.1440325841937893,False
KLF5,CRIP1,0.003261954823734703,1.0,0.003261954823734703,0.0030915573080264767,False
RUNX1,CRIP1,0.03508251693242583,1.0,0.03508251693242583,0.07044473117157639,False
RUNX2,CRIP1,0.0008409848889523388,-1.0,-0.0008409848889523388,-0.028988975858331628,False
FOXO1,CRIP1,0.04761083819369055,-1.0,-0.04761083819369055,-0.06881345408478659,False
FOXO3,CRIP1,0.26962644979688905,-1.0,-0.26962644979688905,-0.1388614618282231,False
HIF1A,CRIP1,0.01845146671392475,1.0,0.01845146671392475,0.019524734062708493,False
TEAD1,CRIP1,0.01609247023445006,-1.0,-0.01609247023445006,-0.00869829727307445,False
YAP1,CRIP1,0.007574396150415109,1.0,0.007574396150415109,0.005412421302979283,False
WWTR1,CRIP1,0.014333680479871515,-1.0,-0.014333680479871515,-3.9470829629420846e-05,False
PPARG,CST3,0.000389007287135355,-1.0,-0.000389007287135355,-0.07766949246961301,False
SMAD3,CST3,0.02894457168636997,-1.0,-0.02894457168636997,-0.09648846476315844,False
STAT3,CST3,0.18068309110744768,-1.0,-0.18068309110744768,-0.2350482013841067,False
CEBPA,CST3,0.0017986485855358864,-1.0,-0.0017986485855358864,-0.0675029672871092,False
JUN,CST3,0.14609192987516692,1.0,0.14609192987516692,0.0032780966926770814,False
FOS,CST3,0.14680776565725764,1.0,0.14680776565725764,0.07889221855428472,False
KLF4,CST3,0.13848344998507345,1.0,0.13848344998507345,0.06121252934325373,False
KLF5,CST3,0.0010060854974679968,-1.0,-0.0010060854974679968,-0.029245494656015794,False
RUNX1,CST3,0.019792144882280902,1.0,0.019792144882280902,0.005280854750177108,False
RUNX2,CST3,0.0002759161270264447,-1.0,-0.0002759161270264447,-0.04860961828039921,False
FOXO1,CST3,0.03393945268142956,-1.0,-0.03393945268142956,-0.17297676044392923,False
FOXO3,CST3,0.25115318863152875,-1.0,-0.25115318863152875,-0.2903294292056361,False
HIF1A,CST3,0.016498682911197132,-1.0,-0.016498682911197132,-0.026902298080536007,False
TEAD1,CST3,0.008911402217506184,-1.0,-0.008911402217506184,-0.055522468989039016,False
YAP1,CST3,0.00840503427444711,-1.0,-0.00840503427444711,-0.06759823855706903,False
WWTR1,CST3,0.016819628593128882,-1.0,-0.016819628593128882,-0.10197274815234335,False
PPARG,CTHRC1,0.005588202449124884,-1.0,-0.005588202449124884,-0.031010399572659834,False
SMAD3,CTHRC1,0.04438840786751342,1.0,0.04438840786751342,0.028938612063256885,False
STAT3,CTHRC1,0.05597851512123552,1.0,0.05597851512123552,0.00208917196320274,False
CEBPA,CTHRC1,0.013531204124108086,-1.0,-0.013531204124108086,-0.023553611122665834,False
JUN,CTHRC1,0.16959423436492316,-1.0,-0.16959423436492316,-0.053754892319893256,False
FOS,CTHRC1,0.09548214187085563,1.0,0.09548214187085563,0.00030627883119850146,False
KLF4,CTHRC1,0.08991455834535485,1.0,0.08991455834535485,0.0633081477062914,False
KLF5,CTHRC1,0.03352105383001016,1.0,0.03352105383001016,0.015128705160110806,False
RUNX1,CTHRC1,0.20871014744722838,1.0,0.20871014744722838,0.11117636740036117,False
RUNX2,CTHRC1,0.009998649534508436,1.0,0.009998649534508436,0.02799078885735883,False
FOXO1,CTHRC1,0.034342871942755614,-1.0,-0.034342871942755614,-0.024373111555028703,False
FOXO3,CTHRC1,0.14690535149706346,-1.0,-0.14690535149706346,-0.08551274966433006,False
HIF1A,CTHRC1,0.026678643158629202,1.0,0.026678643158629202,0.045452600682021435,False
TEAD1,CTHRC1,0.017496624595339603,1.0,0.017496624595339603,0.0013672453026250676,False
YAP1,CTHRC1,0.012986733498942445,1.0,0.012986733498942445,0.012095964613663265,False
WWTR1,CTHRC1,0.03488266035240727,1.0,0.03488266035240727,0.023937167444383362,False
PPARG,CXCL12,0.03249942653045605,1.0,0.03249942653045605,0.05471585507498402,True
SMAD3,CXCL12,0.06707691261821018,-1.0,-0.06707691261821018,-0.06600815752010665,True
STAT3,CXCL12,0.06943040094217012,1.0,0.06943040094217012,0.03337644839193835,True
CEBPA,CXCL12,0.11812492088988955,1.0,0.11812492088988955,0.08318549916428325,True
JUN,CXCL12,0.06686193311861904,1.0,0.06686193311861904,0.03860206434795636,True
FOS,CXCL12,0.10473748126661388,1.0,0.10473748126661388,0.01187447359476618,True
KLF4,CXCL12,0.22660353910566683,-1.0,-0.22660353910566683,-0.12021615188997274,True
KLF5,CXCL12,0.007008130267287503,-1.0,-0.007008130267287503,-0.008843624087144187,True
RUNX1,CXCL12,0.008712207879530717,-1.0,-0.008712207879530717,-0.019214035807945087,True
RUNX2,CXCL12,0.06664440572034927,1.0,0.06664440572034927,0.0642458998869878,True
FOXO1,CXCL12,0.0741599187130644,-1.0,-0.0741599187130644,-0.07976703289129632,True
FOXO3,CXCL12,0.08756347334608351,1.0,0.08756347334608351,0.03149738427779975,True
HIF1A,CXCL12,0.024043959584146332,1.0,0.024043959584146332,0.006624577941168804,True
TEAD1,CXCL12,0.011805001212407034,-1.0,-0.011805001212407034,-0.02776174261881293,True
YAP1,CXCL12,0.012290056452740008,1.0,0.012290056452740008,0.00423934835641455,True
WWTR1,CXCL12,0.022438232352765604,1.0,0.022438232352765604,0.01475522421335386,True
PPARG,CXCL14,0.009660721720011691,1.0,0.009660721720011691,0.047063641967148136,True
SMAD3,CXCL14,0.11333208928583613,-1.0,-0.11333208928583613,-0.12538739465957957,True
STAT3,CXCL14,0.017607337527187773,-1.0,-0.017607337527187773,-0.052329906735517094,True
CEBPA,CXCL14,0.08905877306067962,1.0,0.08905877306067962,0.10700950919773212,True
JUN,CXCL14,0.22857368526463723,1.0,0.22857368526463723,0.0759250164496139,True
FOS,CXCL14,0.28155021389044566,1.0,0.28155021389044566,0.1084124498092161,True
KLF4,CXCL14,0.11525724884539713,-1.0,-0.11525724884539713,-0.0675885796193692,True
KLF5,CXCL14,0.009581554308834082,1.0,0.009581554308834082,0.022263340958753278,True
RUNX1,CXCL14,0.007028302614263516,-1.0,-0.007028302614263516,-0.0010134192210295516,True
RUNX2,CXCL14,0.03455385603719137,1.0,0.03455385603719137,0.07582006548642943,True
FOXO1,CXCL14,0.03163912135545273,-1.0,-0.03163912135545273,-0.08433433720540948,True
FOXO3,CXCL14,0.03422452115319147,1.0,0.03422452115319147,0.016054357031841084,True
HIF1A,CXCL14,0.00516482583622134,-1.0,-0.00516482583622134,-0.000603628210819227,True
TEAD1,CXCL14,0.007669180801664621,-1.0,-0.007669180801664621,-0.04339189578552737,True
YAP1,CXCL14,0.002795911560809283,-1.0,-0.002795911560809283,-0.018704543220802713,True
WWTR1,CXCL14,0.012302656738176241,-1.0,-0.012302656738176241,-0.007846098966093732,True
PPARG,CXCL2,0.0009245402266527383,1.0,0.0009245402266527383,0.007747963390899717,False
SMAD3,CXCL2,0.03897947682544137,-1.0,-0.03897947682544137,-0.024506854790153448,False
STAT3,CXCL2,0.028707683052790617,1.0,0.028707683052790617,0.02973705511785206,False
CEBPA,CXCL2,0.0008166278452371539,1.0,0.0008166278452371539,0.00816733889865681,False
JUN,CXCL2,0.05287381744385236,1.0,0.05287381744385236,0.08049965702017356,False
FOS,CXCL2,0.16889698623075644,1.0,0.16889698623075644,0.1798984652769772,False
KLF4,CXCL2,0.23387475738488678,1.0,0.23387475738488678,0.20765915498129606,False
KLF5,CXCL2,0.008035015299813254,1.0,0.008035015299813254,0.0627303723111936,False
RUNX1,CXCL2,0.2833358581271647,1.0,0.2833358581271647,0.20631953779934364,False
RUNX2,CXCL2,0.00015756843378663532,1.0,0.00015756843378663532,0.006492939532521204,False
FOXO1,CXCL2,0.02589351351416925,-1.0,-0.02589351351416925,-0.04326469254222474,False
FOXO3,CXCL2,0.09845935001585698,-1.0,-0.09845935001585698,-0.10224614503179691,False
HIF1A,CXCL2,0.02315306560389522,1.0,0.02315306560389522,0.0792896208728476,False
TEAD1,CXCL2,0.02052417205112617,-1.0,-0.02052417205112617,-0.03173178629966188,False
YAP1,CXCL2,0.005275053348813524,1.0,0.005275053348813524,0.008914056686772765,False
WWTR1,CXCL2,0.010092514595756852,1.0,0.010092514595756852,0.025291956961051406,False
PPARG,DCN,4.783534452556019e-05,-1.0,-4.783534452556019e-05,-0.08721356956047652,False
SMAD3,DCN,0.04869525377015661,-1.0,-0.04869525377015661,-0.19091693012188557,False
STAT3,DCN,0.25224037291017287,-1.0,-0.25224037291017287,-0.32815704831328263,False
CEBPA,DCN,1.754597257713735e-05,-1.0,-1.754597257713735e-05,-0.028215794673840895,False
JUN,DCN,0.13313573735571965,1.0,0.13313573735571965,0.10063193336800644,False
FOS,DCN,0.2511313825128733,1.0,0.2511313825128733,0.19257733433968255,False
KLF4,DCN,0.014053020860708634,-1.0,-0.014053020860708634,-0.02077606908224413,False
KLF5,DCN,0.0005664933140605823,-1.0,-0.0005664933140605823,-0.032693271431494926,False
RUNX1,DCN,0.006536729251003768,-1.0,-0.006536729251003768,-0.06490015553539576,False
RUNX2,DCN,2.087131441628096e-05,-1.0,-2.087131441628096e-05,-0.023834907235364158,False
FOXO1,DCN,0.05805096321022177,-1.0,-0.05805096321022177,-0.2216852685062037,False
FOXO3,DCN,0.1914021690205699,-1.0,-0.1914021690205699,-0.29054846318884453,False
HIF1A,DCN,0.004571260695374497,-1.0,-0.004571260695374497,-0.10061219789469494,False
TEAD1,DCN,0.00608448329178607,-1.0,-0.00608448329178607,-0.10538038174262279,False
YAP1,DCN,0.009771461983752804,-1.0,-0.009771461983752804,-0.13066112236409422,False
WWTR1,DCN,0.023674419192080572,-1.0,-0.023674419192080572,-0.17757257945299212,False
PPARG,DPT,0.000610647235335033,-1.0,-0.000610647235335033,-0.019277449812238084,False
SMAD3,DPT,0.057699623031354695,-1.0,-0.057699623031354695,-0.07964200547946809,False
STAT3,DPT,0.18104549802421765,-1.0,-0.18104549802421765,-0.09898392778559553,False
CEBPA,DPT,0.0005934371058204521,1.0,0.0005934371058204521,0.020155182560653434,False
JUN,DPT,0.10573359274016339,1.0,0.10573359274016339,0.08499518246888539,False
FOS,DPT,0.13346876026351223,1.0,0.13346876026351223,0.07986966088178053,False
KLF4,DPT,0.043110730409183395,-1.0,-0.043110730409183395,-0.029213673829617638,False
KLF5,DPT,0.09637815476783507,-1.0,-0.09637815476783507,-0.047657162384233995,False
RUNX1,DPT,0.02233470450748523,1.0,0.02233470450748523,0.015887668032964677,False
RUNX2,DPT,0.002168701742275274,1.0,0.002168701742275274,0.007207822704013665,False
FOXO1,DPT,0.1112006738080638,-1.0,-0.1112006738080638,-0.10852887139339608,False
FOXO3,DPT,0.16967565030045173,-1.0,-0.16967565030045173,-0.11049899924856636,False
HIF1A,DPT,0.023134054395636084,-1.0,-0.023134054395636084,-0.023258035031409684,False
TEAD1,DPT,0.023703611720682298,-1.0,-0.023703611720682298,-0.018571679283664058,False
YAP1,DPT,0.012942731418672568,-1.0,-0.012942731418672568,-0.02695159299376179,False
WWTR1,DPT,0.0161994285293111,-1.0,-0.0161994285293111,-0.018868722971426593,False
PPARG,EIF1,2.337039434187042e-05,-1.0,-2.337039434187042e-05,-0.04611009380801981,False
SMAD3,EIF1,0.04245681179474263,-1.0,-0.04245681179474263,-0.19166000529187505,False
STAT3,EIF1,0.04168175397414585,-1.0,-0.04168175397414585,-0.10019550655471243,False
CEBPA,EIF1,0.00043573815599564833,-1.0,-0.00043573815599564833,-0.02833171553604576,False
JUN,EIF1,0.1458035798047215,1.0,0.1458035798047215,0.049838810748242104,False
FOS,EIF1,0.3168093371629244,1.0,0.3168093371629244,0.15736322353751,False
KLF4,EIF1,0.2320040335620537,1.0,0.2320040335620537,0.11288005755199977,False
KLF5,EIF1,0.0009172407390843565,1.0,0.0009172407390843565,0.024850733525466333,False
RUNX1,EIF1,0.040234087446200134,1.0,0.040234087446200134,0.010633215753812533,False
RUNX2,EIF1,0.0003286916492340402,-1.0,-0.0003286916492340402,-0.06258892914308592,False
FOXO1,EIF1,0.015713983704535042,-1.0,-0.015713983704535042,-0.12824716080228873,False
FOXO3,EIF1,0.10185147967898063,-1.0,-0.10185147967898063,-0.07988026184224527,False
HIF1A,EIF1,0.005563590294540522,-1.0,-0.005563590294540522,-0.05823768274742988,False
TEAD1,EIF1,0.034986218664970606,-1.0,-0.034986218664970606,-0.1624648642479619,False
YAP1,EIF1,0.013529759204610919,-1.0,-0.013529759204610919,-0.12953280781882684,False
WWTR1,EIF1,0.00766032376891819,-1.0,-0.00766032376891819,-0.1266026962311396,False
PPARG,ELN,0.006266149130899667,1.0,0.006266149130899667,0.009813215088620946,False
SMAD3,ELN,0.12093604464450258,1.0,0.12093604464450258,0.1021490069953689,False
STAT3,ELN,0.12933159580546327,1.0,0.12933159580546327,0.03636280739516648,False
CEBPA,ELN,0.002548948899670283,1.0,0.002548948899670283,0.0018689814174088222,False
JUN,ELN,0.08441887527119264,-1.0,-0.08441887527119264,-0.05122207729880417,False
FOS,ELN,0.09777785996217216,-1.0,-0.09777785996217216,-0.0443880870464756,False
KLF4,ELN,0.1370572262755883,1.0,0.1370572262755883,0.071143262250374,False
KLF5,ELN,0.0067422978440425515,-1.0,-0.0067422978440425515,-0.00637109187538501,False
RUNX1,ELN,0.13713261430707827,1.0,0.13713261430707827,0.09217391332037357,False
RUNX2,ELN,0.001280375288940799,1.0,0.001280375288940799,0.019202670999821793,False
FOXO1,ELN,0.03991253969840292,1.0,0.03991253969840292,0.055308903073615655,False
FOXO3,ELN,0.08146505423716573,-1.0,-0.08146505423716573,-0.012513025188906736,False
HIF1A,ELN,0.03298272095656875,1.0,0.03298272095656875,0.04552815574053094,False
TEAD1,ELN,0.04677214533954485,1.0,0.04677214533954485,0.06622713378023773,False
YAP1,ELN,0.021197547984753984,1.0,0.021197547984753984,0.04963770296065785,False
WWTR1,ELN,0.05417800435401329,1.0,0.05417800435401329,0.06893001751394796,False
PPARG,EMP1,0.0026710429469300034,1.0,0.0026710429469300034,0.01055854684903604,False
SMAD3,EMP1,0.023344451845964856,1.0,0.023344451845964856,0.00868454618890001,False
STAT3,EMP1,0.10003304373131469,1.0,0.10003304373131469,0.029004988001283136,False
CEBPA,EMP1,0.001895895448280791,1.0,0.001895895448280791,0.014221234093664081,False
JUN,EMP1,0.07829363008818026,1.0,0.07829363008818026,0.009692221239973974,False
FOS,EMP1,0.1092481181634384,1.0,0.1092481181634384,0.019840484972019547,False
KLF4,EMP1,0.1686486587828308,1.0,0.1686486587828308,0.07184474326085019,False
KLF5,EMP1,0.014573888609488994,1.0,0.014573888609488994,0.028284105577285817,False
RUNX1,EMP1,0.1821353207572313,1.0,0.1821353207572313,0.09146801315293897,False
RUNX2,EMP1,0.005316275995845107,1.0,0.005316275995845107,0.032385689264461386,False
FOXO1,EMP1,0.0726390954656102,-1.0,-0.0726390954656102,-0.0460838781333571,False
FOXO3,EMP1,0.0759222372661766,-1.0,-0.0759222372661766,-0.03967127302167357,False
HIF1A,EMP1,0.03749722381115944,1.0,0.03749722381115944,0.030627849037179605,False
TEAD1,EMP1,0.01564387805038514,-1.0,-0.01564387805038514,-0.024321498841812887,False
YAP1,EMP1,0.0472701481780717,1.0,0.0472701481780717,0.028945908550338618,False
WWTR1,EMP1,0.06486709085909179,1.0,0.06486709085909179,0.04788547127603913,False
PPARG,FABP4,0.01043390946466776,1.0,0.01043390946466776,0.005838140668127101,True
SMAD3,FABP4,0.05305755554006605,-1.0,-0.05305755554006605,-0.02425228169275015,True
STAT3,FABP4,0.104362190090306,-1.0,-0.104362190090306,-0.012506353621866015,True
CEBPA,FABP4,0.00256636962470356,-1.0,-0.00256636962470356,-0.00212786097096235,True
JUN,FABP4,0.1284300773606209,1.0,0.1284300773606209,0.050772573456309915,True
FOS,FABP4,0.1210815394526856,1.0,0.1210815394526856,0.046801688856099394,True
KLF4,FABP4,0.07857831840385443,1.0,0.07857831840385443,0.036993984855664436,True
KLF5,FABP4,0.14329872805003582,1.0,0.14329872805003582,0.06412947062159213,True
RUNX1,FABP4,0.02972720118953436,1.0,0.02972720118953436,0.004219042884643132,True
RUNX2,FABP4,0.001852518390307007,1.0,0.001852518390307007,0.0034235707557354125,True
FOXO1,FABP4,0.07922863131569986,-1.0,-0.07922863131569986,-0.016528913128534068,True
FOXO3,FABP4,0.10510067447528784,-1.0,-0.10510067447528784,-0.032868622933627564,True
HIF1A,FABP4,0.04309992750867503,1.0,0.04309992750867503,0.004351901485256861,True
TEAD1,FABP4,0.022970883736340954,-1.0,-0.022970883736340954,-0.016692549354188155,True
YAP1,FABP4,0.0299821409819532,1.0,0.0299821409819532,0.004390418428140872,True
WWTR1,FABP4,0.04622933441526165,1.0,0.04622933441526165,0.006182051311318162,True
PPARG,FN1,0.009307192087311728,-1.0,-0.009307192087311728,-0.031937542003907256,True
SMAD3,FN1,0.12165970109716252,1.0,0.12165970109716252,0.05048033151247219,True
STAT3,FN1,0.15170576146461778,-1.0,-0.15170576146461778,-0.06315027312934414,True
CEBPA,FN1,0.012825816350849742,-1.0,-0.012825816350849742,-0.04628355509639926,True
JUN,FN1,0.05400755864145655,-1.0,-0.05400755864145655,-0.029116558824494005,True
FOS,FN1,0.061554312436861276,-1.0,-0.061554312436861276,-0.024538803175174605,True
KLF4,FN1,0.14530522089266262,1.0,0.14530522089266262,0.033968769573654446,True
KLF5,FN1,0.0062624199744584635,-1.0,-0.0062624199744584635,-0.02312957828901066,True
RUNX1,FN1,0.034556557216764025,1.0,0.034556557216764025,0.03690777221331595,True
RUNX2,FN1,0.0031274222634072256,-1.0,-0.0031274222634072256,-0.008499418278856169,True
FOXO1,FN1,0.06480664911452312,1.0,0.06480664911452312,0.01860439603547557,True
FOXO3,FN1,0.09653348555014887,-1.0,-0.09653348555014887,-0.07235337841848456,True
HIF1A,FN1,0.02135607800005005,1.0,0.02135607800005005,0.025422971338927146,True
TEAD1,FN1,0.15943870959296463,1.0,0.15943870959296463,0.07111492230804456,True
YAP1,FN1,0.0328183790913866,1.0,0.0328183790913866,0.04389377241001436,True
WWTR1,FN1,0.02473473622537484,1.0,0.02473473622537484,0.018753225323828455,True
PPARG,FOS,8.944427558593475e-05,-1.0,-8.944427558593475e-05,-0.006832355027176871,False
SMAD3,FOS,0.009621763449602179,-1.0,-0.009621763449602179,-0.06235167671792327,False
STAT3,FOS,0.02962148228172011,1.0,0.02962148228172011,0.05912784345610676,False
CEBPA,FOS,6.832329365194754e-05,1.0,6.832329365194754e-05,0.0432267359778145,False
JUN,FOS,0.7875940647489512,1.0,0.7875940647489512,0.61032919089346,False
KLF4,FOS,0.128851670051689,1.0,0.128851670051689,0.2721347923146758,False
KLF5,FOS,0.000688191636358301,1.0,0.000688191636358301,0.05908725123344174,False
RUNX1,FOS,0.0034288732978668603,-1.0,-0.0034288732978668603,-0.0227125854642312,False
RUNX2,FOS,0.000150186721851812,-1.0,-0.000150186721851812,-0.007040502993063864,False
FOXO1,FOS,0.005090726223379739,-1.0,-0.005090726223379739,-0.028776475083550482,False
FOXO3,FOS,0.021194391424936423,-1.0,-0.021194391424936423,-0.07162174974915708,False
HIF1A,FOS,0.002480676186027262,-1.0,-0.002480676186027262,-0.034881746165295976,False
TEAD1,FOS,0.003377186462031773,-1.0,-0.003377186462031773,-0.012862237220431155,False
YAP1,FOS,0.004503384457220466,-1.0,-0.004503384457220466,-0.017694567795202412,False
WWTR1,FOS,0.0032396354891270785,-1.0,-0.0032396354891270785,-0.031806226192205474,False
PPARG,FOSB,3.4431349056069865e-05,-1.0,-3.4431349056069865e-05,-0.007808224586023137,False
SMAD3,FOSB,0.00772940631175733,-1.0,-0.00772940631175733,-0.0668824296101529,False
STAT3,FOSB,0.009496705366831318,1.0,0.009496705366831318,0.014494216452748622,False
CEBPA,FOSB,2.5951541720261435e-05,1.0,2.5951541720261435e-05,0.03988302986823259,False
JUN,FOSB,0.1334758131129013,1.0,0.1334758131129013,0.4190949543546782,False
FOS,FOSB,0.6865005778280581,1.0,0.6865005778280581,0.551280664420428,False
KLF4,FOSB,0.09285105683185883,1.0,0.09285105683185883,0.31026523324119587,False
KLF5,FOSB,0.0029278282406615306,1.0,0.0029278282406615306,0.09495516141771103,False
RUNX1,FOSB,0.03263187544248274,1.0,0.03263187544248274,0.10815381016166614,False
RUNX2,FOSB,2.1000819814917858e-05,1.0,2.1000819814917858e-05,0.006725267380327981,False
FOXO1,FOSB,0.006148533143441449,-1.0,-0.006148533143441449,-0.04369349067738461,False
FOXO3,FOSB,0.02021148021409223,-1.0,-0.02021148021409223,-0.09089757179765849,False
HIF1A,FOSB,0.0028810906657977036,1.0,0.0028810906657977036,0.024975943223278462,False
TEAD1,FOSB,0.002716763047732427,-1.0,-0.002716763047732427,-0.020898003450467457,False
YAP1,FOSB,0.0010665898483563708,-1.0,-0.0010665898483563708,-0.014438735814993511,False
WWTR1,FOSB,0.001280896235437446,-1.0,-0.001280896235437446,-0.0030088989737959734,False
PPARG,FOXO1,0.013274315460527222,1.0,0.013274315460527222,0.07697858960193374,False
SMAD3,FOXO1,0.09260502567278976,1.0,0.09260502567278976,0.1360315379197048,False
STAT3,FOXO1,0.07850634205796111,1.0,0.07850634205796111,0.11185729683709673,False
CEBPA,FOXO1,0.0006221340820004289,1.0,0.0006221340820004289,0.01812369920859009,False
JUN,FOXO1,0.05556878650297643,-1.0,-0.05556878650297643,-0.014749726789829323,False
FOS,FOXO1,0.0377966063337918,-1.0,-0.0377966063337918,-0.028776475083550485,False
KLF4,FOXO1,0.03029966638202997,1.0,0.03029966638202997,0.022838904227108877,False
KLF5,FOXO1,0.004664452091808496,-1.0,-0.004664452091808496,-0.006890007027834381,False
RUNX1,FOXO1,0.008930744401604622,-1.0,-0.008930744401604622,-0.0063314596256146246,False
RUNX2,FOXO1,0.0006044398425625155,1.0,0.0006044398425625155,0.017992804797612002,False
FOXO3,FOXO1,0.48917072153321933,1.0,0.48917072153321933,0.2595865210775331,False
HIF1A,FOXO1,0.015467766372506565,1.0,0.015467766372506565,0.0473357221535425,False
TEAD1,FOXO1,0.11920909699401229,1.0,0.11920909699401229,0.15225819794689271,False
YAP1,FOXO1,0.021132502626957532,1.0,0.021132502626957532,0.09211512154496632,False
WWTR1,FOXO1,0.03214739964525202,1.0,0.03214739964525202,0.10607421073663707,False
PPARG,FOXO3,0.009765876303992135,1.0,0.009765876303992135,0.07145395234512406,False
SMAD3,FOXO3,0.031534183163378526,1.0,0.031534183163378526,0.0871813385587103,False
STAT3,FOXO3,0.17381030461716865,1.0,0.17381030461716865,0.13967826617485882,False
CEBPA,FOXO3,0.00034503335515435906,1.0,0.00034503335515435906,0.014761806846099667,False
JUN,FOXO3,0.06807607198787374,-1.0,-0.06807607198787374,-0.0342426192034268,False
FOS,FOXO3,0.053566581774814534,-1.0,-0.053566581774814534,-0.07162174974915708,False
KLF4,FOXO3,0.031402041425854,-1.0,-0.031402041425854,-0.022174729252988617,False
KLF5,FOXO3,0.0031459938786088716,1.0,0.0031459938786088716,0.0045046764631359384,False
RUNX1,FOXO3,0.011611233686811486,-1.0,-0.011611233686811486,-0.03597412128450456,False
RUNX2,FOXO3,0.0008821326508634187,1.0,0.0008821326508634187,0.03995445390780382,False
FOXO1,FOXO3,0.5133875148630901,1.0,0.5133875148630901,0.2595865210775331,False
HIF1A,FOXO3,0.012186592589933156,1.0,0.012186592589933156,0.025930613386046634,False
TEAD1,FOXO3,0.039577827257152136,1.0,0.039577827257152136,0.09342256251873862,False
YAP1,FOXO3,0.015991087707434733,1.0,0.015991087707434733,0.07283931593494664,False
WWTR1,FOXO3,0.03471752473787029,1.0,0.03471752473787029,0.08824164388149353,False
PPARG,GADD45B,0.00018661151741511975,1.0,0.00018661151741511975,0.018107060734725466,False
SMAD3,GADD45B,0.011878153897486489,1.0,0.011878153897486489,0.03463162633604014,False
STAT3,GADD45B,0.11479464917786517,1.0,0.11479464917786517,0.16731062822353931,False
CEBPA,GADD45B,0.00014851612522469749,1.0,0.00014851612522469749,0.01460319770974906,False
JUN,GADD45B,0.0796165511457618,1.0,0.0796165511457618,0.22821574807677064,False
FOS,GADD45B,0.36745338151646856,1.0,0.36745338151646856,0.2852911984233066,False
KLF4,GADD45B,0.2716000742390981,1.0,0.2716000742390981,0.2672832530119732,False
KLF5,GADD45B,0.0019443597746058318,1.0,0.0019443597746058318,0.06183602286184248,False
RUNX1,GADD45B,0.07270616931082932,1.0,0.07270616931082932,0.12909076835290192,False
RUNX2,GADD45B,0.00042057437707327175,-1.0,-0.00042057437707327175,-0.009288426907963271,False
FOXO1,GADD45B,0.011863515125235691,1.0,0.011863515125235691,0.006430389647936301,False
FOXO3,GADD45B,0.03755276676657057,-1.0,-0.03755276676657057,-0.0026458989212716577,False
HIF1A,GADD45B,0.007713763619026774,1.0,0.007713763619026774,0.04425451913109094,False
TEAD1,GADD45B,0.010263108427431732,-1.0,-0.010263108427431732,-0.045182525074818757,False
YAP1,GADD45B,0.003853748946320037,-1.0,-0.003853748946320037,-0.01105825308743293,False
WWTR1,GADD45B,0.008004056033586858,1.0,0.008004056033586858,0.028056636366282334,False
PPARG,GEM,0.003789903004905035,1.0,0.003789903004905035,0.02935072916914906,False
SMAD3,GEM,0.03969822621457474,1.0,0.03969822621457474,0.014620519967250008,False
STAT3,GEM,0.09407948156972579,1.0,0.09407948156972579,0.06524540159500654,False
CEBPA,GEM,0.004679277121353735,1.0,0.004679277121353735,0.031198705591332032,False
JUN,GEM,0.08196357155447766,1.0,0.08196357155447766,0.057022575098697695,False
FOS,GEM,0.15046957912094253,1.0,0.15046957912094253,0.09975141068914763,False
KLF4,GEM,0.16019953170568627,1.0,0.16019953170568627,0.12564294616478083,False
KLF5,GEM,0.02506905494143478,1.0,0.02506905494143478,0.06665572492676598,False
RUNX1,GEM,0.23287898236716567,1.0,0.23287898236716567,0.1460399615508644,False
RUNX2,GEM,0.0032336327988409944,1.0,0.0032336327988409944,0.009155693774752597,False
FOXO1,GEM,0.03299004503701047,-1.0,-0.03299004503701047,-0.0015621262586026745,False
FOXO3,GEM,0.060847624443338834,-1.0,-0.060847624443338834,-0.03465603952017634,False
HIF1A,GEM,0.051120484427288344,1.0,0.051120484427288344,0.0813186731478531,False
TEAD1,GEM,0.017157820574022868,-1.0,-0.017157820574022868,-0.010140555320237502,False
YAP1,GEM,0.019260879350818622,1.0,0.019260879350818622,0.02936907605377646,False
WWTR1,GEM,0.022561905768413677,1.0,0.022561905768413677,0.048167280307153164,False
PPARG,GPRC5A,0.0015429021853463941,-1.0,-0.0015429021853463941,-0.02299054316939458,False
SMAD3,GPRC5A,0.034404558250468904,1.0,0.034404558250468904,0.06545055597116772,False
STAT3,GPRC5A,0.04231997039107265,1.0,0.04231997039107265,0.06562950536860329,False
CEBPA,GPRC5A,0.0011362620277106303,-1.0,-0.0011362620277106303,-0.01596172364380061,False
JUN,GPRC5A,0.050167709514617104,1.0,0.050167709514617104,0.06978079816558858,False
FOS,GPRC5A,0.17038359698470612,1.0,0.17038359698470612,0.13646401957088775,False
KLF4,GPRC5A,0.3473245840349064,1.0,0.3473245840349064,0.21975129444326078,False
KLF5,GPRC5A,0.004642287140371796,1.0,0.004642287140371796,0.041163710157397365,False
RUNX1,GPRC5A,0.20207369905964814,1.0,0.20207369905964814,0.17541869190925657,False
RUNX2,GPRC5A,0.0002711466478933748,-1.0,-0.0002711466478933748,-0.018573602831269714,False
FOXO1,GPRC5A,0.013146826516730208,1.0,0.013146826516730208,0.00479166458579199,False
FOXO3,GPRC5A,0.07228562129816996,-1.0,-0.07228562129816996,-0.07934732007977167,False
HIF1A,GPRC5A,0.019116479553111233,1.0,0.019116479553111233,0.0635828893037579,False
TEAD1,GPRC5A,0.00689508084611604,1.0,0.00689508084611604,0.018465259344273285,False
YAP1,GPRC5A,0.013267084917693532,1.0,0.013267084917693532,0.000770935457231769,False
WWTR1,GPRC5A,0.021022190631437575,1.0,0.021022190631437575,0.05311563076976486,False
PPARG,GSN,3.7795398550807015e-05,-1.0,-3.7795398550807015e-05,-0.07511013162458376,False
SMAD3,GSN,0.0364862435672371,-1.0,-0.0364862435672371,-0.1582036630444851,False
STAT3,GSN,0.1934449910872781,-1.0,-0.1934449910872781,-0.2680865311783205,False
CEBPA,GSN,8.146384681505134e-05,-1.0,-8.146384681505134e-05,-0.01135959871310537,False
JUN,GSN,0.17307528263879488,1.0,0.17307528263879488,0.16534539573240345,False
FOS,GSN,0.35192459669946086,1.0,0.35192459669946086,0.2250564153826688,False
KLF4,GSN,0.012770105566673809,1.0,0.012770105566673809,0.031536091438185414,False
KLF5,GSN,0.0012248043229283168,-1.0,-0.0012248043229283168,-0.01484332570799314,False
RUNX1,GSN,0.012489193095350942,-1.0,-0.012489193095350942,-0.07654728791629903,False
RUNX2,GSN,9.961519466202122e-05,-1.0,-9.961519466202122e-05,-0.024183690360245015,False
FOXO1,GSN,0.0526114009010627,-1.0,-0.0526114009010627,-0.19535270989252154,False
FOXO3,GSN,0.11452441190607651,-1.0,-0.11452441190607651,-0.2424093594967848,False
HIF1A,GSN,0.013002657647449534,-1.0,-0.013002657647449534,-0.10399434832375898,False
TEAD1,GSN,0.006944047194370717,-1.0,-0.006944047194370717,-0.09276004349117717,False
YAP1,GSN,0.006578226986626719,-1.0,-0.006578226986626719,-0.10500664928103501,False
WWTR1,GSN,0.02470516394666196,-1.0,-0.02470516394666196,-0.15193431989111456,False
PPARG,HAS1,0.002025000887913707,-1.0,-0.002025000887913707,-0.04140687546577284,False
SMAD3,HAS1,0.01088032318810984,1.0,0.01088032318810984,0.028293904333573493,False
STAT3,HAS1,0.04678798319120985,1.0,0.04678798319120985,0.08123527236495431,False
CEBPA,HAS1,0.0010675215362173172,-1.0,-0.0010675215362173172,-0.03402241785059359,False
JUN,HAS1,0.1377988065257363,-1.0,-0.1377988065257363,-0.03728014036701415,False
FOS,HAS1,0.09899490441100352,1.0,0.09899490441100352,0.0597017135354877,False
KLF4,HAS1,0.31635738257688056,1.0,0.31635738257688056,0.22459075120550478,False
KLF5,HAS1,0.001825028260071344,1.0,0.001825028260071344,0.01418949893235623,False
RUNX1,HAS1,0.20489911384322665,1.0,0.20489911384322665,0.18819148566223584,False
RUNX2,HAS1,0.00010207739774786849,-1.0,-0.00010207739774786849,-0.013452151726573214,False
FOXO1,HAS1,0.02122036311383275,-1.0,-0.02122036311383275,-0.05232522332543073,False
FOXO3,HAS1,0.11327336971420154,-1.0,-0.11327336971420154,-0.11807319287097509,False
HIF1A,HAS1,0.018994580037776956,1.0,0.018994580037776956,0.06401995941006595,False
TEAD1,HAS1,0.010644833449818628,-1.0,-0.010644833449818628,-0.0462720454876278,False
YAP1,HAS1,0.006608057025731965,-1.0,-0.006608057025731965,-0.021278721695957847,False
WWTR1,HAS1,0.008520654840521174,1.0,0.008520654840521174,0.010053367430425354,False
PPARG,HIF1A,0.01639770254399993,1.0,0.01639770254399993,0.04671203757230457,False
SMAD3,HIF1A,0.08786974247137777,1.0,0.08786974247137777,0.07673546386098416,False
STAT3,HIF1A,0.08552536696153393,1.0,0.08552536696153393,0.05761692657422381,False
CEBPA,HIF1A,0.007407159201316327,1.0,0.007407159201316327,0.01531682749233686,False
JUN,HIF1A,0.09122315464521596,-1.0,-0.09122315464521596,-0.06659266791093499,False
FOS,HIF1A,0.058078734352459846,-1.0,-0.058078734352459846,-0.03488174616529598,False
KLF4,HIF1A,0.049241923306111345,1.0,0.049241923306111345,0.016129738431021813,False
KLF5,HIF1A,0.013510211402820197,1.0,0.013510211402820197,0.036155206585362205,False
RUNX1,HIF1A,0.28092944481902915,1.0,0.28092944481902915,0.1363958708312628,False
RUNX2,HIF1A,0.001053465843242598,1.0,0.001053465843242598,0.00818592022408295,False
FOXO1,HIF1A,0.050032266897615425,1.0,0.050032266897615425,0.0473357221535425,False
FOXO3,HIF1A,0.07730792416319432,1.0,0.07730792416319432,0.025930613386046637,False
TEAD1,HIF1A,0.056537840726511544,1.0,0.056537840726511544,0.062367829855558034,False
YAP1,HIF1A,0.07795542455302051,1.0,0.07795542455302051,0.07754147480276463,False
WWTR1,HIF1A,0.046929638112551054,1.0,0.046929638112551054,0.06975097439504528,False
PPARG,HSPG2,0.002973930791203679,1.0,0.002973930791203679,0.015265880507364245,False
SMAD3,HSPG2,0.0926199553399861,1.0,0.0926199553399861,0.06723273813565075,False
STAT3,HSPG2,0.15267417589792434,-1.0,-0.15267417589792434,-0.0025497605573628315,False
CEBPA,HSPG2,0.00048288295018291105,1.0,0.00048288295018291105,0.01737415494712121,False
JUN,HSPG2,0.06565593926150701,-1.0,-0.06565593926150701,-0.0017518767725604116,False
FOS,HSPG2,0.08939557436021255,-1.0,-0.08939557436021255,-0.04427682461349312,False
KLF4,HSPG2,0.0407449558799472,-1.0,-0.0407449558799472,-0.02386343638752465,False
KLF5,HSPG2,0.05228722621107515,-1.0,-0.05228722621107515,-0.05172852782797353,False
RUNX1,HSPG2,0.024280751158240618,-1.0,-0.024280751158240618,-0.00948201992454349,False
RUNX2,HSPG2,0.0034458855545327137,1.0,0.0034458855545327137,0.04095851513607147,False
FOXO1,HSPG2,0.11341953986560906,1.0,0.11341953986560906,0.05498450503514875,False
FOXO3,HSPG2,0.11309475512801159,1.0,0.11309475512801159,0.0010931760263081314,False
HIF1A,HSPG2,0.013662356127738176,1.0,0.013662356127738176,0.01641854571812617,False
TEAD1,HSPG2,0.16557504976434945,1.0,0.16557504976434945,0.09383974384498005,False
YAP1,HSPG2,0.03212578669724632,1.0,0.03212578669724632,0.04957462782477225,False
WWTR1,HSPG2,0.037561235012233136,1.0,0.037561235012233136,0.036918345579650284,False
PPARG,ICAM1,0.0007962663412177234,1.0,0.0007962663412177234,0.011104514628821768,True
SMAD3,ICAM1,0.030710928936472592,-1.0,-0.030710928936472592,-0.009855221580590766,True
STAT3,ICAM1,0.05804959702500113,1.0,0.05804959702500113,0.06266545170523075,True
CEBPA,ICAM1,0.000368925338517957,1.0,0.000368925338517957,0.009070662522178296,True
JUN,ICAM1,0.0891006179579672,-1.0,-0.0891006179579672,-0.025002644337529707,True
FOS,ICAM1,0.061179768037371546,1.0,0.061179768037371546,0.059630620133692094,True
KLF4,ICAM1,0.08651113653629236,1.0,0.08651113653629236,0.10788586920235638,True
KLF5,ICAM1,0.0328058173378534,1.0,0.0328058173378534,0.08841224135471859,True
RUNX1,ICAM1,0.4278423120646783,1.0,0.4278423120646783,0.23251794723901661,True
RUNX2,ICAM1,0.0004901465841891959,1.0,0.0004901465841891959,0.02389222025417006,True
FOXO1,ICAM1,0.027964176122382604,-1.0,-0.027964176122382604,-0.03293656255696451,True
FOXO3,ICAM1,0.05948333081345251,-1.0,-0.05948333081345251,-0.060952004546401525,True
HIF1A,ICAM1,0.07149948154737953,1.0,0.07149948154737953,0.1120801541722237,True
TEAD1,ICAM1,0.033549575543229446,-1.0,-0.033549575543229446,-0.037206013589319825,True
YAP1,ICAM1,0.008292152099394205,1.0,0.008292152099394205,0.011901280058012095,True
WWTR1,ICAM1,0.011355767714600248,1.0,0.011355767714600248,0.032287308166225,True
PPARG,IER3,0.001187453151972047,-1.0,-0.001187453151972047,-0.0026611225963356824,False
SMAD3,IER3,0.02290560555555356,1.0,0.02290560555555356,0.0364996522287776,False
STAT3,IER3,0.038074381041732205,1.0,0.038074381041732205,0.06954368002796699,False
CEBPA,IER3,0.0009512358237179778,1.0,0.0009512358237179778,0.010547427949653815,False
JUN,IER3,0.0704588900263363,1.0,0.0704588900263363,0.1723811960515533,False
FOS,IER3,0.36404294394196096,1.0,0.36404294394196096,0.2511854517807725,False
KLF4,IER3,0.1587805919657254,1.0,0.1587805919657254,0.19675353699290923,False
KLF5,IER3,0.009850477704121539,1.0,0.009850477704121539,0.06427103005590173,False
RUNX1,IER3,0.18512092201827401,1.0,0.18512092201827401,0.17902830284568058,False
RUNX2,IER3,0.00038410057845317274,-1.0,-0.00038410057845317274,-0.0006976886772793364,False
FOXO1,IER3,0.023893651180449848,-1.0,-0.023893651180449848,-0.01978133025159496,False
FOXO3,IER3,0.07638878202185609,-1.0,-0.07638878202185609,-0.09106210507569253,False
HIF1A,IER3,0.02143774521351714,1.0,0.02143774521351714,0.0800814917353802,False
TEAD1,IER3,0.006008649178471402,-1.0,-0.006008649178471402,-0.002668224692787894,False
YAP1,IER3,0.008141556325971445,1.0,0.008141556325971445,0.014146357292225365,False
WWTR1,IER3,0.012373014271886987,1.0,0.012373014271886987,0.04742525093662405,False
PPARG,IGF2,0.00013519702568146367,-1.0,-0.00013519702568146367,-0.009842633325920008,False
SMAD3,IGF2,0.05098687582504322,-1.0,-0.05098687582504322,-0.07047513139586035,False
STAT3,IGF2,0.1728576342129566,-1.0,-0.1728576342129566,-0.11215228097701038,False
CEBPA,IGF2,0.0014680936453357269,1.0,0.0014680936453357269,0.032036700414533825,False
JUN,IGF2,0.15594633104520686,1.0,0.15594633104520686,0.07472106807856996,False
FOS,IGF2,0.22888150674082167,1.0,0.22888150674082167,0.1621985037602579,False
KLF4,IGF2,0.04607693509049416,1.0,0.04607693509049416,0.05549368472820342,False
KLF5,IGF2,0.0017032437865288736,1.0,0.0017032437865288736,0.03822904326506377,False
RUNX1,IGF2,0.08161339920592234,1.0,0.08161339920592234,0.08678936281529441,False
RUNX2,IGF2,0.002552069956941853,1.0,0.002552069956941853,0.0206084993828674,False
FOXO1,IGF2,0.0447229041373205,-1.0,-0.0447229041373205,-0.0734655788566011,False
FOXO3,IGF2,0.16357872019683106,-1.0,-0.16357872019683106,-0.11333769105655417,False
HIF1A,IGF2,0.014962632985513848,1.0,0.014962632985513848,0.044053561985192856,False
TEAD1,IGF2,0.012921676670112703,-1.0,-0.012921676670112703,-0.004965639939882243,False
YAP1,IGF2,0.00847632855725766,-1.0,-0.00847632855725766,-0.007477686656798575,False
WWTR1,IGF2,0.013116450918031474,-1.0,-0.013116450918031474,-0.02215417391564864,False
PPARG,IL6,0.0012165184980232001,1.0,0.0012165184980232001,0.007527053581369979,True
SMAD3,IL6,0.017066493521140553,-1.0,-0.017066493521140553,-0.018905185645481323,True
STAT3,IL6,0.041976377157883646,1.0,0.041976377157883646,0.005676057190332143,True
CEBPA,IL6,0.00027432232188831697,1.0,0.00027432232188831697,0.009211457053852557,True
JUN,IL6,0.2345387745881555,-1.0,-0.2345387745881555,-0.08561095357321623,True
FOS,IL6,0.06658195241454988,1.0,0.06658195241454988,0.0740085057994553,True
KLF4,IL6,0.08306362995296561,1.0,0.08306362995296561,0.1273248924874013,True
KLF5,IL6,0.011671888751646039,1.0,0.011671888751646039,0.06902468540037728,True
RUNX1,IL6,0.3167531454806987,1.0,0.3167531454806987,0.2340892178379413,True
RUNX2,IL6,0.00023671875760401123,1.0,0.00023671875760401123,0.01799173478902845,True
FOXO1,IL6,0.061071169266757666,-1.0,-0.061071169266757666,-0.06746216167947976,True
FOXO3,IL6,0.09406943670310354,-1.0,-0.09406943670310354,-0.10400090980695034,True
HIF1A,IL6,0.033641185913317065,1.0,0.033641185913317065,0.09958703724168756,True
TEAD1,IL6,0.012965843827793498,-1.0,-0.012965843827793498,-0.02504855313843141,True
YAP1,IL6,0.004981569112288565,-1.0,-0.004981569112288565,-0.010063147097949662,True
WWTR1,IL6,0.01989097373218418,1.0,0.01989097373218418,0.011145904380555837,True
PPARG,IRF1,0.0002949589255689639,-1.0,-0.0002949589255689639,-0.0048279474335088945,False
SMAD3,IRF1,0.010502541665667569,1.0,0.010502541665667569,0.0022303078411314656,False
STAT3,IRF1,0.03499686051944122,1.0,0.03499686051944122,0.08246791783302915,False
CEBPA,IRF1,0.0010785175537299783,1.0,0.0010785175537299783,0.047107216824056296,False
JUN,IRF1,0.149695039753669,1.0,0.149695039753669,0.3070504604394276,False
FOS,IRF1,0.49498885802679093,1.0,0.49498885802679093,0.3606231446042478,False
KLF4,IRF1,0.12514544785410325,1.0,0.12514544785410325,0.2083645603334554,False
KLF5,IRF1,0.006268165489405191,1.0,0.006268165489405191,0.08501676580400343,False
RUNX1,IRF1,0.07069129439492305,1.0,0.07069129439492305,0.12089589889464163,False
RUNX2,IRF1,7.96990483167629e-05,1.0,7.96990483167629e-05,0.01664915381501791,False
FOXO1,IRF1,0.015115833886241428,-1.0,-0.015115833886241428,-0.03425465020963874,False
FOXO3,IRF1,0.06812351498770301,-1.0,-0.06812351498770301,-0.08359113372479185,False
HIF1A,IRF1,0.009148581334897805,1.0,0.009148581334897805,0.03631336365219073,False
TEAD1,IRF1,0.004232944251741843,1.0,0.004232944251741843,0.004121284738156476,False
YAP1,IRF1,0.004354410847716001,1.0,0.004354410847716001,0.023487211393456154,False
WWTR1,IRF1,0.005283331460083781,1.0,0.005283331460083781,0.018491623969415515,False
PPARG,JUN,0.0009581666002089531,1.0,0.0009581666002089531,0.0027498034330742304,False
SMAD3,JUN,0.007566456308703515,-1.0,-0.007566456308703515,-0.04125649935719238,False
STAT3,JUN,0.013144125461275594,1.0,0.013144125461275594,0.056010437686749175,False
CEBPA,JUN,5.395936932494847e-05,1.0,5.395936932494847e-05,0.04205370098095604,False
FOS,JUN,0.876137289156213,1.0,0.876137289156213,0.6103291908934602,False
KLF4,JUN,0.05512294875557804,1.0,0.05512294875557804,0.23344937266643687,False
KLF5,JUN,0.000622282794357716,1.0,0.000622282794357716,0.032986595828995276,False
RUNX1,JUN,0.01252028057112402,-1.0,-0.01252028057112402,-0.09289871202211507,False
RUNX2,JUN,1.8212605505634562e-05,-1.0,-1.8212605505634562e-05,-0.00713895886428028,False
FOXO1,JUN,0.007157934106593259,-1.0,-0.007157934106593259,-0.014749726789829325,False
FOXO3,JUN,0.014263811148089701,-1.0,-0.014263811148089701,-0.034242619203426805,False
HIF1A,JUN,0.0036906472229131485,-1.0,-0.0036906472229131485,-0.066592667910935,False
TEAD1,JUN,0.0033389025628715575,-1.0,-0.0033389025628715575,-0.007539926153331529,False
YAP1,JUN,0.0026361760834984005,-1.0,-0.0026361760834984005,-0.007709582687827868,False
WWTR1,JUN,0.002768807253742616,-1.0,-0.002768807253742616,-0.04473342394287079,False
PPARG,JUNB,0.00013152515802789813,-1.0,-0.00013152515802789813,-0.012795056528668008,False
SMAD3,JUNB,0.004967175358808859,-1.0,-0.004967175358808859,-0.05527015313753779,False
STAT3,JUNB,0.03146099505054955,1.0,0.03146099505054955,0.12359302701782159,False
CEBPA,JUNB,0.0001778662252172291,1.0,0.0001778662252172291,0.024476517177322545,False
JUN,JUNB,0.08953179332072198,1.0,0.08953179332072198,0.3824906185237206,False
FOS,JUNB,0.6873630054535145,1.0,0.6873630054535145,0.5292003329394918,False
KLF4,JUNB,0.094592463805377,1.0,0.094592463805377,0.2923080890251364,False
KLF5,JUNB,0.0007802553562850709,1.0,0.0007802553562850709,0.08796249486424677,False
RUNX1,JUNB,0.03382521861129063,1.0,0.03382521861129063,0.09032768480015797,False
RUNX2,JUNB,0.00010295122139139038,1.0,0.00010295122139139038,0.0043543373294644494,False
FOXO1,JUNB,0.014295984944282584,-1.0,-0.014295984944282584,-0.1047698565561643,False
FOXO3,JUNB,0.02387679576010373,-1.0,-0.02387679576010373,-0.09574132155953292,False
HIF1A,JUNB,0.00403403827618451,-1.0,-0.00403403827618451,-0.002816697078948167,False
TEAD1,JUNB,0.009139736509207045,-1.0,-0.009139736509207045,-0.09895151070878029,False
YAP1,JUNB,0.0017913703387181545,-1.0,-0.0017913703387181545,-0.04420254890464053,False
WWTR1,JUNB,0.003928824610319761,-1.0,-0.003928824610319761,-0.041082039716962844,False
PPARG,JUND,4.8421547664317416e-05,1.0,4.8421547664317416e-05,0.034083328521676906,False
SMAD3,JUND,0.018262887498511838,1.0,0.018262887498511838,0.07410056414352055,False
STAT3,JUND,0.04889860639698501,1.0,0.04889860639698501,0.07538766882479024,False
CEBPA,JUND,0.00027385830640542754,1.0,0.00027385830640542754,0.05451862535919612,False
JUN,JUND,0.11344959617551094,1.0,0.11344959617551094,0.2159061131034104,False
FOS,JUND,0.3507702723314819,1.0,0.3507702723314819,0.26458900623077936,False
KLF4,JUND,0.05337722354580774,1.0,0.05337722354580774,0.10986147397659846,False
KLF5,JUND,0.0013407465110188501,1.0,0.0013407465110188501,0.03381414129631496,False
RUNX1,JUND,0.016597381850876936,1.0,0.016597381850876936,0.05185298981861797,False
RUNX2,JUND,0.00016634656973149071,1.0,0.00016634656973149071,0.02557947816339938,False
FOXO1,JUND,0.2300347646435237,1.0,0.2300347646435237,0.199981720605683,False
FOXO3,JUND,0.06886164103087923,1.0,0.06886164103087923,0.11091754426869234,False
HIF1A,JUND,0.013602396934222497,1.0,0.013602396934222497,0.04734692985992422,False
TEAD1,JUND,0.04836812403478257,1.0,0.04836812403478257,0.11866978987567128,False
YAP1,JUND,0.02032609362275505,1.0,0.02032609362275505,0.08998655243494096,False
WWTR1,JUND,0.015621638999842332,1.0,0.015621638999842332,0.0803156549145293,False
PPARG,KDM6B,0.0005775536223871211,1.0,0.0005775536223871211,0.016907486670707,False
SMAD3,KDM6B,0.024496756603623382,1.0,0.024496756603623382,0.03795915204200167,False
STAT3,KDM6B,0.07682294498740132,1.0,0.07682294498740132,0.06208424317856229,False
CEBPA,KDM6B,0.0015134355681525767,-1.0,-0.0015134355681525767,-0.00038152677064065766,False
JUN,KDM6B,0.10002754451740277,-1.0,-0.10002754451740277,-0.03948096068454693,False
FOS,KDM6B,0.05272852058837847,1.0,0.05272852058837847,0.035973720646150883,False
KLF4,KDM6B,0.14921394949857675,1.0,0.14921394949857675,0.12580137424433718,False
KLF5,KDM6B,0.024469363225345934,1.0,0.024469363225345934,0.07242879272614634,False
RUNX1,KDM6B,0.3773052163060916,1.0,0.3773052163060916,0.2126731252533003,False
RUNX2,KDM6B,0.004988354097853346,1.0,0.004988354097853346,0.010660989440180076,False
FOXO1,KDM6B,0.034455660652037014,1.0,0.034455660652037014,0.003952113660901111,False
FOXO3,KDM6B,0.03032535000368587,-1.0,-0.03032535000368587,-0.027546015276491767,False
HIF1A,KDM6B,0.06156703023728048,1.0,0.06156703023728048,0.10841618720931336,False
TEAD1,KDM6B,0.022301768512669025,-1.0,-0.022301768512669025,-0.000514516564631345,False
YAP1,KDM6B,0.013040581970490534,1.0,0.013040581970490534,0.014527161519935864,False
WWTR1,KDM6B,0.026165969608623864,1.0,0.026165969608623864,0.0592420908040419,False
PPARG,KLF4,0.00035174688449344594,1.0,0.00035174688449344594,0.004640361921915432,False
SMAD3,KLF4,0.03800979084862021,1.0,0.03800979084862021,0.052518290837955686,False
STAT3,KLF4,0.033364661819882166,1.0,0.033364661819882166,0.0582899280055399,False
CEBPA,KLF4,0.0017584408081353278,1.0,0.0017584408081353278,0.020756475007876845,False
JUN,KLF4,0.20975038330075615,1.0,0.20975038330075615,0.23344937266643687,False
FOS,KLF4,0.5579210709441772,1.0,0.5579210709441772,0.2721347923146758,False
KLF5,KLF4,0.00280789517361968,1.0,0.00280789517361968,0.03174385584231912,False
RUNX1,KLF4,0.051257321205174296,1.0,0.051257321205174296,0.060228120452305016,False
RUNX2,KLF4,0.0022047998137580114,-1.0,-0.0022047998137580114,-0.02853281237960872,False
FOXO1,KLF4,0.01617686230224727,1.0,0.01617686230224727,0.022838904227108877,False
FOXO3,KLF4,0.05225818963292696,-1.0,-0.05225818963292696,-0.022174729252988617,False
HIF1A,KLF4,0.009511832234050749,1.0,0.009511832234050749,0.016129738431021813,False
TEAD1,KLF4,0.006050363782488985,-1.0,-0.006050363782488985,-0.012858503072877316,False
YAP1,KLF4,0.010199903320421285,1.0,0.010199903320421285,0.001114025185393104,False
WWTR1,KLF4,0.008376737929248463,-1.0,-0.008376737929248463,-0.006076134930781133,False
PPARG,KLF5,0.02484912630778911,1.0,0.02484912630778911,0.024489492531391648,False
SMAD3,KLF5,0.049400356500381326,-1.0,-0.049400356500381326,-0.012556293001533107,False
STAT3,KLF5,0.11267041616055064,1.0,0.11267041616055064,0.03402118770648241,False
CEBPA,KLF5,0.010386035794560692,1.0,0.010386035794560692,0.02027064493420001,False
JUN,KLF5,0.06798469087557214,1.0,0.06798469087557214,0.032986595828995276,False
FOS,KLF5,0.14188672108817818,1.0,0.14188672108817818,0.05908725123344174,False
KLF4,KLF5,0.0657497665950607,1.0,0.0657497665950607,0.03174385584231912,False
RUNX1,KLF5,0.06930941833146266,1.0,0.06930941833146266,0.042285997212077084,False
RUNX2,KLF5,0.017787097329408075,1.0,0.017787097329408075,0.01885419362320244,False
FOXO1,KLF5,0.0797711132958033,-1.0,-0.0797711132958033,-0.006890007027834381,False
FOXO3,KLF5,0.08227312496368269,1.0,0.08227312496368269,0.004504676463135938,False
HIF1A,KLF5,0.0693406343784062,1.0,0.0693406343784062,0.036155206585362205,False
TEAD1,KLF5,0.03733605587173164,1.0,0.03733605587173164,0.008558085581482492,False
YAP1,KLF5,0.07960125274154987,1.0,0.07960125274154987,0.04278985649079039,False
WWTR1,KLF5,0.09165418976586281,1.0,0.09165418976586281,0.04589378012498204,False
PPARG,LGALS1,0.0025121144683842526,-1.0,-0.0025121144683842526,-0.09516277388205688,False
SMAD3,LGALS1,0.03245891428168875,-1.0,-0.03245891428168875,-0.11338400960446154,False
STAT3,LGALS1,0.08587782393914546,-1.0,-0.08587782393914546,-0.19234537336467705,False
CEBPA,LGALS1,0.00035677697072777263,-1.0,-0.00035677697072777263,-0.04272292615773546,False
JUN,LGALS1,0.1057900997423996,1.0,0.1057900997423996,0.060352554841321716,False
FOS,LGALS1,0.1233052433608606,1.0,0.1233052433608606,0.12153248738548261,False
KLF4,LGALS1,0.07541210699029183,1.0,0.07541210699029183,0.05761278514683492,False
KLF5,LGALS1,0.001954904078897542,1.0,0.001954904078897542,0.006485585404829415,False
RUNX1,LGALS1,0.023224693018160922,1.0,0.023224693018160922,0.04593220201664212,False
RUNX2,LGALS1,0.000195440294998487,-1.0,-0.000195440294998487,-0.03535832923592498,False
FOXO1,LGALS1,0.11544539804116631,-1.0,-0.11544539804116631,-0.21567530042638536,False
FOXO3,LGALS1,0.3907678368200405,-1.0,-0.3907678368200405,-0.3214602986347172,False
HIF1A,LGALS1,0.009547197566543448,-1.0,-0.009547197566543448,-0.032649369176773316,False
TEAD1,LGALS1,0.011601886822074194,-1.0,-0.011601886822074194,-0.08025222624971844,False
YAP1,LGALS1,0.009504915545958186,-1.0,-0.009504915545958186,-0.0760341968594952,False
WWTR1,LGALS1,0.01204464805866221,-1.0,-0.01204464805866221,-0.08002585027825082,False
PPARG,LMNA,0.0009331624276007739,-1.0,-0.0009331624276007739,-0.04723644239589696,False
SMAD3,LMNA,0.02167272894994319,-1.0,-0.02167272894994319,-0.002719363305828245,False
STAT3,LMNA,0.03336400287628391,-1.0,-0.03336400287628391,-0.031449752666923264,False
CEBPA,LMNA,0.0005718963275771017,-1.0,-0.0005718963275771017,-0.005248743028907801,False
JUN,LMNA,0.09602063891995942,1.0,0.09602063891995942,0.05718235869157497,False
FOS,LMNA,0.09736476031994193,1.0,0.09736476031994193,0.08302393025299816,False
KLF4,LMNA,0.22666635247832687,1.0,0.22666635247832687,0.178853385745043,False
KLF5,LMNA,0.0015621716444157658,1.0,0.0015621716444157658,0.028066850833780688,False
RUNX1,LMNA,0.04638219632903074,1.0,0.04638219632903074,0.09032920289677848,False
RUNX2,LMNA,0.0006678829647797778,-1.0,-0.0006678829647797778,-0.016108282388902464,False
FOXO1,LMNA,0.08041909880289398,-1.0,-0.08041909880289398,-0.14625165518784694,False
FOXO3,LMNA,0.35467584996104123,-1.0,-0.35467584996104123,-0.20446288588796385,False
HIF1A,LMNA,0.01999358449509662,1.0,0.01999358449509662,0.012991058118658331,False
TEAD1,LMNA,0.008749426995407771,-1.0,-0.008749426995407771,-0.05974052893986376,False
YAP1,LMNA,0.004109258059757425,-1.0,-0.004109258059757425,-0.03246403910115569,False
WWTR1,LMNA,0.006846988447943535,-1.0,-0.006846988447943535,-0.024393852606483094,False
PPARG,LOX,0.0016965394634559142,1.0,0.0016965394634559142,0.015163869023186175,True
SMAD3,LOX,0.1965005886714215,1.0,0.1965005886714215,0.10650301898482765,True
STAT3,LOX,0.050441265132345,1.0,0.050441265132345,0.041125933671960005,True
CEBPA,LOX,0.001944462971357125,1.0,0.001944462971357125,0.0075016335806440786,True
JUN,LOX,0.08265257458751879,-1.0,-0.08265257458751879,-0.0402157602577223,True
FOS,LOX,0.07241582544775564,-1.0,-0.07241582544775564,-0.014004850975418157,True
KLF4,LOX,0.09919835817128239,1.0,0.09919835817128239,0.06487538059993578,True
KLF5,LOX,0.00935879646370423,1.0,0.00935879646370423,0.02707618120682566,True
RUNX1,LOX,0.08592383130211244,1.0,0.08592383130211244,0.09353594751860059,True
RUNX2,LOX,0.006753064598022434,1.0,0.006753064598022434,0.03197767964608016,True
FOXO1,LOX,0.06892003558577307,1.0,0.06892003558577307,0.08027596001791878,True
FOXO3,LOX,0.06831176574338625,1.0,0.06831176574338625,0.02308722204362843,True
HIF1A,LOX,0.025124241488315387,1.0,0.025124241488315387,0.06612370815818083,True
TEAD1,LOX,0.055896495982983595,1.0,0.055896495982983595,0.08012407300659599,True
YAP1,LOX,0.11600184000565285,1.0,0.11600184000565285,0.09750315428500608,True
WWTR1,LOX,0.05886031438491339,1.0,0.05886031438491339,0.07326904475686881,True
PPARG,LPL,0.050149712717361815,1.0,0.050149712717361815,0.04284896109072224,True
SMAD3,LPL,0.05971276378632828,-1.0,-0.05971276378632828,-0.016158620791867757,True
STAT3,LPL,0.0863281694506392,1.0,0.0863281694506392,0.02557711222719304,True
CEBPA,LPL,0.03981770455943018,1.0,0.03981770455943018,0.03780775418724653,True
JUN,LPL,0.055724783765632516,1.0,0.055724783765632516,0.014764105774272132,True
FOS,LPL,0.04986496472363425,1.0,0.04986496472363425,0.0012752479787736476,True
KLF4,LPL,0.08203228186200412,-1.0,-0.08203228186200412,-0.010482812481135665,True
KLF5,LPL,0.027000557092662983,1.0,0.027000557092662983,0.02077936717079276,True
RUNX1,LPL,0.06650961830843317,1.0,0.06650961830843317,0.029190843045622094,True
RUNX2,LPL,0.021693965590263153,1.0,0.021693965590263153,0.028960180794695204,True
FOXO1,LPL,0.08729492044234746,1.0,0.08729492044234746,0.034536757171697866,True
FOXO3,LPL,0.11116905929831768,1.0,0.11116905929831768,0.03461236018376386,True
HIF1A,LPL,0.07596176323167096,1.0,0.07596176323167096,0.029416249795704362,True
TEAD1,LPL,0.04104606643066022,1.0,0.04104606643066022,0.00840895139425102,True
YAP1,LPL,0.056301149288373195,1.0,0.056301149288373195,0.02967097551984008,True
WWTR1,LPL,0.08939251945224085,1.0,0.08939251945224085,0.03263501842446075,True
PPARG,LUM,0.001189015330300801,-1.0,-0.001189015330300801,-0.05358853908984062,False
SMAD3,LUM,0.10823918120619515,-1.0,-0.10823918120619515,-0.10927394368588152,False
STAT3,LUM,0.08424394183481856,-1.0,-0.08424394183481856,-0.09017256496858325,False
CEBPA,LUM,0.0006157168986637977,1.0,0.0006157168986637977,0.010219608750868933,False
JUN,LUM,0.06333328308632381,1.0,0.06333328308632381,0.08863281247728326,False
FOS,LUM,0.20040836495385644,1.0,0.20040836495385644,0.13043068585911322,False
KLF4,LUM,0.030409968620988423,1.0,0.030409968620988423,0.0035508086459087288,False
KLF5,LUM,0.00416716424879124,1.0,0.00416716424879124,0.028506344098360326,False
RUNX1,LUM,0.07117193422688867,1.0,0.07117193422688867,0.07457658969995642,False
RUNX2,LUM,0.0005784582355466295,1.0,0.0005784582355466295,0.020493984936843717,False
FOXO1,LUM,0.1394417405831597,-1.0,-0.1394417405831597,-0.1392056678487962,False
FOXO3,LUM,0.22553743385552485,-1.0,-0.22553743385552485,-0.16806928304003066,False
HIF1A,LUM,0.020488829185333526,1.0,0.020488829185333526,0.017110724047841797,False
TEAD1,LUM,0.023545516443296312,-1.0,-0.023545516443296312,-0.04266872824607859,False
YAP1,LUM,0.006195185372380173,-1.0,-0.006195185372380173,-0.01820217679854839,False
WWTR1,LUM,0.020434265917931953,-1.0,-0.020434265917931953,-0.023899648539823074,False
PPARG,MGP,0.0001404447304875799,-1.0,-0.0001404447304875799,-0.009824164981714447,False
SMAD3,MGP,0.04383255499724115,-1.0,-0.04383255499724115,-0.09325246377014113,False
STAT3,MGP,0.19930485550532998,-1.0,-0.19930485550532998,-0.14857502465841105,False
CEBPA,MGP,0.00038139638350803885,1.0,0.00038139638350803885,0.021293630472170522,False
JUN,MGP,0.1277999546063675,1.0,0.1277999546063675,0.048918966424990745,False
FOS,MGP,0.19954672128952822,1.0,0.19954672128952822,0.10604399106923888,False
KLF4,MGP,0.06676202823282576,-1.0,-0.06676202823282576,-0.0626970591305989,False
KLF5,MGP,0.03368123370623307,-1.0,-0.03368123370623307,-0.022548075951051336,False
RUNX1,MGP,0.03207729776309926,1.0,0.03207729776309926,0.05025710262789945,False
RUNX2,MGP,0.0005812489804137766,1.0,0.0005812489804137766,0.02720400602693546,False
FOXO1,MGP,0.0387839911491313,-1.0,-0.0387839911491313,-0.1228589400289709,False
FOXO3,MGP,0.1890853271952019,-1.0,-0.1890853271952019,-0.1694103541001919,False
HIF1A,MGP,0.019428200215656666,-1.0,-0.019428200215656666,-0.0015274210052754454,False
TEAD1,MGP,0.009442657361978544,-1.0,-0.009442657361978544,-0.021047909293107177,False
YAP1,MGP,0.011613344016945455,-1.0,-0.011613344016945455,-0.03471119309552172,False
WWTR1,MGP,0.027538743866051846,-1.0,-0.027538743866051846,-0.041472317793976386,False
PPARG,MMP14,0.009326474342497443,1.0,0.009326474342497443,0.059364023281052565,True
SMAD3,MMP14,0.07207392189120865,1.0,0.07207392189120865,0.09144106194448708,True
STAT3,MMP14,0.08502933154111326,1.0,0.08502933154111326,0.0831907371752891,True
CEBPA,MMP14,0.0016032400076199426,-1.0,-0.0016032400076199426,-0.012710948690137608,True
JUN,MMP14,0.1141704173005287,-1.0,-0.1141704173005287,-0.07439986968787796,True
FOS,MMP14,0.1710007792174192,-1.0,-0.1710007792174192,-0.09777126251800441,True
KLF4,MMP14,0.02733186267180847,1.0,0.02733186267180847,0.015857905638125263,True
KLF5,MMP14,0.00329104275540946,-1.0,-0.00329104275540946,-0.005747674253014967,True
RUNX1,MMP14,0.014538858671767912,-1.0,-0.014538858671767912,-0.007655391376188649,True
RUNX2,MMP14,0.0007725322426790027,1.0,0.0007725322426790027,0.0021866224630901583,True
FOXO1,MMP14,0.1465599529431968,1.0,0.1465599529431968,0.12793724415991092,True
FOXO3,MMP14,0.2751472125378251,1.0,0.2751472125378251,0.15210988707043632,True
HIF1A,MMP14,0.009833566262847366,1.0,0.009833566262847366,0.03199374192793329,True
TEAD1,MMP14,0.026667696155515678,1.0,0.026667696155515678,0.04825368928738916,True
YAP1,MMP14,0.029354439167061926,1.0,0.029354439167061926,0.06598735378859187,True
WWTR1,MMP14,0.013298672291501055,1.0,0.013298672291501055,0.03480659902412229,True
PPARG,MMP2,0.0008123786915638754,1.0,0.0008123786915638754,0.011002346839784264,True
SMAD3,MMP2,0.06313413242857596,1.0,0.06313413242857596,0.0758477397083758,True
STAT3,MMP2,0.18802914935379128,1.0,0.18802914935379128,0.09494918233317563,True
CEBPA,MMP2,0.0019286975131824944,-1.0,-0.0019286975131824944,-0.021116747739446037,True
JUN,MMP2,0.10073004203653435,-1.0,-0.10073004203653435,-0.10261815321995833,True
FOS,MMP2,0.164401354321125,-1.0,-0.164401354321125,-0.10490233372775756,True
KLF4,MMP2,0.10465506524486809,1.0,0.10465506524486809,0.03575042223811172,True
KLF5,MMP2,0.0048538558127411615,-1.0,-0.0048538558127411615,-0.020041219090718102,True
RUNX1,MMP2,0.03585144301258351,1.0,0.03585144301258351,0.03313350631461904,True
RUNX2,MMP2,0.0016865335216138097,1.0,0.0016865335216138097,0.009415888960174316,True
FOXO1,MMP2,0.1288297590078317,1.0,0.1288297590078317,0.08873513819102631,True
FOXO3,MMP2,0.13492373876560057,1.0,0.13492373876560057,0.10156089984742805,True
HIF1A,MMP2,0.02180555344757726,1.0,0.02180555344757726,0.03766052361060791,True
TEAD1,MMP2,0.016168780095525716,-1.0,-0.016168780095525716,-0.014414803055662765,True
YAP1,MMP2,0.013619018750638846,1.0,0.013619018750638846,0.018760309634808212,True
WWTR1,MMP2,0.018570497996246365,1.0,0.018570497996246365,0.013979527976747584,True
PPARG,MT-ATP6,1.1239319413219348e-05,-1.0,-1.1239319413219348e-05,-0.03034456808491059,False
SMAD3,MT-ATP6,0.0185216661042036,-1.0,-0.0185216661042036,-0.06538757294931,False
STAT3,MT-ATP6,0.1404049276080647,-1.0,-0.1404049276080647,-0.16882602353413528,False
CEBPA,MT-ATP6,4.287175832824968e-05,1.0,4.287175832824968e-05,0.014327594205857153,False
JUN,MT-ATP6,0.19344530603251542,1.0,0.19344530603251542,0.12617007780261658,False
FOS,MT-ATP6,0.43065425657964806,1.0,0.43065425657964806,0.226315333574182,False
KLF4,MT-ATP6,0.07195793555305802,-1.0,-0.07195793555305802,-0.056966275329872355,False
KLF5,MT-ATP6,0.0007900306028166099,-1.0,-0.0007900306028166099,-0.018064248423360466,False
RUNX1,MT-ATP6,0.006853203182700304,1.0,0.006853203182700304,0.01963245231531298,False
RUNX2,MT-ATP6,1.3956382579063573e-05,-1.0,-1.3956382579063573e-05,-0.0014672524450761568,False
FOXO1,MT-ATP6,0.030717152068942263,1.0,0.030717152068942263,0.018502197630363617,False
FOXO3,MT-ATP6,0.06851032332279389,-1.0,-0.06851032332279389,-0.05666013405258167,False
HIF1A,MT-ATP6,0.00583853189897141,-1.0,-0.00583853189897141,-0.010138751125873069,False
TEAD1,MT-ATP6,0.01955054080697304,1.0,0.01955054080697304,0.04505454704203055,False
YAP1,MT-ATP6,0.0027643458959231266,-1.0,-0.0027643458959231266,-0.010903283685099276,False
WWTR1,MT-ATP6,0.009923712883069048,-1.0,-0.009923712883069048,-0.03859140714238108,False
PPARG,MT-CO1,2.947942062980768e-06,-1.0,-2.947942062980768e-06,-0.04402531364567785,False
SMAD3,MT-CO1,0.027348216464193276,-1.0,-0.027348216464193276,-0.08728384867456586,False
STAT3,MT-CO1,0.18115536018021577,-1.0,-0.18115536018021577,-0.19949991632148562,False
CEBPA,MT-CO1,0.00022210715194550574,-1.0,-0.00022210715194550574,-0.0022984831039588836,False
JUN,MT-CO1,0.16906278589316093,1.0,0.16906278589316093,0.1575711369609859,False
FOS,MT-CO1,0.39872022148208675,1.0,0.39872022148208675,0.26039620684066067,False
KLF4,MT-CO1,0.03316772952634074,1.0,0.03316772952634074,0.011296985479233359,False
KLF5,MT-CO1,0.0003707836051863276,-1.0,-0.0003707836051863276,-0.001184268590711384,False
RUNX1,MT-CO1,0.021304573194236773,1.0,0.021304573194236773,0.05329577992616274,False
RUNX2,MT-CO1,4.5745143905223746e-05,-1.0,-4.5745143905223746e-05,-0.010476511909434605,False
FOXO1,MT-CO1,0.023864608592588463,-1.0,-0.023864608592588463,-0.061374742785663135,False
FOXO3,MT-CO1,0.11648623666764078,-1.0,-0.11648623666764078,-0.1765467363822934,False
HIF1A,MT-CO1,0.0031310874487237546,-1.0,-0.0031310874487237546,-0.013748071041995722,False
TEAD1,MT-CO1,0.010901521138891632,1.0,0.010901521138891632,0.007620733985977783,False
YAP1,MT-CO1,0.0038065106562346768,-1.0,-0.0038065106562346768,-0.04059443465654833,False
WWTR1,MT-CO1,0.010409564912586374,-1.0,-0.010409564912586374,-0.06460510510352978,False
PPARG,MT-CO2,2.1090815247302927e-05,-1.0,-2.1090815247302927e-05,-0.02988773760868087,False
SMAD3,MT-CO2,0.026444218642783537,-1.0,-0.026444218642783537,-0.08685746966217688,False
STAT3,MT-CO2,0.15610322080432398,-1.0,-0.15610322080432398,-0.19173153398255868,False
CEBPA,MT-CO2,7.231962430563812e-05,1.0,7.231962430563812e-05,0.0011092084747016545,False
JUN,MT-CO2,0.2263070135662535,1.0,0.2263070135662535,0.12747235553895783,False
FOS,MT-CO2,0.4096218872708662,1.0,0.4096218872708662,0.22306616583619043,False
KLF4,MT-CO2,0.04855806629072485,-1.0,-0.04855806629072485,-0.04618413865269522,False
KLF5,MT-CO2,0.0008812424974411957,-1.0,-0.0008812424974411957,-0.02458281079331714,False
RUNX1,MT-CO2,0.007721425374964072,1.0,0.007721425374964072,0.010736007573983842,False
RUNX2,MT-CO2,0.00024160280253037407,-1.0,-0.00024160280253037407,-0.014510155026080312,False
FOXO1,MT-CO2,0.02397506798773757,-1.0,-0.02397506798773757,-0.020147233535855655,False
FOXO3,MT-CO2,0.06864885631022126,-1.0,-0.06864885631022126,-0.10244751999683167,False
HIF1A,MT-CO2,0.004717709899323018,-1.0,-0.004717709899323018,-0.0207903997603574,False
TEAD1,MT-CO2,0.013442268661554577,1.0,0.013442268661554577,0.029290091939528987,False
YAP1,MT-CO2,0.004106531276989975,-1.0,-0.004106531276989975,-0.03189394057445108,False
WWTR1,MT-CO2,0.009137478174733005,-1.0,-0.009137478174733005,-0.06695205103264584,False
PPARG,MT-CYB,5.433360703111111e-05,-1.0,-5.433360703111111e-05,-0.043647531491013296,False
SMAD3,MT-CYB,0.02583850116603759,-1.0,-0.02583850116603759,-0.0987492532862215,False
STAT3,MT-CYB,0.14541593165514718,-1.0,-0.14541593165514718,-0.2045899888493181,False
CEBPA,MT-CYB,3.286930880242456e-06,-1.0,-3.286930880242456e-06,-0.0014446942721791608,False
JUN,MT-CYB,0.20560201585205054,1.0,0.20560201585205054,0.13164997024745195,False
FOS,MT-CYB,0.41525581903652053,1.0,0.41525581903652053,0.21978405122860226,False
KLF4,MT-CYB,0.05829643842647738,-1.0,-0.05829643842647738,-0.0523473899708214,False
KLF5,MT-CYB,0.0004943544254059707,-1.0,-0.0004943544254059707,-0.02218847778382295,False
RUNX1,MT-CYB,0.011877986501606408,-1.0,-0.011877986501606408,-0.014820621638663123,False
RUNX2,MT-CYB,0.00016961361311626123,-1.0,-0.00016961361311626123,-0.01931522035433964,False
FOXO1,MT-CYB,0.02363372247687683,-1.0,-0.02363372247687683,-0.03356479405579835,False
FOXO3,MT-CYB,0.08351961560136363,-1.0,-0.08351961560136363,-0.12103857164509772,False
HIF1A,MT-CYB,0.0025283055819339518,-1.0,-0.0025283055819339518,-0.03883742706339695,False
TEAD1,MT-CYB,0.01285331771314853,1.0,0.01285331771314853,0.010538773917204832,False
YAP1,MT-CYB,0.0036359686735583383,-1.0,-0.0036359686735583383,-0.04465614857139487,False
WWTR1,MT-CYB,0.010820788738845384,-1.0,-0.010820788738845384,-0.08512042949488323,False
PPARG,MT-ND1,3.8226821402798063e-05,-1.0,-3.8226821402798063e-05,-0.040166670755281346,False
SMAD3,MT-ND1,0.027956150122556873,-1.0,-0.027956150122556873,-0.13867065030407225,False
STAT3,MT-ND1,0.12161412861992162,-1.0,-0.12161412861992162,-0.1774914624704513,False
CEBPA,MT-ND1,4.9812208593634306e-05,1.0,4.9812208593634306e-05,0.004771793356519001,False
JUN,MT-ND1,0.19273975210471642,1.0,0.19273975210471642,0.15471478726536703,False
FOS,MT-ND1,0.4924875825532751,1.0,0.4924875825532751,0.2503896726148149,False
KLF4,MT-ND1,0.05186487725868232,-1.0,-0.05186487725868232,-0.043646503682553454,False
KLF5,MT-ND1,0.0011298514329955267,-1.0,-0.0011298514329955267,-0.024943270546418983,False
RUNX1,MT-ND1,0.009414118067119542,-1.0,-0.009414118067119542,-0.03928030230227094,False
RUNX2,MT-ND1,0.0003272472461167557,-1.0,-0.0003272472461167557,-0.024855147468995704,False
FOXO1,MT-ND1,0.020520560607245917,-1.0,-0.020520560607245917,-0.05691667187738625,False
FOXO3,MT-ND1,0.05576115242805894,-1.0,-0.05576115242805894,-0.11014757622880136,False
HIF1A,MT-ND1,0.004081308427814517,-1.0,-0.004081308427814517,-0.06331425197994965,False
TEAD1,MT-ND1,0.0059401943437146845,-1.0,-0.0059401943437146845,-0.029493085063158314,False
YAP1,MT-ND1,0.004345547532501787,-1.0,-0.004345547532501787,-0.07347203173368824,False
WWTR1,MT-ND1,0.011729490225283478,-1.0,-0.011729490225283478,-0.10515340694030854,False
PPARG,MT-ND3,7.655435938154494e-06,-1.0,-7.655435938154494e-06,-0.016580273837956266,False
SMAD3,MT-ND3,0.014972822645691702,-1.0,-0.014972822645691702,-0.0837854877721886,False
STAT3,MT-ND3,0.09163622320785292,-1.0,-0.09163622320785292,-0.16508693855849843,False
CEBPA,MT-ND3,4.8520984576733974e-05,1.0,4.8520984576733974e-05,0.013234527090648004,False
JUN,MT-ND3,0.21384282369406044,1.0,0.21384282369406044,0.14120825705415005,False
FOS,MT-ND3,0.4715671436485112,1.0,0.4715671436485112,0.21609210329944137,False
KLF4,MT-ND3,0.06604102082528232,-1.0,-0.06604102082528232,-0.07178319088422284,False
KLF5,MT-ND3,0.0005258222069531261,-1.0,-0.0005258222069531261,-0.039017459810060995,False
RUNX1,MT-ND3,0.012685675555003864,-1.0,-0.012685675555003864,-0.042113760426722366,False
RUNX2,MT-ND3,9.695756515566154e-05,-1.0,-9.695756515566154e-05,-0.010533858109217246,False
FOXO1,MT-ND3,0.01673832763619283,-1.0,-0.01673832763619283,-0.003143621754980249,False
FOXO3,MT-ND3,0.06858951469857506,-1.0,-0.06858951469857506,-0.046612527040509937,False
HIF1A,MT-ND3,0.01933244668548737,-1.0,-0.01933244668548737,-0.030316141772292915,False
TEAD1,MT-ND3,0.0101533400815361,1.0,0.0101533400815361,0.0301435635675269,False
YAP1,MT-ND3,0.006731145303302399,-1.0,-0.006731145303302399,-0.03163473700783711,False
WWTR1,MT-ND3,0.007030559825880143,-1.0,-0.007030559825880143,-0.05461269927455714,False
PPARG,MT-ND4,6.866407329831706e-05,-1.0,-6.866407329831706e-05,-0.052588867607266665,False
SMAD3,MT-ND4,0.032008651671871155,-1.0,-0.032008651671871155,-0.12809953033368246,False
STAT3,MT-ND4,0.16125608736498956,-1.0,-0.16125608736498956,-0.22900750431019357,False
CEBPA,MT-ND4,2.0457192629712126e-05,-1.0,-2.0457192629712126e-05,-0.00929600698910286,False
JUN,MT-ND4,0.17037939447546224,1.0,0.17037939447546224,0.1255993890368827,False
FOS,MT-ND4,0.4409506386135195,1.0,0.4409506386135195,0.23289573090087443,False
KLF4,MT-ND4,0.0415188132430248,-1.0,-0.0415188132430248,-0.042218478814641476,False
KLF5,MT-ND4,0.00024915746513808697,-1.0,-0.00024915746513808697,-0.018020682741240912,False
RUNX1,MT-ND4,0.007262910663237866,1.0,0.007262910663237866,0.0057833774207951966,False
RUNX2,MT-ND4,0.0001297991670733998,-1.0,-0.0001297991670733998,-0.014047770321685983,False
FOXO1,MT-ND4,0.02358662860762555,-1.0,-0.02358662860762555,-0.0758387311438272,False
FOXO3,MT-ND4,0.09511582762379042,-1.0,-0.09511582762379042,-0.1467388740316432,False
HIF1A,MT-ND4,0.003496459274476074,-1.0,-0.003496459274476074,-0.03943931970375806,False
TEAD1,MT-ND4,0.009128662422408602,-1.0,-0.009128662422408602,-0.022160754463547302,False
YAP1,MT-ND4,0.004767949565925765,-1.0,-0.004767949565925765,-0.06552342270385202,False
WWTR1,MT-ND4,0.01005989857552897,-1.0,-0.01005989857552897,-0.0877875689418113,False
PPARG,MT2A,0.00015358415801549033,1.0,0.00015358415801549033,0.019212542677714422,False
SMAD3,MT2A,0.011271938690604116,1.0,0.011271938690604116,0.014534531192660927,False
STAT3,MT2A,0.07883686745759245,1.0,0.07883686745759245,0.09614697141510872,False
CEBPA,MT2A,0.00021024162705711365,-1.0,-0.00021024162705711365,-0.007117261685263656,False
JUN,MT2A,0.2625532600104242,-1.0,-0.2625532600104242,-0.19090038541397936,False
FOS,MT2A,0.1039925810706514,-1.0,-0.1039925810706514,-0.07362535817924964,False
KLF4,MT2A,0.14784113957118122,1.0,0.14784113957118122,0.09925396466773619,False
KLF5,MT2A,0.001576751643561031,1.0,0.001576751643561031,0.021190625795722288,False
RUNX1,MT2A,0.21833985634029637,1.0,0.21833985634029637,0.1968352314667021,False
RUNX2,MT2A,0.0005374332559816042,1.0,0.0005374332559816042,0.026116166465638236,False
FOXO1,MT2A,0.018987311477873307,1.0,0.018987311477873307,0.009714797773997079,False
FOXO3,MT2A,0.0914038787714792,1.0,0.0914038787714792,0.08270717337718139,False
HIF1A,MT2A,0.027895962052218934,1.0,0.027895962052218934,0.0825872657555458,False
TEAD1,MT2A,0.021546524430714458,-1.0,-0.021546524430714458,-0.06082718819079734,False
YAP1,MT2A,0.004524476330344143,-1.0,-0.004524476330344143,-0.02574954780582044,False
WWTR1,MT2A,0.010328193112004957,1.0,0.010328193112004957,0.037681694865088926,False
PPARG,MXRA5,0.004093252591410499,1.0,0.004093252591410499,0.019776308930763636,False
SMAD3,MXRA5,0.043472287322669036,1.0,0.043472287322669036,0.009640645124396269,False
STAT3,MXRA5,0.045131426518679185,-1.0,-0.045131426518679185,-0.0011977945933072424,False
CEBPA,MXRA5,0.007063453512868928,1.0,0.007063453512868928,0.04259655052296334,False
JUN,MXRA5,0.0451162889682472,-1.0,-0.0451162889682472,-0.019858552432217236,False
FOS,MXRA5,0.03429233192551904,1.0,0.03429233192551904,0.05669162051633815,False
KLF4,MXRA5,0.04229744815535716,-1.0,-0.04229744815535716,-0.013871723655931995,False
KLF5,MXRA5,0.0060501365728517975,1.0,0.0060501365728517975,0.03372039325794851,False
RUNX1,MXRA5,0.29094638630198183,1.0,0.29094638630198183,0.16772571881192852,False
RUNX2,MXRA5,0.015574541521069227,1.0,0.015574541521069227,0.062106176477811754,False
FOXO1,MXRA5,0.0561892518711567,-1.0,-0.0561892518711567,-0.04425312062359666,False
FOXO3,MXRA5,0.09885300961532528,-1.0,-0.09885300961532528,-0.08301870522442958,False
HIF1A,MXRA5,0.10503203460078188,1.0,0.10503203460078188,0.10211934111253977,False
TEAD1,MXRA5,0.044846291270204924,1.0,0.044846291270204924,0.05342242189187563,False
YAP1,MXRA5,0.030538925619989422,1.0,0.030538925619989422,0.04968954662281459,False
WWTR1,MXRA5,0.1305029336318879,1.0,0.1305029336318879,0.09215483479342142,False
PPARG,NAMPT,0.003407913273884477,1.0,0.003407913273884477,0.046687801980933474,False
SMAD3,NAMPT,0.012052671630803572,1.0,0.012052671630803572,0.06477177585062648,False
STAT3,NAMPT,0.2402435171166966,1.0,0.2402435171166966,0.18787735045031886,False
CEBPA,NAMPT,0.0012748461918958185,1.0,0.0012748461918958185,0.02948880985716995,False
JUN,NAMPT,0.043588583546774994,-1.0,-0.043588583546774994,-0.007805830805152404,False
FOS,NAMPT,0.07970341401833952,1.0,0.07970341401833952,0.08015684427602654,False
KLF4,NAMPT,0.08677393539757468,1.0,0.08677393539757468,0.12486344966040862,False
KLF5,NAMPT,0.005693570822823013,1.0,0.005693570822823013,0.06030212099892157,False
RUNX1,NAMPT,0.3484797369925948,1.0,0.3484797369925948,0.24175749266782198,False
RUNX2,NAMPT,0.00020453032298831694,1.0,0.00020453032298831694,0.030788987795198952,False
FOXO1,NAMPT,0.03005496648742715,1.0,0.03005496648742715,0.0748860673028027,False
FOXO3,NAMPT,0.03897793475036234,1.0,0.03897793475036234,0.06096953233839912,False
HIF1A,NAMPT,0.08190953978725912,1.0,0.08190953978725912,0.14173209248451168,False
TEAD1,NAMPT,0.006761492491218579,1.0,0.006761492491218579,0.03653634201967249,False
YAP1,NAMPT,0.007997235741376658,1.0,0.007997235741376658,0.05500262776271921,False
WWTR1,NAMPT,0.012876111427980312,1.0,0.012876111427980312,0.07952543242651587,False
PPARG,NEAT1,0.002042082010806559,-1.0,-0.002042082010806559,-0.039035052054409616,False
SMAD3,NEAT1,0.08825510910950109,-1.0,-0.08825510910950109,-0.027872616996537425,False
STAT3,NEAT1,0.08520480025947773,-1.0,-0.08520480025947773,-0.04329271089590813,False
CEBPA,NEAT1,0.003340234951428213,1.0,0.003340234951428213,0.00083928654334107,False
JUN,NEAT1,0.15967052787818503,1.0,0.15967052787818503,0.1258056465245553,False
FOS,NEAT1,0.203812202234303,1.0,0.203812202234303,0.15057625761731594,False
KLF4,NEAT1,0.10506607880468784,1.0,0.10506607880468784,0.00035862429141360065,False
KLF5,NEAT1,0.007980577342841617,1.0,0.007980577342841617,0.017941964342462778,False
RUNX1,NEAT1,0.015886198394630926,-1.0,-0.015886198394630926,-0.013397882493720802,False
RUNX2,NEAT1,0.0014759594115260606,-1.0,-0.0014759594115260606,-0.0064654240901003135,False
FOXO1,NEAT1,0.05028286200562831,-1.0,-0.05028286200562831,-0.09123713617853522,False
FOXO3,NEAT1,0.14511795954227052,-1.0,-0.14511795954227052,-0.16353414321386314,False
HIF1A,NEAT1,0.027034468426914347,-1.0,-0.027034468426914347,-0.042827625205771984,False
TEAD1,NEAT1,0.0496028568171338,-1.0,-0.0496028568171338,-0.01711007031678646,False
YAP1,NEAT1,0.012476771918810685,-1.0,-0.012476771918810685,-0.03788642210080076,False
WWTR1,NEAT1,0.04275131089185426,-1.0,-0.04275131089185426,-0.07335628274700896,False
PPARG,OGN,0.0014737556015830431,-1.0,-0.0014737556015830431,-0.008610934419709913,False
SMAD3,OGN,0.05176441424693978,1.0,0.05176441424693978,0.0016697561928669246,False
STAT3,OGN,0.04488390126971088,1.0,0.04488390126971088,0.0034306130484426925,False
CEBPA,OGN,8.391167361490999e-05,1.0,8.391167361490999e-05,0.007466288038524856,False
JUN,OGN,0.037775419042377044,1.0,0.037775419042377044,0.007173535953172593,False
FOS,OGN,0.05602569667706438,1.0,0.05602569667706438,0.033806654362052276,False
KLF4,OGN,0.11143068315752512,-1.0,-0.11143068315752512,-0.03866403517008549,False
KLF5,OGN,0.00927331486432014,1.0,0.00927331486432014,0.04501860120172223,False
RUNX1,OGN,0.18856396202858677,1.0,0.18856396202858677,0.12687483874653302,False
RUNX2,OGN,0.003914533748583079,1.0,0.003914533748583079,0.05162985565871614,False
FOXO1,OGN,0.03642379176860386,1.0,0.03642379176860386,0.02686783900292619,False
FOXO3,OGN,0.06867538633169631,-1.0,-0.06867538633169631,-0.03735117103313449,False
HIF1A,OGN,0.07993490763098499,1.0,0.07993490763098499,0.08721836645775408,False
TEAD1,OGN,0.11399315722794012,1.0,0.11399315722794012,0.08574135484353432,False
YAP1,OGN,0.08080163670049371,1.0,0.08080163670049371,0.0838388016253509,False
WWTR1,OGN,0.11498152802997595,1.0,0.11498152802997595,0.09105485166554776,False
PPARG,PLAU,0.0007254784599872623,-1.0,-0.0007254784599872623,-0.005463228199407698,False
SMAD3,PLAU,0.01591365808975003,1.0,0.01591365808975003,0.010866510934031542,False
STAT3,PLAU,0.045421975168818345,1.0,0.045421975168818345,0.021582440776666514,False
CEBPA,PLAU,0.001740403253640805,1.0,0.001740403253640805,0.005172843956654411,False
JUN,PLAU,0.10934517631537358,-1.0,-0.10934517631537358,-0.022796787070189103,False
FOS,PLAU,0.10421783426097721,1.0,0.10421783426097721,0.01277429952171776,False
KLF4,PLAU,0.03808548965891342,1.0,0.03808548965891342,0.037145409639550736,False
KLF5,PLAU,0.009579976678930818,-1.0,-0.009579976678930818,-0.010562352297095803,False
RUNX1,PLAU,0.20840363159207295,1.0,0.20840363159207295,0.12534410123011974,False
RUNX2,PLAU,0.002002664213098341,1.0,0.002002664213098341,0.021860553820441008,False
FOXO1,PLAU,0.1101579668717046,-1.0,-0.1101579668717046,-0.08226293858902546,False
FOXO3,PLAU,0.2761364312648046,-1.0,-0.2761364312648046,-0.12632507640432702,False
HIF1A,PLAU,0.03315016498946201,1.0,0.03315016498946201,0.05586112150262805,False
TEAD1,PLAU,0.013398977198006904,-1.0,-0.013398977198006904,-0.010648658642814009,False
YAP1,PLAU,0.011161180366099976,1.0,0.011161180366099976,0.024227762645230466,False
WWTR1,PLAU,0.02055899161835923,1.0,0.02055899161835923,0.02922642507077137,False
PPARG,PLAUR,0.0015522337357895236,-1.0,-0.0015522337357895236,-0.00021569020231957268,False
SMAD3,PLAUR,0.026739974343374294,1.0,0.026739974343374294,0.03554296162368099,False
STAT3,PLAUR,0.0581871638849892,1.0,0.0581871638849892,0.04280910555131862,False
CEBPA,PLAUR,0.0019434975559922032,1.0,0.0019434975559922032,0.014591683300214145,False
JUN,PLAUR,0.11609077657110607,-1.0,-0.11609077657110607,-0.06257372784605449,False
FOS,PLAUR,0.0884905510410877,-1.0,-0.0884905510410877,-0.0006706803899249695,False
KLF4,PLAUR,0.12501786404787715,1.0,0.12501786404787715,0.10732113146209207,False
KLF5,PLAUR,0.00858470563456452,1.0,0.00858470563456452,0.041192664680247196,False
RUNX1,PLAUR,0.36235636565833074,1.0,0.36235636565833074,0.19019791454987817,False
RUNX2,PLAUR,0.003000461378055969,-1.0,-0.003000461378055969,-0.010803978120880865,False
FOXO1,PLAUR,0.046323728655439045,-1.0,-0.046323728655439045,-0.019886292059043374,False
FOXO3,PLAUR,0.05891784506192649,-1.0,-0.05891784506192649,-0.0401200180969276,False
HIF1A,PLAUR,0.03710790310521158,1.0,0.03710790310521158,0.08295420070914832,False
TEAD1,PLAUR,0.02711160866498556,-1.0,-0.02711160866498556,-0.019625183218642237,False
YAP1,PLAUR,0.009805735017710466,1.0,0.009805735017710466,0.01570245410582879,False
WWTR1,PLAUR,0.028769585643559453,1.0,0.028769585643559453,0.056263667684959856,False
PPARG,POSTN,0.0011034166227682225,-1.0,-0.0011034166227682225,-0.007529203286097901,True
SMAD3,POSTN,0.028794612114977754,-1.0,-0.028794612114977754,-0.027447805539029962,True
STAT3,POSTN,0.07644579907070555,-1.0,-0.07644579907070555,-0.025854158218538627,True
CEBPA,POSTN,0.0006087804644361375,-1.0,-0.0006087804644361375,-0.011061687395844108,True
JUN,POSTN,0.14904681794997096,-1.0,-0.14904681794997096,-0.052898007306258064,True
FOS,POSTN,0.09379662494986722,1.0,0.09379662494986722,0.013875831138480123,True
KLF4,POSTN,0.09144824342362767,-1.0,-0.09144824342362767,-0.012392473980941565,True
KLF5,POSTN,0.048824845977203685,1.0,0.048824845977203685,0.051027205090717793,True
RUNX1,POSTN,0.21156889045534524,1.0,0.21156889045534524,0.11757766845669267,True
RUNX2,POSTN,0.01880437259191528,1.0,0.01880437259191528,0.016573769639483083,True
FOXO1,POSTN,0.03069594518386113,-1.0,-0.03069594518386113,-0.03960088447594232,True
FOXO3,POSTN,0.10665522527365516,-1.0,-0.10665522527365516,-0.049099062465037986,True
HIF1A,POSTN,0.05056152946683638,1.0,0.05056152946683638,0.0537314999214338,True
TEAD1,POSTN,0.00823270598571044,-1.0,-0.00823270598571044,-0.012048110360390165,True
YAP1,POSTN,0.039321560740370014,1.0,0.039321560740370014,0.0027545803321115813,True
WWTR1,POSTN,0.04409062972874908,1.0,0.04409062972874908,0.01420230125373101,True
SMAD3,PPARG,0.04394645600352244,1.0,0.04394645600352244,0.030948214561641645,True
STAT3,PPARG,0.08217003656821159,1.0,0.08217003656821159,0.04003390574813772,True
CEBPA,PPARG,0.08435003475672635,1.0,0.08435003475672635,0.06575547266207996,True
JUN,PPARG,0.05848135235808621,1.0,0.05848135235808621,0.002749803433074231,True
FOS,PPARG,0.042617847647285934,-1.0,-0.042617847647285934,-0.006832355027176871,True
KLF4,PPARG,0.059006418533827557,1.0,0.059006418533827557,0.004640361921915432,True
KLF5,PPARG,0.0361549482737981,1.0,0.0361549482737981,0.024489492531391648,True
RUNX1,PPARG,0.030540634269758775,1.0,0.030540634269758775,0.01445155787021828,True
RUNX2,PPARG,0.001631369137015818,1.0,0.001631369137015818,0.020794859526018384,True
FOXO1,PPARG,0.13991928021330335,1.0,0.13991928021330335,0.07697858960193374,True
FOXO3,PPARG,0.1517088439295323,1.0,0.1517088439295323,0.07145395234512406,True
HIF1A,PPARG,0.05785005018691497,1.0,0.05785005018691497,0.04671203757230458,True
TEAD1,PPARG,0.09632369897747961,1.0,0.09632369897747961,0.05691719241999499,True
YAP1,PPARG,0.0465739615477319,1.0,0.0465739615477319,0.034336436294295676,True
WWTR1,PPARG,0.06872506759680518,1.0,0.06872506759680518,0.05165514895510386,True
PPARG,PRSS23,0.006026480966124998,-1.0,-0.006026480966124998,-0.03575997647045994,False
SMAD3,PRSS23,0.05433259701691948,1.0,0.05433259701691948,0.058048677465827946,False
STAT3,PRSS23,0.04851496105741404,-1.0,-0.04851496105741404,-0.02034659595595124,False
CEBPA,PRSS23,0.010854109639901919,-1.0,-0.010854109639901919,-0.03003573062441981,False
JUN,PRSS23,0.09147773086625487,-1.0,-0.09147773086625487,-0.02877579217801503,False
FOS,PRSS23,0.05969235748451511,1.0,0.05969235748451511,0.013667006122456424,False
KLF4,PRSS23,0.2183829229186963,1.0,0.2183829229186963,0.11452597271388948,False
KLF5,PRSS23,0.012799133540621727,1.0,0.012799133540621727,0.01501454832740689,False
RUNX1,PRSS23,0.13007000047637562,1.0,0.13007000047637562,0.12271039268509273,False
RUNX2,PRSS23,0.0038498617616403584,1.0,0.0038498617616403584,0.019350206660874746,False
FOXO1,PRSS23,0.03477364972574308,-1.0,-0.03477364972574308,-0.046190641534593894,False
FOXO3,PRSS23,0.2656021766729162,-1.0,-0.2656021766729162,-0.13220480301149248,False
HIF1A,PRSS23,0.01147560372325856,1.0,0.01147560372325856,0.043497701107251284,False
TEAD1,PRSS23,0.010529559562790955,1.0,0.010529559562790955,0.007596625502011045,False
YAP1,PRSS23,0.01317402424068009,1.0,0.01317402424068009,0.027783607818081892,False
WWTR1,PRSS23,0.02844483034614683,1.0,0.02844483034614683,0.0379972941947845,False
PPARG,RGCC,0.0010190414800357616,1.0,0.0010190414800357616,0.013522003173139318,False
SMAD3,RGCC,0.03124991874053296,-1.0,-0.03124991874053296,-0.011074826937136066,False
STAT3,RGCC,0.09607768662732329,-1.0,-0.09607768662732329,-0.03973576675341648,False
CEBPA,RGCC,0.0006406288838305357,-1.0,-0.0006406288838305357,-0.007957152466528375,False
JUN,RGCC,0.27493177197360336,-1.0,-0.27493177197360336,-0.1093827322094972,False
FOS,RGCC,0.026636514697415764,-1.0,-0.026636514697415764,-0.010982432274170945,False
KLF4,RGCC,0.18075375636880242,1.0,0.18075375636880242,0.10574815167072206,False
KLF5,RGCC,0.02189737612633707,1.0,0.02189737612633707,0.05662597341555253,False
RUNX1,RGCC,0.23953562327324784,1.0,0.23953562327324784,0.15366635085213382,False
RUNX2,RGCC,0.00019417701566596903,1.0,0.00019417701566596903,0.009512286757864002,False
FOXO1,RGCC,0.030492835866503223,1.0,0.030492835866503223,0.010524325254878734,False
FOXO3,RGCC,0.03855168663763375,-1.0,-0.03855168663763375,-0.011672779146234748,False
HIF1A,RGCC,0.0255244590387128,1.0,0.0255244590387128,0.05796613535868715,False
TEAD1,RGCC,0.008036286567487732,1.0,0.008036286567487732,0.0037570945488406954,False
YAP1,RGCC,0.009944292793673088,1.0,0.009944292793673088,0.00799210477503039,False
WWTR1,RGCC,0.014513943909194492,1.0,0.014513943909194492,0.024125985420718546,False
PPARG,RPL13,1.597457237438213e-05,-1.0,-1.597457237438213e-05,-0.05008759995905642,False
SMAD3,RPL13,0.04578449326651303,-1.0,-0.04578449326651303,-0.18261000100889757,False
STAT3,RPL13,0.1328007821260623,-1.0,-0.1328007821260623,-0.20306286075487126,False
CEBPA,RPL13,0.0017930525813880847,-1.0,-0.0017930525813880847,-0.005640957234289624,False
JUN,RPL13,0.1664200000522554,1.0,0.1664200000522554,0.010841937364987203,False
FOS,RPL13,0.30116023188456564,1.0,0.30116023188456564,0.14265117781642597,False
KLF4,RPL13,0.07882288545467653,-1.0,-0.07882288545467653,-0.039145727400820514,False
KLF5,RPL13,0.0008396118731605781,-1.0,-0.0008396118731605781,-0.009078770946722348,False
RUNX1,RPL13,0.020148115348137808,-1.0,-0.020148115348137808,-0.006370079748267692,False
RUNX2,RPL13,0.00021099179794442717,-1.0,-0.00021099179794442717,-0.04637479601842814,False
FOXO1,RPL13,0.025523612706411083,-1.0,-0.025523612706411083,-0.19320389021982717,False
FOXO3,RPL13,0.14913842798413632,-1.0,-0.14913842798413632,-0.1876824080763543,False
HIF1A,RPL13,0.005201338041541593,-1.0,-0.005201338041541593,-0.06354559435475508,False
TEAD1,RPL13,0.02303871687668353,-1.0,-0.02303871687668353,-0.13642261963788363,False
YAP1,RPL13,0.011901542476341825,-1.0,-0.011901542476341825,-0.12537162405296706,False
WWTR1,RPL13,0.037200222957807456,-1.0,-0.037200222957807456,-0.11226689919614842,False
PPARG,RPL21,2.350943753300594e-05,-1.0,-2.350943753300594e-05,-0.03803530106593762,False
SMAD3,RPL21,0.05325335455911254,-1.0,-0.05325335455911254,-0.15980056170459395,False
STAT3,RPL21,0.05402294949247755,-1.0,-0.05402294949247755,-0.0944792628423684,False
CEBPA,RPL21,0.0001470562401338033,-1.0,-0.0001470562401338033,-0.038716693129243064,False
JUN,RPL21,0.21902434218876599,-1.0,-0.21902434218876599,-0.18379819118357618,False
FOS,RPL21,0.11737898287980929,-1.0,-0.11737898287980929,-0.12152347116052599,False
KLF4,RPL21,0.13931444913890825,1.0,0.13931444913890825,0.005159527933162346,False
KLF5,RPL21,0.0019053258046250157,-1.0,-0.0019053258046250157,-0.005519017390029153,False
RUNX1,RPL21,0.05137003647672447,1.0,0.05137003647672447,0.015633189738857477,False
RUNX2,RPL21,4.063382547467872e-05,-1.0,-4.063382547467872e-05,-0.04601780373514927,False
FOXO1,RPL21,0.1445186506393132,-1.0,-0.1445186506393132,-0.22003516941662687,False
FOXO3,RPL21,0.061091605254616536,-1.0,-0.061091605254616536,-0.10704876448011784,False
HIF1A,RPL21,0.004080898776044629,-1.0,-0.004080898776044629,-0.05440887184101488,False
TEAD1,RPL21,0.12873397089413363,-1.0,-0.12873397089413363,-0.20708179541912075,False
YAP1,RPL21,0.014900142091424796,-1.0,-0.014900142091424796,-0.13492280581280122,False
WWTR1,RPL21,0.010194092300902515,-1.0,-0.010194092300902515,-0.10787533155592889,False
PPARG,RPL41,6.201555206260773e-05,-1.0,-6.201555206260773e-05,-0.02976488301747339,False
SMAD3,RPL41,0.05521839641831596,-1.0,-0.05521839641831596,-0.15662397108687542,False
STAT3,RPL41,0.0468879011004396,-1.0,-0.0468879011004396,-0.10712678560370645,False
CEBPA,RPL41,0.00016001626932020803,-1.0,-0.00016001626932020803,-0.03289770000650175,False
JUN,RPL41,0.20165796357922003,-1.0,-0.20165796357922003,-0.1747257378732953,False
FOS,RPL41,0.08619854116327544,-1.0,-0.08619854116327544,-0.11054924124407797,False
KLF4,RPL41,0.13300627965164302,-1.0,-0.13300627965164302,-0.006851807436439612,False
KLF5,RPL41,0.001991655472316501,1.0,0.001991655472316501,0.012291717154544239,False
RUNX1,RPL41,0.07582209900111499,1.0,0.07582209900111499,0.03533079815455945,False
RUNX2,RPL41,3.823606968358562e-05,-1.0,-3.823606968358562e-05,-0.026604996768357304,False
FOXO1,RPL41,0.14730100659635798,-1.0,-0.14730100659635798,-0.20495740800290907,False
FOXO3,RPL41,0.07028001580147562,-1.0,-0.07028001580147562,-0.1011430233253789,False
HIF1A,RPL41,0.006906497320181801,-1.0,-0.006906497320181801,-0.054363864235407185,False
TEAD1,RPL41,0.15174197526476801,-1.0,-0.15174197526476801,-0.2051013315043383,False
YAP1,RPL41,0.009225474992048871,-1.0,-0.009225474992048871,-0.1335077860011743,False
WWTR1,RPL41,0.013501925747775746,-1.0,-0.013501925747775746,-0.10297142737239548,False
PPARG,RUNX1,0.0005932429388008483,1.0,0.0005932429388008483,0.014451557870218278,False
SMAD3,RUNX1,0.037361885990149925,1.0,0.037361885990149925,0.049180164820390004,False
STAT3,RUNX1,0.14273304237362638,1.0,0.14273304237362638,0.08220125558169492,False
CEBPA,RUNX1,0.0014292556056895555,-1.0,-0.0014292556056895555,-0.011198797481385138,False
JUN,RUNX1,0.15263906344085593,-1.0,-0.15263906344085593,-0.09289871202211507,False
FOS,RUNX1,0.04395010844401304,-1.0,-0.04395010844401304,-0.0227125854642312,False
KLF4,RUNX1,0.08359743211413596,1.0,0.08359743211413596,0.06022812045230502,False
KLF5,RUNX1,0.01988039796701169,1.0,0.01988039796701169,0.042285997212077084,False
RUNX2,RUNX1,0.017619685272609754,1.0,0.017619685272609754,0.046693217097084926,False
FOXO1,RUNX1,0.03963308847267997,-1.0,-0.03963308847267997,-0.0063314596256146246,False
FOXO3,RUNX1,0.06986102430461054,-1.0,-0.06986102430461054,-0.03597412128450456,False
HIF1A,RUNX1,0.20913452761885068,1.0,0.20913452761885068,0.1363958708312628,False
TEAD1,RUNX1,0.027002545842862432,1.0,0.027002545842862432,0.04107550350971858,False
YAP1,RUNX1,0.01499050704683222,1.0,0.01499050704683222,0.049734622344897304,False
WWTR1,RUNX1,0.13957419256727105,1.0,0.13957419256727105,0.10690371379344454,False
PPARG,RUNX2,0.006040830988906226,1.0,0.006040830988906226,0.020794859526018384,False
SMAD3,RUNX2,0.047461052308390116,1.0,0.047461052308390116,0.006281084771556744,False
STAT3,RUNX2,0.08786123929140241,1.0,0.08786123929140241,0.017944466517542952,False
CEBPA,RUNX2,0.08443280709916437,1.0,0.08443280709916437,0.05018990993143688,False
JUN,RUNX2,0.07199972974460106,-1.0,-0.07199972974460106,-0.00713895886428028,False
FOS,RUNX2,0.10008978179590192,-1.0,-0.10008978179590192,-0.007040502993063865,False
KLF4,RUNX2,0.10844170438942224,-1.0,-0.10844170438942224,-0.02853281237960872,False
KLF5,RUNX2,0.03430523682847798,1.0,0.03430523682847798,0.01885419362320244,False
RUNX1,RUNX2,0.09268001902526699,1.0,0.09268001902526699,0.046693217097084926,False
FOXO1,RUNX2,0.05501688868355453,1.0,0.05501688868355453,0.017992804797612002,False
FOXO3,RUNX2,0.09901794066629084,1.0,0.09901794066629084,0.03995445390780382,False
HIF1A,RUNX2,0.045734613881859454,1.0,0.045734613881859454,0.00818592022408295,False
TEAD1,RUNX2,0.04132234431365431,1.0,0.04132234431365431,0.023610334453590016,False
YAP1,RUNX2,0.03142642562002894,1.0,0.03142642562002894,0.02236155416495645,False
WWTR1,RUNX2,0.0941693853630784,1.0,0.0941693853630784,0.04241492029415373,False
PPARG,S100A10,0.001033604639057098,-1.0,-0.001033604639057098,-0.08281668934299341,False
SMAD3,S100A10,0.010326770366101176,-1.0,-0.010326770366101176,-0.013439427662963941,False
STAT3,S100A10,0.09676117124209725,-1.0,-0.09676117124209725,-0.1874378575537243,False
CEBPA,S100A10,0.0015081703503155772,-1.0,-0.0015081703503155772,-0.06002640769528459,False
JUN,S100A10,0.09526519506849485,1.0,0.09526519506849485,0.03558047339528422,False
FOS,S100A10,0.0585044731059434,1.0,0.0585044731059434,0.05596485485108876,False
KLF4,S100A10,0.12083165120064412,1.0,0.12083165120064412,0.11736182541830052,False
KLF5,S100A10,0.009141744244073694,-1.0,-0.009141744244073694,-0.047681632600751284,False
RUNX1,S100A10,0.008989755625425944,1.0,0.008989755625425944,0.0074888775403661,False
RUNX2,S100A10,0.000935647745733145,-1.0,-0.000935647745733145,-0.07729817426249616,False
FOXO1,S100A10,0.04809811178437022,-1.0,-0.04809811178437022,-0.17747378781736584,False
FOXO3,S100A10,0.5081184820373836,-1.0,-0.5081184820373836,-0.3548022109868033,False
HIF1A,S100A10,0.008955052043134031,-1.0,-0.008955052043134031,-0.03666420265869333,False
TEAD1,S100A10,0.00992994789375395,-1.0,-0.00992994789375395,-0.05264804443410777,False
YAP1,S100A10,0.008227578261614318,-1.0,-0.008227578261614318,-0.06264822762988252,False
WWTR1,S100A10,0.013372644391857634,-1.0,-0.013372644391857634,-0.0913622529422623,False
PPARG,S100A4,0.0034420999441910722,-1.0,-0.0034420999441910722,-0.1022202518168624,False
SMAD3,S100A4,0.01698957674711488,-1.0,-0.01698957674711488,-0.07635025899457144,False
STAT3,S100A4,0.06555129069925908,-1.0,-0.06555129069925908,-0.2197465770425032,False
CEBPA,S100A4,0.005033377013947165,-1.0,-0.005033377013947165,-0.07022164535216172,False
JUN,S100A4,0.055781058472505536,1.0,0.055781058472505536,0.09520704578866439,False
FOS,S100A4,0.04064911570251398,1.0,0.04064911570251398,0.13702152508230805,False
KLF4,S100A4,0.04341879901711283,1.0,0.04341879901711283,0.09654162833893423,False
KLF5,S100A4,0.0031889532144190437,-1.0,-0.0031889532144190437,-0.03685294640972356,False
RUNX1,S100A4,0.010652816137766375,-1.0,-0.010652816137766375,-0.016369600410772518,False
RUNX2,S100A4,7.984566071186402e-05,-1.0,-7.984566071186402e-05,-0.06914290366018039,False
FOXO1,S100A4,0.15113232420429903,-1.0,-0.15113232420429903,-0.23117532946537747,False
FOXO3,S100A4,0.5697612099266965,-1.0,-0.5697612099266965,-0.3868708686645163,False
HIF1A,S100A4,0.0076868476628432665,-1.0,-0.0076868476628432665,-0.0626271449943155,False
TEAD1,S100A4,0.010158852687419392,-1.0,-0.010158852687419392,-0.0856301913661897,False
YAP1,S100A4,0.0039477334739965305,-1.0,-0.0039477334739965305,-0.0831051808368661,False
WWTR1,S100A4,0.012526099435203563,-1.0,-0.012526099435203563,-0.12813186874827523,False
PPARG,SFRP2,0.00027549292357068386,1.0,0.00027549292357068386,0.004991703080431305,False
SMAD3,SFRP2,0.04112646532066122,-1.0,-0.04112646532066122,-0.011485163960933463,False
STAT3,SFRP2,0.09429200490819689,-1.0,-0.09429200490819689,-0.03225605745891051,False
CEBPA,SFRP2,0.0018575937111747953,1.0,0.0018575937111747953,0.03141412371698427,False
JUN,SFRP2,0.05850640724365075,1.0,0.05850640724365075,0.009616564728338373,False
FOS,SFRP2,0.11502196463962304,1.0,0.11502196463962304,0.08373982377975794,False
KLF4,SFRP2,0.03626394531193385,1.0,0.03626394531193385,0.006525348781573089,False
KLF5,SFRP2,0.02312132787932408,1.0,0.02312132787932408,0.04900135310975579,False
RUNX1,SFRP2,0.2232148708983761,1.0,0.2232148708983761,0.15346709883100032,False
RUNX2,SFRP2,0.006196571827871631,1.0,0.006196571827871631,0.03908489813980673,False
FOXO1,SFRP2,0.04424787370615534,-1.0,-0.04424787370615534,-0.04129226960701143,False
FOXO3,SFRP2,0.18523475117215835,-1.0,-0.18523475117215835,-0.08883923299939012,False
HIF1A,SFRP2,0.06691445392174107,1.0,0.06691445392174107,0.09188329121430211,False
TEAD1,SFRP2,0.05334536476661799,1.0,0.05334536476661799,0.060432261169247665,False
YAP1,SFRP2,0.024466352646676817,1.0,0.024466352646676817,0.05802899326608018,False
WWTR1,SFRP2,0.0259145591222674,1.0,0.0259145591222674,0.04847069741168692,False
PPARG,SFRP4,0.00617199919344665,-1.0,-0.00617199919344665,-0.05942324783166248,False
SMAD3,SFRP4,0.04080572972769015,-1.0,-0.04080572972769015,-0.025963730313675916,False
STAT3,SFRP4,0.05851187877872862,-1.0,-0.05851187877872862,-0.037729637266019814,False
CEBPA,SFRP4,0.00674588822175804,-1.0,-0.00674588822175804,-0.03359825128403411,False
JUN,SFRP4,0.06530514076724632,-1.0,-0.06530514076724632,-0.011369822321583147,False
FOS,SFRP4,0.05588155886633295,1.0,0.05588155886633295,0.024404766382023955,False
KLF4,SFRP4,0.09129752671895708,1.0,0.09129752671895708,0.08094547510203244,False
KLF5,SFRP4,0.006562917877538087,1.0,0.006562917877538087,0.049115602018459645,False
RUNX1,SFRP4,0.17820544878443476,1.0,0.17820544878443476,0.1352528651133273,False
RUNX2,SFRP4,0.0013242479172082566,1.0,0.0013242479172082566,0.004307646416244497,False
FOXO1,SFRP4,0.07865670708420182,-1.0,-0.07865670708420182,-0.09240838488666638,False
FOXO3,SFRP4,0.3638198591222538,-1.0,-0.3638198591222538,-0.1694842530592781,False
HIF1A,SFRP4,0.014048187643646253,1.0,0.014048187643646253,0.030365993833346833,False
TEAD1,SFRP4,0.01124815352636441,-1.0,-0.01124815352636441,-0.01897948222915754,False
YAP1,SFRP4,0.00995416195347522,1.0,0.00995416195347522,0.003727662095895668,False
WWTR1,SFRP4,0.011460593816717598,1.0,0.011460593816717598,0.0166463133237978,False
PPARG,SMAD3,0.0038443605580547355,1.0,0.0038443605580547355,0.030948214561641648,False
STAT3,SMAD3,0.13371615113299784,1.0,0.13371615113299784,0.0972802890183699,False
CEBPA,SMAD3,0.0006822122810403541,1.0,0.0006822122810403541,0.010190626638579782,False
JUN,SMAD3,0.0668506747730091,-1.0,-0.0668506747730091,-0.04125649935719238,False
FOS,SMAD3,0.1109326176016351,-1.0,-0.1109326176016351,-0.062351676717923264,False
KLF4,SMAD3,0.08204870229780661,1.0,0.08204870229780661,0.052518290837955686,False
KLF5,SMAD3,0.008644761770929703,-1.0,-0.008644761770929703,-0.012556293001533107,False
RUNX1,SMAD3,0.03959637963121189,1.0,0.03959637963121189,0.049180164820390004,False
RUNX2,SMAD3,0.0012912707125244773,1.0,0.0012912707125244773,0.006281084771556744,False
FOXO1,SMAD3,0.1967520427381402,1.0,0.1967520427381402,0.1360315379197048,False
FOXO3,SMAD3,0.1031657039297551,1.0,0.1031657039297551,0.08718133855871028,False
HIF1A,SMAD3,0.04744590520759262,1.0,0.04744590520759262,0.07673546386098416,False
TEAD1,SMAD3,0.10861924362057548,1.0,0.10861924362057548,0.1178805314187578,False
YAP1,SMAD3,0.05775446366643916,1.0,0.05775446366643916,0.09702259994379064,False
WWTR1,SMAD3,0.038655510078287506,1.0,0.038655510078287506,0.08500805256824262,False
PPARG,SOCS3,0.00011164381282851278,1.0,0.00011164381282851278,0.004130381394470406,False
SMAD3,SOCS3,0.005276129508822595,-1.0,-0.005276129508822595,-0.0020250385556923626,False
STAT3,SOCS3,0.04747451701192681,1.0,0.04747451701192681,0.1578521148647179,False
CEBPA,SOCS3,0.00013653206648604372,1.0,0.00013653206648604372,0.03620410344333643,False
JUN,SOCS3,0.08989992869608811,1.0,0.08989992869608811,0.3236986019636899,False
FOS,SOCS3,0.5380543750441869,1.0,0.5380543750441869,0.4332114151337832,False
KLF4,SOCS3,0.188540519508722,1.0,0.188540519508722,0.3129334913661767,False
KLF5,SOCS3,0.002074402740735577,1.0,0.002074402740735577,0.09707872521497561,False
RUNX1,SOCS3,0.06979690655573202,1.0,0.06979690655573202,0.1398256978114801,False
RUNX2,SOCS3,9.197459661177177e-05,1.0,9.197459661177177e-05,0.007920247121978901,False
FOXO1,SOCS3,0.013585112456983146,-1.0,-0.013585112456983146,-0.061365855507827,False
FOXO3,SOCS3,0.02918875075443534,-1.0,-0.02918875075443534,-0.06738720960999021,False
HIF1A,SOCS3,0.005777839962526609,1.0,0.005777839962526609,0.030340410177592172,False
TEAD1,SOCS3,0.0038168914761097083,-1.0,-0.0038168914761097083,-0.0427268850046521,False
YAP1,SOCS3,0.001936411215323006,-1.0,-0.001936411215323006,-0.010141686833460636,False
WWTR1,SOCS3,0.004238064592481837,1.0,0.004238064592481837,0.009617060045090846,False
PPARG,SPARC,0.0005416952452238823,-1.0,-0.0005416952452238823,-0.021209984926124015,False
SMAD3,SPARC,0.03378412894380218,1.0,0.03378412894380218,0.027641801721448183,False
STAT3,SPARC,0.14943702901342623,-1.0,-0.14943702901342623,-0.0799501783866661,False
CEBPA,SPARC,0.00045018508307490614,-1.0,-0.00045018508307490614,-0.010118249533586718,False
JUN,SPARC,0.07620280093478073,-1.0,-0.07620280093478073,-0.03447257148546713,False
FOS,SPARC,0.06192886101428083,-1.0,-0.06192886101428083,-0.005276433449715079,False
KLF4,SPARC,0.19623030483864287,1.0,0.19623030483864287,0.10007744798560009,False
KLF5,SPARC,0.008459323940092302,-1.0,-0.008459323940092302,-0.02416516682834994,False
RUNX1,SPARC,0.08511971637852482,1.0,0.08511971637852482,0.09610475139110533,False
RUNX2,SPARC,0.000748540303104383,1.0,0.000748540303104383,0.006142815494549296,False
FOXO1,SPARC,0.022543446377111764,-1.0,-0.022543446377111764,-0.04303972469050163,False
FOXO3,SPARC,0.27781819548699493,-1.0,-0.27781819548699493,-0.1504753883652135,False
HIF1A,SPARC,0.02703541887448996,1.0,0.02703541887448996,0.05296749749846994,False
TEAD1,SPARC,0.020171524024237678,1.0,0.020171524024237678,0.035000200508990206,False
YAP1,SPARC,0.0112080844914953,1.0,0.0112080844914953,0.029956349510252358,False
WWTR1,SPARC,0.02832074505071734,1.0,0.02832074505071734,0.0411833791652151,False
PPARG,SPP1,3.22080785694478e-05,-1.0,-3.22080785694478e-05,-0.006600179206804356,True
SMAD3,SPP1,0.025362514989066293,-1.0,-0.025362514989066293,-0.013201899597022771,True
STAT3,SPP1,0.1355771468943075,-1.0,-0.1355771468943075,-0.00028654974269133805,True
JUN,SPP1,0.12439386876341073,-1.0,-0.12439386876341073,-0.017524762585326398,True
FOS,SPP1,0.11721718573652656,1.0,0.11721718573652656,0.01890926645923887,True
KLF4,SPP1,0.13457039291345685,1.0,0.13457039291345685,0.005217170586337699,True
KLF5,SPP1,0.021357663646068375,1.0,0.021357663646068375,0.0037428326251561254,True
RUNX1,SPP1,0.07588883522626381,1.0,0.07588883522626381,0.028541880019112523,True
RUNX2,SPP1,0.02053866876807878,1.0,0.02053866876807878,0.01237252793176232,True
FOXO1,SPP1,0.052814690951257924,-1.0,-0.052814690951257924,-0.012393676901786273,True
FOXO3,SPP1,0.10824326834950607,-1.0,-0.10824326834950607,-0.005022478142368963,True
HIF1A,SPP1,0.10926337946252405,1.0,0.10926337946252405,0.024585678867341573,True
TEAD1,SPP1,0.023967697847134675,-1.0,-0.023967697847134675,-0.008884835989483008,True
YAP1,SPP1,0.005353620131772508,-1.0,-0.005353620131772508,-0.01484889848013761,True
WWTR1,SPP1,0.04541885824205639,-1.0,-0.04541885824205639,-0.0035119479755056373,True
PPARG,STAT3,0.0009488444182416864,1.0,0.0009488444182416864,0.04003390574813771,False
SMAD3,STAT3,0.07783078791143988,1.0,0.07783078791143988,0.0972802890183699,False
CEBPA,STAT3,0.0005808439579362188,1.0,0.0005808439579362188,0.0286310255568101,False
JUN,STAT3,0.08228447498083372,1.0,0.08228447498083372,0.05601043768674917,False
FOS,STAT3,0.22933534005925021,1.0,0.22933534005925021,0.05912784345610677,False
KLF4,STAT3,0.04049655767785491,1.0,0.04049655767785491,0.0582899280055399,False
KLF5,STAT3,0.007165074206289779,1.0,0.007165074206289779,0.03402118770648241,False
RUNX1,STAT3,0.0946541804444744,1.0,0.0946541804444744,0.08220125558169493,False
RUNX2,STAT3,0.0005183812637701816,1.0,0.0005183812637701816,0.017944466517542952,False
FOXO1,STAT3,0.1002261410169996,1.0,0.1002261410169996,0.11185729683709673,False
FOXO3,STAT3,0.23466925176691886,1.0,0.23466925176691886,0.13967826617485882,False
HIF1A,STAT3,0.023731315696157173,1.0,0.023731315696157173,0.05761692657422381,False
TEAD1,STAT3,0.030209532903962794,1.0,0.030209532903962794,0.05132818029811817,False
YAP1,STAT3,0.025889078100683305,1.0,0.025889078100683305,0.06166276948525532,False
WWTR1,STAT3,0.051460195595187316,1.0,0.051460195595187316,0.08827651213497892,False
PPARG,TEAD1,0.029020756025152906,1.0,0.029020756025152906,0.05691719241999499,False
SMAD3,TEAD1,0.14947813572987936,1.0,0.14947813572987936,0.11788053141875782,False
STAT3,TEAD1,0.051378709601055915,1.0,0.051378709601055915,0.05132818029811816,False
CEBPA,TEAD1,0.006039089633071144,1.0,0.006039089633071144,0.02136415723998729,False
JUN,TEAD1,0.03244032056386525,-1.0,-0.03244032056386525,-0.007539926153331528,False
FOS,TEAD1,0.034270361784081244,-1.0,-0.034270361784081244,-0.012862237220431156,False
KLF4,TEAD1,0.048987848478348396,-1.0,-0.048987848478348396,-0.012858503072877316,False
KLF5,TEAD1,0.004180972491103573,1.0,0.004180972491103573,0.008558085581482492,False
RUNX1,TEAD1,0.025691956218727535,1.0,0.025691956218727535,0.04107550350971858,False
RUNX2,TEAD1,0.0027567090511312338,1.0,0.0027567090511312338,0.023610334453590016,False
FOXO1,TEAD1,0.27018594426851533,1.0,0.27018594426851533,0.15225819794689271,False
FOXO3,TEAD1,0.10608175956139512,1.0,0.10608175956139512,0.09342256251873861,False
HIF1A,TEAD1,0.04470018886513003,1.0,0.04470018886513003,0.06236782985555803,False
YAP1,TEAD1,0.1179558881479665,1.0,0.1179558881479665,0.11234491240840311,False
WWTR1,TEAD1,0.0768313595805764,1.0,0.0768313595805764,0.09406027994518058,False
PPARG,THBS2,0.0013652312805951144,1.0,0.0013652312805951144,0.02659042075359973,True
SMAD3,THBS2,0.2925129817373558,1.0,0.2925129817373558,0.15353117453931078,True
STAT3,THBS2,0.08286134018554002,1.0,0.08286134018554002,0.06154890113282353,True
CEBPA,THBS2,0.000908918697334881,-1.0,-0.000908918697334881,-0.004099943089232388,True
JUN,THBS2,0.06881630498605203,-1.0,-0.06881630498605203,-0.031671009233665226,True
FOS,THBS2,0.06033721237351252,-1.0,-0.06033721237351252,-0.026162023772274067,True
KLF4,THBS2,0.08032919948858584,1.0,0.08032919948858584,0.04582310468559489,True
KLF5,THBS2,0.0067987149144649985,-1.0,-0.0067987149144649985,-0.003901646821997089,True
RUNX1,THBS2,0.07114955897404579,1.0,0.07114955897404579,0.0916634045556088,True
RUNX2,THBS2,0.0006746328711359428,-1.0,-0.0006746328711359428,-0.007266102914966082,True
FOXO1,THBS2,0.05870817007884193,1.0,0.05870817007884193,0.07312939829904597,True
FOXO3,THBS2,0.09818577936764346,-1.0,-0.09818577936764346,-0.004333650112099361,True
HIF1A,THBS2,0.05424402783238512,1.0,0.05424402783238512,0.07841635450416116,True
TEAD1,THBS2,0.04650296274748379,1.0,0.04650296274748379,0.0793201304130907,True
YAP1,THBS2,0.042763286977759336,1.0,0.042763286977759336,0.07366507502065446,True
WWTR1,THBS2,0.033841677487263425,1.0,0.033841677487263425,0.07028498466571965,True
PPARG,THY1,0.0023346474281964956,-1.0,-0.0023346474281964956,-0.02349514238208398,False
SMAD3,THY1,0.03472373678344493,1.0,0.03472373678344493,0.01919654215208341,False
STAT3,THY1,0.07293935087859615,-1.0,-0.07293935087859615,-0.04423156842387762,False
CEBPA,THY1,0.0022935167625543883,-1.0,-0.0022935167625543883,-0.017138467618950597,False
JUN,THY1,0.07244497695159986,-1.0,-0.07244497695159986,-0.032151576280180616,False
FOS,THY1,0.0591371364059632,1.0,0.0591371364059632,0.038511931729271254,False
KLF4,THY1,0.09240292403450774,1.0,0.09240292403450774,0.08989863773043714,False
KLF5,THY1,0.00942978404533258,1.0,0.00942978404533258,0.02629193273005408,False
RUNX1,THY1,0.2141276257701881,1.0,0.2141276257701881,0.14641498438977651,False
RUNX2,THY1,0.0010915589918341448,1.0,0.0010915589918341448,0.0165665647726922,False
FOXO1,THY1,0.041764091425106765,-1.0,-0.041764091425106765,-0.058250108926472303,False
FOXO3,THY1,0.29112685489873075,-1.0,-0.29112685489873075,-0.1471184482782885,False
HIF1A,THY1,0.046696691747341486,1.0,0.046696691747341486,0.08224489031073252,False
TEAD1,THY1,0.016491347266750753,1.0,0.016491347266750753,0.021849242496040262,False
YAP1,THY1,0.01172495827626194,1.0,0.01172495827626194,0.028186938976131174,False
WWTR1,THY1,0.03127079833359088,1.0,0.03127079833359088,0.03821401055751123,False
PPARG,TIMP1,0.0005274224643304889,-1.0,-0.0005274224643304889,-0.02677915102936544,True
SMAD3,TIMP1,0.03253522944645207,1.0,0.03253522944645207,0.017290623068493688,True
STAT3,TIMP1,0.05933583626257587,1.0,0.05933583626257587,0.015938353862447033,True
CEBPA,TIMP1,0.0006860483229447288,-1.0,-0.0006860483229447288,-0.028918558417174303,True
JUN,TIMP1,0.27874483060097816,-1.0,-0.27874483060097816,-0.1390637282655416,True
FOS,TIMP1,0.34889919324315544,-1.0,-0.34889919324315544,-0.15748494820313816,True
KLF4,TIMP1,0.06804843368574935,-1.0,-0.06804843368574935,-0.03217348176459524,True
KLF5,TIMP1,0.0023799132859766013,-1.0,-0.0023799132859766013,-0.0034892685198761606,True
RUNX1,TIMP1,0.0399531281556362,1.0,0.0399531281556362,0.03717407044137813,True
RUNX2,TIMP1,0.0005168052122014569,-1.0,-0.0005168052122014569,-0.012496320997659495,True
FOXO1,TIMP1,0.025292089429355954,-1.0,-0.025292089429355954,-0.08173756862996787,True
FOXO3,TIMP1,0.096424308304626,-1.0,-0.096424308304626,-0.08410787597915283,True
HIF1A,TIMP1,0.016990069744642386,1.0,0.016990069744642386,0.02352306817669349,True
TEAD1,TIMP1,0.007510369575936959,-1.0,-0.007510369575936959,-0.0473338491809103,True
YAP1,TIMP1,0.007303051026966453,-1.0,-0.007303051026966453,-0.013589549619034092,True
WWTR1,TIMP1,0.014853271238471763,1.0,0.014853271238471763,0.0028289464182724507,True
PPARG,TMSB10,5.881587784653595e-05,-1.0,-5.881587784653595e-05,-0.05950777206588114,False
SMAD3,TMSB10,0.019293837283575404,-1.0,-0.019293837283575404,-0.07624384714839101,False
STAT3,TMSB10,0.05191513176429722,-1.0,-0.05191513176429722,-0.1406643720403995,False
CEBPA,TMSB10,0.008448814585623519,-1.0,-0.008448814585623519,-0.06500681408476315,False
JUN,TMSB10,0.18667979911760432,-1.0,-0.18667979911760432,-0.08992680617301411,False
FOS,TMSB10,0.10484103078535464,-1.0,-0.10484103078535464,-0.011292116170995138,False
KLF4,TMSB10,0.2028303816325637,1.0,0.2028303816325637,0.10995390494331901,False
KLF5,TMSB10,0.00423607375309167,-1.0,-0.00423607375309167,-0.01545202685847215,False
RUNX1,TMSB10,0.07677138739277668,1.0,0.07677138739277668,0.07920395350671039,False
RUNX2,TMSB10,0.00016921302175568458,-1.0,-0.00016921302175568458,-0.043643171848910256,False
FOXO1,TMSB10,0.033964270648537576,-1.0,-0.033964270648537576,-0.1985727728409904,False
FOXO3,TMSB10,0.24206827962114577,-1.0,-0.24206827962114577,-0.28110257534352795,False
HIF1A,TMSB10,0.013058788217974486,-1.0,-0.013058788217974486,-0.0051757936983170385,False
TEAD1,TMSB10,0.018745909969301113,-1.0,-0.018745909969301113,-0.12285015623404553,False
YAP1,TMSB10,0.008844143168612532,-1.0,-0.008844143168612532,-0.08856524774247256,False
WWTR1,TMSB10,0.028074123159939148,-1.0,-0.028074123159939148,-0.08438327256875745,False
PPARG,TMSB4X,0.00010799830920641077,-1.0,-0.00010799830920641077,-0.0941282363667176,False
SMAD3,TMSB4X,0.031422150491971015,-1.0,-0.031422150491971015,-0.13327949197083427,False
STAT3,TMSB4X,0.12375777108314603,-1.0,-0.12375777108314603,-0.20002255080797252,False
CEBPA,TMSB4X,0.008881561340489357,-1.0,-0.008881561340489357,-0.09741751468876876,False
JUN,TMSB4X,0.14069393065501545,-1.0,-0.14069393065501545,-0.04391962184022644,False
FOS,TMSB4X,0.08056951551909972,1.0,0.08056951551909972,0.041147811907519954,False
KLF4,TMSB4X,0.1947831517090417,1.0,0.1947831517090417,0.11679334837327678,False
KLF5,TMSB4X,0.0007424861854772467,-1.0,-0.0007424861854772467,-0.018204141695827004,False
RUNX1,TMSB4X,0.04481031993539059,1.0,0.04481031993539059,0.012582760246370115,False
RUNX2,TMSB4X,0.0016926344914140765,-1.0,-0.0016926344914140765,-0.07501036708346397,False
FOXO1,TMSB4X,0.04731808274388095,-1.0,-0.04731808274388095,-0.21537670439652662,False
FOXO3,TMSB4X,0.2635302285987586,-1.0,-0.2635302285987586,-0.29723926086729113,False
HIF1A,TMSB4X,0.011004118317615523,-1.0,-0.011004118317615523,-0.046086297040517775,False
TEAD1,TMSB4X,0.029225229381122667,-1.0,-0.029225229381122667,-0.1482531801520584,False
YAP1,TMSB4X,0.006140695409958173,-1.0,-0.006140695409958173,-0.1203602088476779,False
WWTR1,TMSB4X,0.015320125828412641,-1.0,-0.015320125828412641,-0.11812083100647884,False
PPARG,TNC,0.0012361156108490136,1.0,0.0012361156108490136,0.006329762504702408,True
SMAD3,TNC,0.03370568284513843,-1.0,-0.03370568284513843,-0.0030540414963646837,True
STAT3,TNC,0.03538100371997466,1.0,0.03538100371997466,0.04135731336685462,True
CEBPA,TNC,0.0012374260091367365,-1.0,-0.0012374260091367365,-0.002290219545276204,True
JUN,TNC,0.07083011758194019,-1.0,-0.07083011758194019,-0.05438071106430413,True
FOS,TNC,0.02378215347779132,-1.0,-0.02378215347779132,-0.011967690111079878,True
KLF4,TNC,0.058960883026074176,-1.0,-0.058960883026074176,-0.020528075674138557,True
KLF5,TNC,0.0030764980218016447,1.0,0.0030764980218016447,0.012134765075077684,True
RUNX1,TNC,0.46165018311339845,1.0,0.46165018311339845,0.207037298915492,True
RUNX2,TNC,0.01761716490134162,1.0,0.01761716490134162,0.044177458890114846,True
FOXO1,TNC,0.05446794255507625,-1.0,-0.05446794255507625,-0.015035031045084263,True
FOXO3,TNC,0.04622347483663658,-1.0,-0.04622347483663658,-0.030072600296290806,True
HIF1A,TNC,0.10475765935124852,1.0,0.10475765935124852,0.09327036473008049,True
TEAD1,TNC,0.016648818930085078,1.0,0.016648818930085078,0.007427247397909242,True
YAP1,TNC,0.026179285049968384,1.0,0.026179285049968384,0.03164427972366405,True
WWTR1,TNC,0.044245590969539055,1.0,0.044245590969539055,0.06500961257365123,True
PPARG,TNFAIP6,0.001720542766422751,1.0,0.001720542766422751,0.00020516196164902005,False
SMAD3,TNFAIP6,0.03919370367559334,1.0,0.03919370367559334,0.00194557648857708,False
STAT3,TNFAIP6,0.08905321454552921,1.0,0.08905321454552921,0.024989566937643974,False
CEBPA,TNFAIP6,0.003188091805555837,1.0,0.003188091805555837,0.03170161401939559,False
JUN,TNFAIP6,0.11458868533311523,-1.0,-0.11458868533311523,-0.006734079969324133,False
FOS,TNFAIP6,0.07967281869477978,1.0,0.07967281869477978,0.06869083980658038,False
KLF4,TNFAIP6,0.1429179632972007,1.0,0.1429179632972007,0.11216982458809123,False
KLF5,TNFAIP6,0.002284173172671673,1.0,0.002284173172671673,0.016851258227851204,False
RUNX1,TNFAIP6,0.2948776553429455,1.0,0.2948776553429455,0.17703791798055524,False
RUNX2,TNFAIP6,0.0032543062085099743,1.0,0.0032543062085099743,0.01062874974410319,False
FOXO1,TNFAIP6,0.03718253351531832,-1.0,-0.03718253351531832,-0.013312019485343865,False
FOXO3,TNFAIP6,0.1074715617124676,-1.0,-0.1074715617124676,-0.06896322124207284,False
HIF1A,TNFAIP6,0.03745533118680992,1.0,0.03745533118680992,0.07551159903914949,False
TEAD1,TNFAIP6,0.023298954235599766,1.0,0.023298954235599766,0.0056035209628005084,False
YAP1,TNFAIP6,0.009081794874022012,1.0,0.009081794874022012,0.0011905973419990992,False
WWTR1,TNFAIP6,0.01475866963345833,1.0,0.01475866963345833,0.02916898273786893,False
PPARG,TNFRSF12A,0.000901555705583726,-1.0,-0.000901555705583726,-0.0118252008433451,False
SMAD3,TNFRSF12A,0.033784466980270406,1.0,0.033784466980270406,0.029278766211179072,False
STAT3,TNFRSF12A,0.05675316086711685,1.0,0.05675316086711685,0.05444579393233287,False
CEBPA,TNFRSF12A,0.001212782317000204,-1.0,-0.001212782317000204,-0.0070934706818266725,False
JUN,TNFRSF12A,0.08460756951898724,-1.0,-0.08460756951898724,-0.06141977239432868,False
FOS,TNFRSF12A,0.1134775053948963,-1.0,-0.1134775053948963,-0.013588080073011264,False
KLF4,TNFRSF12A,0.1202248219524481,1.0,0.1202248219524481,0.10702351671322294,False
KLF5,TNFRSF12A,0.003695129883549575,1.0,0.003695129883549575,0.03372678843676817,False
RUNX1,TNFRSF12A,0.32912095568787114,1.0,0.32912095568787114,0.18258805784569454,False
RUNX2,TNFRSF12A,0.0008857672755365692,-1.0,-0.0008857672755365692,-0.00894316943043588,False
FOXO1,TNFRSF12A,0.039595685171480384,-1.0,-0.039595685171480384,-0.03374628971666221,False
FOXO3,TNFRSF12A,0.09433780636358648,-1.0,-0.09433780636358648,-0.07345164863340986,False
HIF1A,TNFRSF12A,0.0467406269446983,1.0,0.0467406269446983,0.08358814345404948,False
TEAD1,TNFRSF12A,0.03206640200071368,-1.0,-0.03206640200071368,-0.02566286228652146,False
YAP1,TNFRSF12A,0.011425690546596281,1.0,0.011425690546596281,0.011956390421157618,False
WWTR1,TNFRSF12A,0.031170073389664796,1.0,0.031170073389664796,0.0385288607102512,False
PPARG,TNXB,0.0028653886578437725,-1.0,-0.0028653886578437725,-0.04247974105562765,False
SMAD3,TNXB,0.09689260734245383,1.0,0.09689260734245383,0.06482052862510565,False
STAT3,TNXB,0.12540680182204386,-1.0,-0.12540680182204386,-0.0905888409621156,False
CEBPA,TNXB,0.009492097716669933,-1.0,-0.009492097716669933,-0.05014022767308803,False
JUN,TNXB,0.053075646923600006,1.0,0.053075646923600006,0.020558349529019044,False
FOS,TNXB,0.03467662345017258,1.0,0.03467662345017258,0.009211963242326811,False
KLF4,TNXB,0.16170251603772393,1.0,0.16170251603772393,0.059652250066632245,False
KLF5,TNXB,0.041453786545299784,-1.0,-0.041453786545299784,-0.056364900801176086,False
RUNX1,TNXB,0.020523666123774726,-1.0,-0.020523666123774726,-0.016662051228655703,False
RUNX2,TNXB,0.0006030384949419863,-1.0,-0.0006030384949419863,-0.035592636750480335,False
FOXO1,TNXB,0.05104126972642695,-1.0,-0.05104126972642695,-0.012763723864768218,False
FOXO3,TNXB,0.3109747170909434,-1.0,-0.3109747170909434,-0.16702749300633526,False
HIF1A,TNXB,0.013876713252814614,-1.0,-0.013876713252814614,-0.007108555505465252,False
TEAD1,TNXB,0.039586143538720066,1.0,0.039586143538720066,0.04713094284169529,False
YAP1,TNXB,0.009300786775477852,1.0,0.009300786775477852,0.012353871873968273,False
WWTR1,TNXB,0.028528196501092753,-1.0,-0.028528196501092753,-0.051110338356121374,False
PPARG,TPM2,0.020305167709808745,1.0,0.020305167709808745,0.03587317170668428,False
SMAD3,TPM2,0.03798616329473733,1.0,0.03798616329473733,0.0012459374449471552,False
STAT3,TPM2,0.03888127748607598,1.0,0.03888127748607598,0.007755264796875988,False
CEBPA,TPM2,0.028173125108790796,1.0,0.028173125108790796,0.05776197401489763,False
JUN,TPM2,0.06135192667185631,1.0,0.06135192667185631,0.02868489137509924,False
FOS,TPM2,0.06555858657791935,1.0,0.06555858657791935,0.07565226293104617,False
KLF4,TPM2,0.09815028407307522,-1.0,-0.09815028407307522,-0.021651315903843223,False
KLF5,TPM2,0.06903588654185447,1.0,0.06903588654185447,0.08625189871244257,False
RUNX1,TPM2,0.18447183268448064,1.0,0.18447183268448064,0.118764975620954,False
RUNX2,TPM2,0.00942845280496652,1.0,0.00942845280496652,0.05149109645963514,False
FOXO1,TPM2,0.061275711305504035,1.0,0.061275711305504035,0.0007077987872324067,False
FOXO3,TPM2,0.13524674662433628,-1.0,-0.13524674662433628,-0.045882051376597864,False
HIF1A,TPM2,0.05427388774431484,1.0,0.05427388774431484,0.06086802967610438,False
TEAD1,TPM2,0.04829090826353804,1.0,0.04829090826353804,0.05728791821285985,False
YAP1,TPM2,0.02576613211512395,1.0,0.02576613211512395,0.04368466994182539,False
WWTR1,TPM2,0.061803910993617595,1.0,0.061803910993617595,0.06486914059707187,False
PPARG,VCAM1,0.01707819854697354,1.0,0.01707819854697354,0.05748556400025776,True
SMAD3,VCAM1,0.03829184690428986,1.0,0.03829184690428986,0.0016861875784492104,True
STAT3,VCAM1,0.10286211304756936,1.0,0.10286211304756936,0.06867028090991109,True
CEBPA,VCAM1,0.025455820797977806,1.0,0.025455820797977806,0.04683889406784199,True
JUN,VCAM1,0.03574445009504685,-1.0,-0.03574445009504685,-0.015365723789209196,True
FOS,VCAM1,0.038135707576983834,-1.0,-0.038135707576983834,-0.00595760872938983,True
KLF4,VCAM1,0.14811996508651154,-1.0,-0.14811996508651154,-0.07386258412745304,True
KLF5,VCAM1,0.01625498888066304,1.0,0.01625498888066304,0.026940129406645964,True
RUNX1,VCAM1,0.057809796931447395,1.0,0.057809796931447395,0.0730914558063946,True
RUNX2,VCAM1,0.01854617223184721,1.0,0.01854617223184721,0.053300876795101766,True
FOXO1,VCAM1,0.07424224394364337,1.0,0.07424224394364337,0.06651453320314935,True
FOXO3,VCAM1,0.1660723219715558,1.0,0.1660723219715558,0.08688766989946188,True
HIF1A,VCAM1,0.045532990057555366,1.0,0.045532990057555366,0.0687967029873335,True
TEAD1,VCAM1,0.0301789465736455,1.0,0.0301789465736455,0.039111091343881986,True
YAP1,VCAM1,0.07888670542755159,1.0,0.07888670542755159,0.0768680796410691,True
WWTR1,VCAM1,0.10678773192673777,1.0,0.10678773192673777,0.08546017108184718,True
PPARG,WWTR1,0.016836762074711183,1.0,0.016836762074711183,0.05165514895510386,False
SMAD3,WWTR1,0.04750976115441096,1.0,0.04750976115441096,0.08500805256824262,False
STAT3,WWTR1,0.12976539104399917,1.0,0.12976539104399917,0.08827651213497892,False
CEBPA,WWTR1,0.003590890286737156,1.0,0.003590890286737156,0.04553233819460182,False
JUN,WWTR1,0.07228826065367788,-1.0,-0.07228826065367788,-0.0447334239428708,False
FOS,WWTR1,0.05662677193784391,-1.0,-0.05662677193784391,-0.03180622619220547,False
KLF4,WWTR1,0.04949859933401195,-1.0,-0.04949859933401195,-0.006076134930781133,False
KLF5,WWTR1,0.0246438315542511,1.0,0.0246438315542511,0.04589378012498205,False
RUNX1,WWTR1,0.11906718759805181,1.0,0.11906718759805181,0.10690371379344454,False
RUNX2,WWTR1,0.0055362466698027435,1.0,0.0055362466698027435,0.04241492029415374,False
FOXO1,WWTR1,0.13287636367325148,1.0,0.13287636367325148,0.10607421073663707,False
FOXO3,WWTR1,0.09876081532512371,1.0,0.09876081532512371,0.08824164388149351,False
HIF1A,WWTR1,0.029838958079658136,1.0,0.029838958079658136,0.06975097439504528,False
TEAD1,WWTR1,0.07096948112508851,1.0,0.07096948112508851,0.09406027994518058,False
YAP1,WWTR1,0.1421906794893803,1.0,0.1421906794893803,0.10722761686135028,False
PPARG,YAP1,0.00720176931316589,1.0,0.00720176931316589,0.03433643629429568,False
SMAD3,YAP1,0.11005177433087623,1.0,0.11005177433087623,0.09702259994379064,False
STAT3,YAP1,0.07228026493422314,1.0,0.07228026493422314,0.06166276948525533,False
CEBPA,YAP1,0.006929364295237803,1.0,0.006929364295237803,0.026577228859503053,False
JUN,YAP1,0.04858912410566162,-1.0,-0.04858912410566162,-0.007709582687827868,False
FOS,YAP1,0.0439497596531264,-1.0,-0.0439497596531264,-0.01769456779520241,False
KLF4,YAP1,0.0546522238450419,1.0,0.0546522238450419,0.0011140251853931037,False
KLF5,YAP1,0.025311107333619364,1.0,0.025311107333619364,0.04278985649079039,False
RUNX1,YAP1,0.028196738741224754,1.0,0.028196738741224754,0.049734622344897304,False
RUNX2,YAP1,0.001849733446217746,1.0,0.001849733446217746,0.02236155416495645,False
FOXO1,YAP1,0.0973362610467934,1.0,0.0973362610467934,0.09211512154496632,False
FOXO3,YAP1,0.10860782788327447,1.0,0.10860782788327447,0.07283931593494664,False
HIF1A,YAP1,0.06124197862200366,1.0,0.06124197862200366,0.07754147480276462,False
TEAD1,YAP1,0.17444593699055613,1.0,0.17444593699055613,0.11234491240840312,False
WWTR1,YAP1,0.1593561354589775,1.0,0.1593561354589775,0.10722761686135028,False
PPARG,ZFP36,0.000810981776242731,1.0,0.000810981776242731,0.010612887822869194,False
SMAD3,ZFP36,0.0065493477573385995,-1.0,-0.0065493477573385995,-0.040357717360240006,False
STAT3,ZFP36,0.056965740796830366,1.0,0.056965740796830366,0.12867634624783858,False
CEBPA,ZFP36,3.3650150520445315e-05,1.0,3.3650150520445315e-05,0.0219782731906311,False
JUN,ZFP36,0.1074125342608728,1.0,0.1074125342608728,0.3080106507415757,False
FOS,ZFP36,0.5536659479539415,1.0,0.5536659479539415,0.40491250926634276,False
KLF4,ZFP36,0.17578718403905239,1.0,0.17578718403905239,0.2812133153306903,False
KLF5,ZFP36,0.003552563972162014,1.0,0.003552563972162014,0.09203810783317781,False
RUNX1,ZFP36,0.022678386196993812,1.0,0.022678386196993812,0.06314317947001673,False
RUNX2,ZFP36,5.112824594390934e-05,-1.0,-5.112824594390934e-05,-0.001060578488815434,False
FOXO1,ZFP36,0.011158194181722383,-1.0,-0.011158194181722383,-0.06867070168729059,False
FOXO3,ZFP36,0.02904177827086728,-1.0,-0.02904177827086728,-0.015998482879033656,False
HIF1A,ZFP36,0.003945429322030703,-1.0,-0.003945429322030703,-0.009123913954548573,False
TEAD1,ZFP36,0.018859594766068754,-1.0,-0.018859594766068754,-0.10326774560657113,False
YAP1,ZFP36,0.004613554452599065,-1.0,-0.004613554452599065,-0.017117187382142452,False
WWTR1,ZFP36,0.004873983856813186,-1.0,-0.004873983856813186,-0.025999296850260367,False
